MSSV,MaHocPhan,HocPhan,TinChi,NhomHoc,Khoa,GPA_TichLuy,TinChiTichLuy,DiemQuaTrinh,ChuyenCan,TruyCapLMS,TyLeNopDungHan,DiemRenLuyen,GioTuHoc,DiemCuoiKy,NguyCo
SV20210001,IT4010,Học máy & Khai phá dữ liệu,3,Nhóm 01,Kỹ thuật dữ liệu,1.7,69,6.7,68.3,8,84.2,70,4.3,6.4,0
SV20210001,IT4020,Hệ quản trị CSDL nâng cao,3,Nhóm 01,Kỹ thuật dữ liệu,1.7,69,5.4,80.5,1,73.3,62,10.0,6.9,0
SV20210001,IT4030,Phát triển ứng dụng Web,4,Nhóm 01,Kỹ thuật dữ liệu,1.7,69,5.5,60.0,6,62.9,69,8.0,6.7,0
SV20210001,MA2010,Xác suất thống kê ứng dụng,3,Nhóm 01,Kỹ thuật dữ liệu,1.7,69,6.4,82.1,10,75.0,66,4.9,6.0,0
SV20210002,IT4010,Học máy & Khai phá dữ liệu,3,Nhóm 02,Kinh tế số,3.0,74,8.4,78.6,14,92.1,86,3.4,4.4,1
SV20210002,IT4020,Hệ quản trị CSDL nâng cao,3,Nhóm 02,Kinh tế số,3.0,74,8.0,86.3,2,100.0,71,11.3,8.2,0
SV20210002,IT4030,Phát triển ứng dụng Web,4,Nhóm 02,Kinh tế số,3.0,74,7.8,92.0,19,87.0,69,5.2,7.3,0
SV20210002,MA2010,Xác suất thống kê ứng dụng,3,Nhóm 02,Kinh tế số,3.0,74,7.6,90.0,11,88.8,90,4.2,7.7,0
SV20210003,IT4010,Học máy & Khai phá dữ liệu,3,Nhóm 03,Kinh tế số,2.4,71,6.6,75.8,15,76.9,81,7.5,7.7,0
SV20210003,IT4020,Hệ quản trị CSDL nâng cao,3,Nhóm 03,Kinh tế số,2.4,71,7.8,95.5,11,89.4,57,6.7,8.7,0
SV20210003,IT4030,Phát triển ứng dụng Web,4,Nhóm 03,Kinh tế số,2.4,71,4.9,75.1,10,92.8,66,6.8,6.3,0
SV20210003,MA2010,Xác suất thống kê ứng dụng,3,Nhóm 03,Kinh tế số,2.4,71,4.4,64.4,2,77.4,67,5.6,3.5,1
SV20210004,IT4010,Học máy & Khai phá dữ liệu,3,Nhóm 04,Kỹ thuật dữ liệu,2.3,56,5.1,82.7,6,96.7,70,5.4,4.3,1
SV20210004,IT4020,Hệ quản trị CSDL nâng cao,3,Nhóm 04,Kỹ thuật dữ liệu,2.3,56,6.9,85.0,4,87.2,54,4.6,6.0,0
SV20210004,IT4030,Phát triển ứng dụng Web,4,Nhóm 04,Kỹ thuật dữ liệu,2.3,56,7.6,72.1,11,95.5,72,7.6,6.6,0
SV20210004,MA2010,Xác suất thống kê ứng dụng,3,Nhóm 04,Kỹ thuật dữ liệu,2.3,56,4.3,78.0,13,65.6,59,3.8,4.3,1
SV20210005,IT4010,Học máy & Khai phá dữ liệu,3,Nhóm 01,Công nghệ thông tin,1.7,46,3.7,77.8,3,52.9,62,1.3,5.2,0
SV20210005,IT4020,Hệ quản trị CSDL nâng cao,3,Nhóm 01,Công nghệ thông tin,1.7,46,4.9,51.3,7,59.5,64,4.0,3.7,1
SV20210005,IT4030,Phát triển ứng dụng Web,4,Nhóm 01,Công nghệ thông tin,1.7,46,5.6,73.7,1,49.4,53,3.9,5.9,0
SV20210005,MA2010,Xác suất thống kê ứng dụng,3,Nhóm 01,Công nghệ thông tin,1.7,46,5.2,70.1,1,76.4,53,0.4,3.6,1
SV20210006,IT4010,Học máy & Khai phá dữ liệu,3,Nhóm 02,Kinh tế số,2.9,76,7.6,86.1,17,78.0,81,5.9,7.4,0
SV20210006,IT4020,Hệ quản trị CSDL nâng cao,3,Nhóm 02,Kinh tế số,2.9,76,8.8,83.3,13,86.5,78,8.4,5.9,0
SV20210006,IT4030,Phát triển ứng dụng Web,4,Nhóm 02,Kinh tế số,2.9,76,7.2,78.6,13,100.0,83,10.6,7.1,0
SV20210006,MA2010,Xác suất thống kê ứng dụng,3,Nhóm 02,Kinh tế số,2.9,76,9.0,100.0,19,88.0,80,7.9,8.7,0
SV20210007,IT4010,Học máy & Khai phá dữ liệu,3,Nhóm 03,Kỹ thuật dữ liệu,2.9,88,7.7,84.3,13,84.3,62,8.8,5.3,0
SV20210007,IT4020,Hệ quản trị CSDL nâng cao,3,Nhóm 03,Kỹ thuật dữ liệu,2.9,88,8.0,77.3,8,75.3,76,9.9,6.6,0
SV20210007,IT4030,Phát triển ứng dụng Web,4,Nhóm 03,Kỹ thuật dữ liệu,2.9,88,9.3,100.0,11,84.2,73,7.4,6.9,0
SV20210007,MA2010,Xác suất thống kê ứng dụng,3,Nhóm 03,Kỹ thuật dữ liệu,2.9,88,8.0,82.0,22,78.5,82,7.5,6.8,0
SV20210008,IT4010,Học máy & Khai phá dữ liệu,3,Nhóm 04,Công nghệ thông tin,3.0,117,7.8,81.3,17,100.0,77,4.7,5.1,0
SV20210008,IT4020,Hệ quản trị CSDL nâng cao,3,Nhóm 04,Công nghệ thông tin,3.0,117,7.7,82.6,8,92.7,77,3.2,7.1,0
SV20210008,IT4030,Phát triển ứng dụng Web,4,Nhóm 04,Công nghệ thông tin,3.0,117,7.6,65.5,14,62.8,70,6.6,6.8,0
SV20210008,MA2010,Xác suất thống kê ứng dụng,3,Nhóm 04,Công nghệ thông tin,3.0,117,7.7,95.8,14,86.1,80,4.8,6.4,0
SV20210009,IT4010,Học máy & Khai phá dữ liệu,3,Nhóm 01,Kỹ thuật dữ liệu,2.2,79,7.5,84.9,8,56.0,64,8.2,7.8,0
SV20210009,IT4020,Hệ quản trị CSDL nâng cao,3,Nhóm 01,Kỹ thuật dữ liệu,2.2,79,7.8,85.6,10,83.4,82,4.1,7.0,0
SV20210009,IT4030,Phát triển ứng dụng Web,4,Nhóm 01,Kỹ thuật dữ liệu,2.2,79,6.2,70.5,10,86.7,72,4.7,4.9,1
SV20210009,MA2010,Xác suất thống kê ứng dụng,3,Nhóm 01,Kỹ thuật dữ liệu,2.2,79,7.4,76.7,6,92.5,73,2.9,6.5,0
SV20210010,IT4010,Học máy & Khai phá dữ liệu,3,Nhóm 02,Kỹ thuật dữ liệu,3.2,107,8.7,95.9,16,93.7,76,8.4,6.2,0
SV20210010,IT4020,Hệ quản trị CSDL nâng cao,3,Nhóm 02,Kỹ thuật dữ liệu,3.2,107,7.1,79.3,7,81.1,85,8.2,6.3,0
SV20210010,IT4030,Phát triển ứng dụng Web,4,Nhóm 02,Kỹ thuật dữ liệu,3.2,107,8.6,88.0,11,80.5,78,8.7,8.7,0
SV20210010,MA2010,Xác suất thống kê ứng dụng,3,Nhóm 02,Kỹ thuật dữ liệu,3.2,107,8.5,100.0,16,98.3,74,10.7,8.2,0
SV20210011,IT4010,Học máy & Khai phá dữ liệu,3,Nhóm 03,Công nghệ thông tin,2.2,55,7.5,90.4,6,69.0,72,3.5,5.5,0
SV20210011,IT4020,Hệ quản trị CSDL nâng cao,3,Nhóm 03,Công nghệ thông tin,2.2,55,7.4,79.0,5,80.3,76,4.2,7.7,0
SV20210011,IT4030,Phát triển ứng dụng Web,4,Nhóm 03,Công nghệ thông tin,2.2,55,7.4,76.1,9,71.0,84,8.5,8.8,0
SV20210011,MA2010,Xác suất thống kê ứng dụng,3,Nhóm 03,Công nghệ thông tin,2.2,55,6.5,79.6,7,90.2,55,3.9,3.7,1
SV20210012,IT4010,Học máy & Khai phá dữ liệu,3,Nhóm 04,Công nghệ thông tin,2.6,65,5.1,81.4,8,89.9,71,7.7,4.2,1
SV20210012,IT4020,Hệ quản trị CSDL nâng cao,3,Nhóm 04,Công nghệ thông tin,2.6,65,7.8,79.9,22,69.2,90,6.9,6.0,0
SV20210012,IT4030,Phát triển ứng dụng Web,4,Nhóm 04,Công nghệ thông tin,2.6,65,8.0,85.7,10,77.2,70,6.1,7.9,0
SV20210012,MA2010,Xác suất thống kê ứng dụng,3,Nhóm 04,Công nghệ thông tin,2.6,65,7.3,73.2,11,81.4,59,8.7,7.2,0
SV20210013,IT4010,Học máy & Khai phá dữ liệu,3,Nhóm 01,Kinh tế số,2.5,77,7.6,77.7,13,76.0,82,3.5,6.4,0
SV20210013,IT4020,Hệ quản trị CSDL nâng cao,3,Nhóm 01,Kinh tế số,2.5,77,8.7,88.6,13,82.2,79,6.7,6.8,0
SV20210013,IT4030,Phát triển ứng dụng Web,4,Nhóm 01,Kinh tế số,2.5,77,8.7,81.2,13,91.9,65,3.6,7.0,0
SV20210013,MA2010,Xác suất thống kê ứng dụng,3,Nhóm 01,Kinh tế số,2.5,77,6.6,76.3,9,74.7,65,7.5,6.2,0
SV20210014,IT4010,Học máy & Khai phá dữ liệu,3,Nhóm 02,Công nghệ thông tin,2.7,84,7.5,84.5,14,87.3,72,9.1,5.4,0
SV20210014,IT4020,Hệ quản trị CSDL nâng cao,3,Nhóm 02,Công nghệ thông tin,2.7,84,6.4,86.3,11,91.3,76,7.9,5.6,0
SV20210014,IT4030,Phát triển ứng dụng Web,4,Nhóm 02,Công nghệ thông tin,2.7,84,8.1,88.8,9,95.8,65,7.7,7.1,0
SV20210014,MA2010,Xác suất thống kê ứng dụng,3,Nhóm 02,Công nghệ thông tin,2.7,84,7.2,89.3,11,83.7,88,10.0,6.8,0
SV20210015,IT4010,Học máy & Khai phá dữ liệu,3,Nhóm 03,Kỹ thuật dữ liệu,2.8,68,7.9,90.4,11,74.1,70,9.8,8.5,0
SV20210015,IT4020,Hệ quản trị CSDL nâng cao,3,Nhóm 03,Kỹ thuật dữ liệu,2.8,68,7.4,82.4,6,96.2,79,7.5,6.9,0
SV20210015,IT4030,Phát triển ứng dụng Web,4,Nhóm 03,Kỹ thuật dữ liệu,2.8,68,8.1,87.8,4,100.0,82,5.4,5.8,0
SV20210015,MA2010,Xác suất thống kê ứng dụng,3,Nhóm 03,Kỹ thuật dữ liệu,2.8,68,7.2,83.5,12,95.2,75,6.2,6.5,0
SV20210016,IT4010,Học máy & Khai phá dữ liệu,3,Nhóm 04,Kinh tế số,2.9,88,7.8,100.0,7,96.1,66,12.8,7.8,0
SV20210016,IT4020,Hệ quản trị CSDL nâng cao,3,Nhóm 04,Kinh tế số,2.9,88,7.8,87.7,14,75.9,90,6.8,8.7,0
SV20210016,IT4030,Phát triển ứng dụng Web,4,Nhóm 04,Kinh tế số,2.9,88,10.0,78.5,17,100.0,81,6.2,9.9,0
SV20210016,MA2010,Xác suất thống kê ứng dụng,3,Nhóm 04,Kinh tế số,2.9,88,7.6,81.8,12,95.9,82,6.0,8.0,0
SV20210017,IT4010,Học máy & Khai phá dữ liệu,3,Nhóm 01,Công nghệ thông tin,2.8,87,7.6,92.8,9,86.9,85,8.9,7.6,0
SV20210017,IT4020,Hệ quản trị CSDL nâng cao,3,Nhóm 01,Công nghệ thông tin,2.8,87,7.6,93.9,11,100.0,87,6.0,5.8,0
SV20210017,IT4030,Phát triển ứng dụng Web,4,Nhóm 01,Công nghệ thông tin,2.8,87,7.5,88.8,13,88.1,78,7.8,9.7,0
SV20210017,MA2010,Xác suất thống kê ứng dụng,3,Nhóm 01,Công nghệ thông tin,2.8,87,7.7,81.3,13,74.4,84,6.5,7.7,0
SV20210018,IT4010,Học máy & Khai phá dữ liệu,3,Nhóm 02,Kinh tế số,3.3,104,9.5,100.0,12,99.4,69,10.7,7.7,0
SV20210018,IT4020,Hệ quản trị CSDL nâng cao,3,Nhóm 02,Kinh tế số,3.3,104,8.8,92.2,16,94.4,78,7.8,7.2,0
SV20210018,IT4030,Phát triển ứng dụng Web,4,Nhóm 02,Kinh tế số,3.3,104,8.1,91.0,16,82.8,77,4.0,5.1,0
SV20210018,MA2010,Xác suất thống kê ứng dụng,3,Nhóm 02,Kinh tế số,3.3,104,8.7,93.3,18,82.7,76,4.0,6.6,0
SV20210019,IT4010,Học máy & Khai phá dữ liệu,3,Nhóm 03,Công nghệ thông tin,2.9,86,8.2,93.8,12,72.8,86,8.4,6.5,0
SV20210019,IT4020,Hệ quản trị CSDL nâng cao,3,Nhóm 03,Công nghệ thông tin,2.9,86,7.0,79.0,12,92.3,65,11.1,7.2,0
SV20210019,IT4030,Phát triển ứng dụng Web,4,Nhóm 03,Công nghệ thông tin,2.9,86,7.0,87.8,18,79.6,70,6.2,8.5,0
SV20210019,MA2010,Xác suất thống kê ứng dụng,3,Nhóm 03,Công nghệ thông tin,2.9,86,7.3,94.4,11,80.8,88,9.3,7.7,0
SV20210020,IT4010,Học máy & Khai phá dữ liệu,3,Nhóm 04,Kinh tế số,2.7,94,8.4,87.5,5,77.4,76,4.1,6.3,0
SV20210020,IT4020,Hệ quản trị CSDL nâng cao,3,Nhóm 04,Kinh tế số,2.7,94,7.3,75.7,9,74.0,68,10.0,7.4,0
SV20210020,IT4030,Phát triển ứng dụng Web,4,Nhóm 04,Kinh tế số,2.7,94,8.7,77.5,8,71.5,72,7.9,6.3,0
SV20210020,MA2010,Xác suất thống kê ứng dụng,3,Nhóm 04,Kinh tế số,2.7,94,7.9,63.1,14,77.4,78,7.7,6.6,0
SV20210021,IT4010,Học máy & Khai phá dữ liệu,3,Nhóm 01,Công nghệ thông tin,2.3,49,7.3,77.8,14,87.4,86,5.3,7.5,0
SV20210021,IT4020,Hệ quản trị CSDL nâng cao,3,Nhóm 01,Công nghệ thông tin,2.3,49,6.9,90.5,7,83.0,74,4.8,5.4,0
SV20210021,IT4030,Phát triển ứng dụng Web,4,Nhóm 01,Công nghệ thông tin,2.3,49,7.6,73.1,10,78.6,80,6.8,7.3,0
SV20210021,MA2010,Xác suất thống kê ứng dụng,3,Nhóm 01,Công nghệ thông tin,2.3,49,8.3,75.0,12,100.0,65,6.3,8.7,0
SV20210022,IT4010,Học máy & Khai phá dữ liệu,3,Nhóm 02,Công nghệ thông tin,2.5,91,5.9,86.3,10,70.0,78,8.1,6.8,0
SV20210022,IT4020,Hệ quản trị CSDL nâng cao,3,Nhóm 02,Công nghệ thông tin,2.5,91,6.4,80.4,13,90.8,65,8.3,6.5,0
SV20210022,IT4030,Phát triển ứng dụng Web,4,Nhóm 02,Công nghệ thông tin,2.5,91,8.4,80.7,12,81.1,64,4.8,6.2,0
SV20210022,MA2010,Xác suất thống kê ứng dụng,3,Nhóm 02,Công nghệ thông tin,2.5,91,6.2,67.3,7,80.8,90,3.9,6.0,0
SV20210023,IT4010,Học máy & Khai phá dữ liệu,3,Nhóm 03,Công nghệ thông tin,2.8,80,8.4,91.5,9,75.9,71,6.7,7.5,0
SV20210023,IT4020,Hệ quản trị CSDL nâng cao,3,Nhóm 03,Công nghệ thông tin,2.8,80,8.8,89.8,20,100.0,77,7.6,6.2,0
SV20210023,IT4030,Phát triển ứng dụng Web,4,Nhóm 03,Công nghệ thông tin,2.8,80,7.6,90.6,20,89.3,68,4.3,7.1,0
SV20210023,MA2010,Xác suất thống kê ứng dụng,3,Nhóm 03,Công nghệ thông tin,2.8,80,6.6,79.9,10,79.0,73,8.3,5.1,0
SV20210024,IT4010,Học máy & Khai phá dữ liệu,3,Nhóm 04,Công nghệ thông tin,2.9,79,8.1,89.2,13,85.3,81,8.8,7.0,0
SV20210024,IT4020,Hệ quản trị CSDL nâng cao,3,Nhóm 04,Công nghệ thông tin,2.9,79,7.4,82.3,14,83.2,85,7.4,5.3,0
SV20210024,IT4030,Phát triển ứng dụng Web,4,Nhóm 04,Công nghệ thông tin,2.9,79,8.9,78.1,12,88.0,81,7.1,6.5,0
SV20210024,MA2010,Xác suất thống kê ứng dụng,3,Nhóm 04,Công nghệ thông tin,2.9,79,8.9,88.6,18,100.0,94,10.4,7.9,0
SV20210025,IT4010,Học máy & Khai phá dữ liệu,3,Nhóm 01,Công nghệ thông tin,2.5,91,5.8,89.9,10,79.2,81,10.3,7.1,0
SV20210025,IT4020,Hệ quản trị CSDL nâng cao,3,Nhóm 01,Công nghệ thông tin,2.5,91,7.7,84.7,11,82.2,71,8.7,7.7,0
SV20210025,IT4030,Phát triển ứng dụng Web,4,Nhóm 01,Công nghệ thông tin,2.5,91,8.3,83.3,15,68.8,85,4.0,7.2,0
SV20210025,MA2010,Xác suất thống kê ứng dụng,3,Nhóm 01,Công nghệ thông tin,2.5,91,7.4,88.4,16,80.6,66,5.7,6.2,0
SV20210026,IT4010,Học máy & Khai phá dữ liệu,3,Nhóm 02,Công nghệ thông tin,2.6,96,6.9,92.6,11,79.7,79,7.3,5.6,0
SV20210026,IT4020,Hệ quản trị CSDL nâng cao,3,Nhóm 02,Công nghệ thông tin,2.6,96,7.1,80.2,12,75.3,80,8.1,6.1,0
SV20210026,IT4030,Phát triển ứng dụng Web,4,Nhóm 02,Công nghệ thông tin,2.6,96,8.5,93.0,14,73.1,76,6.4,8.7,0
SV20210026,MA2010,Xác suất thống kê ứng dụng,3,Nhóm 02,Công nghệ thông tin,2.6,96,7.4,69.7,19,60.8,69,10.7,8.6,0
SV20210027,IT4010,Học máy & Khai phá dữ liệu,3,Nhóm 03,Kỹ thuật dữ liệu,2.4,71,8.5,87.0,8,90.2,68,7.7,6.0,0
SV20210027,IT4020,Hệ quản trị CSDL nâng cao,3,Nhóm 03,Kỹ thuật dữ liệu,2.4,71,7.0,80.5,7,83.8,64,7.7,5.7,0
SV20210027,IT4030,Phát triển ứng dụng Web,4,Nhóm 03,Kỹ thuật dữ liệu,2.4,71,7.4,80.7,11,60.0,68,3.8,6.8,0
SV20210027,MA2010,Xác suất thống kê ứng dụng,3,Nhóm 03,Kỹ thuật dữ liệu,2.4,71,7.6,96.7,9,68.3,82,5.5,8.2,0
SV20210028,IT4010,Học máy & Khai phá dữ liệu,3,Nhóm 04,Kinh tế số,2.9,74,6.7,69.6,8,100.0,71,6.1,6.9,0
SV20210028,IT4020,Hệ quản trị CSDL nâng cao,3,Nhóm 04,Kinh tế số,2.9,74,7.6,74.1,7,95.5,61,7.1,7.8,0
SV20210028,IT4030,Phát triển ứng dụng Web,4,Nhóm 04,Kinh tế số,2.9,74,7.3,78.4,8,82.6,86,8.5,7.0,0
SV20210028,MA2010,Xác suất thống kê ứng dụng,3,Nhóm 04,Kinh tế số,2.9,74,7.7,74.3,5,100.0,70,7.5,8.0,0
SV20210029,IT4010,Học máy & Khai phá dữ liệu,3,Nhóm 01,Kinh tế số,1.9,33,5.4,64.4,3,55.3,52,4.7,6.0,0
SV20210029,IT4020,Hệ quản trị CSDL nâng cao,3,Nhóm 01,Kinh tế số,1.9,33,6.6,58.1,7,64.1,69,0.2,4.5,1
SV20210029,IT4030,Phát triển ứng dụng Web,4,Nhóm 01,Kinh tế số,1.9,33,6.9,91.6,9,87.5,75,5.1,6.0,0
SV20210029,MA2010,Xác suất thống kê ứng dụng,3,Nhóm 01,Kinh tế số,1.9,33,5.6,81.1,1,64.7,68,3.8,4.9,1
SV20210030,IT4010,Học máy & Khai phá dữ liệu,3,Nhóm 02,Công nghệ thông tin,3.1,100,9.1,98.7,12,97.4,82,6.8,8.6,0
SV20210030,IT4020,Hệ quản trị CSDL nâng cao,3,Nhóm 02,Công nghệ thông tin,3.1,100,7.5,94.7,22,100.0,83,6.5,6.2,0
SV20210030,IT4030,Phát triển ứng dụng Web,4,Nhóm 02,Công nghệ thông tin,3.1,100,8.3,78.0,10,84.3,74,8.7,7.1,0
SV20210030,MA2010,Xác suất thống kê ứng dụng,3,Nhóm 02,Công nghệ thông tin,3.1,100,6.8,100.0,18,77.8,79,6.1,6.5,0
SV20210031,IT4010,Học máy & Khai phá dữ liệu,3,Nhóm 03,Kinh tế số,2.9,79,7.5,83.7,10,81.8,77,7.3,5.4,0
SV20210031,IT4020,Hệ quản trị CSDL nâng cao,3,Nhóm 03,Kinh tế số,2.9,79,6.9,84.8,10,83.7,90,6.4,6.8,0
SV20210031,IT4030,Phát triển ứng dụng Web,4,Nhóm 03,Kinh tế số,2.9,79,8.0,92.8,13,87.2,84,6.8,8.8,0
SV20210031,MA2010,Xác suất thống kê ứng dụng,3,Nhóm 03,Kinh tế số,2.9,79,6.9,69.2,8,84.3,72,4.2,6.6,0
SV20210032,IT4010,Học máy & Khai phá dữ liệu,3,Nhóm 04,Kinh tế số,3.2,101,9.3,88.4,10,72.3,76,6.9,7.1,0
SV20210032,IT4020,Hệ quản trị CSDL nâng cao,3,Nhóm 04,Kinh tế số,3.2,101,8.2,86.7,13,91.2,81,8.7,7.7,0
SV20210032,IT4030,Phát triển ứng dụng Web,4,Nhóm 04,Kinh tế số,3.2,101,10.0,97.3,14,81.2,81,7.0,7.0,0
SV20210032,MA2010,Xác suất thống kê ứng dụng,3,Nhóm 04,Kinh tế số,3.2,101,8.9,100.0,17,87.8,91,11.1,10.0,0
SV20210033,IT4010,Học máy & Khai phá dữ liệu,3,Nhóm 01,Kinh tế số,2.8,92,7.6,82.0,8,91.9,81,7.6,8.2,0
SV20210033,IT4020,Hệ quản trị CSDL nâng cao,3,Nhóm 01,Kinh tế số,2.8,92,5.6,87.4,12,100.0,56,4.3,5.2,0
SV20210033,IT4030,Phát triển ứng dụng Web,4,Nhóm 01,Kinh tế số,2.8,92,7.4,65.8,10,100.0,85,5.9,6.7,0
SV20210033,MA2010,Xác suất thống kê ứng dụng,3,Nhóm 01,Kinh tế số,2.8,92,8.5,93.8,12,93.1,86,5.4,8.1,0
SV20210034,IT4010,Học máy & Khai phá dữ liệu,3,Nhóm 02,Kinh tế số,2.8,80,7.0,88.1,8,72.7,73,5.2,6.7,0
SV20210034,IT4020,Hệ quản trị CSDL nâng cao,3,Nhóm 02,Kinh tế số,2.8,80,7.4,91.1,12,71.4,75,8.4,6.7,0
SV20210034,IT4030,Phát triển ứng dụng Web,4,Nhóm 02,Kinh tế số,2.8,80,8.8,80.2,14,78.6,70,7.4,6.5,0
SV20210034,MA2010,Xác suất thống kê ứng dụng,3,Nhóm 02,Kinh tế số,2.8,80,7.1,86.1,15,74.4,69,7.1,5.2,0
SV20210035,IT4010,Học máy & Khai phá dữ liệu,3,Nhóm 03,Công nghệ thông tin,2.6,59,6.7,74.6,13,82.9,63,7.1,6.5,0
SV20210035,IT4020,Hệ quản trị CSDL nâng cao,3,Nhóm 03,Công nghệ thông tin,2.6,59,6.9,80.6,7,93.5,78,9.3,5.8,0
SV20210035,IT4030,Phát triển ứng dụng Web,4,Nhóm 03,Công nghệ thông tin,2.6,59,8.7,91.1,11,82.2,79,4.7,9.8,0
SV20210035,MA2010,Xác suất thống kê ứng dụng,3,Nhóm 03,Công nghệ thông tin,2.6,59,8.3,77.7,5,71.4,80,4.6,6.6,0
SV20210036,IT4010,Học máy & Khai phá dữ liệu,3,Nhóm 04,Công nghệ thông tin,2.9,85,7.3,90.5,8,100.0,62,9.1,8.3,0
SV20210036,IT4020,Hệ quản trị CSDL nâng cao,3,Nhóm 04,Công nghệ thông tin,2.9,85,6.2,100.0,8,79.7,74,3.9,6.6,0
SV20210036,IT4030,Phát triển ứng dụng Web,4,Nhóm 04,Công nghệ thông tin,2.9,85,7.5,74.9,11,88.7,70,6.3,6.5,0
SV20210036,MA2010,Xác suất thống kê ứng dụng,3,Nhóm 04,Công nghệ thông tin,2.9,85,6.5,77.3,12,89.7,79,5.3,5.0,0
SV20210037,IT4010,Học máy & Khai phá dữ liệu,3,Nhóm 01,Công nghệ thông tin,2.8,79,6.4,76.9,8,84.8,84,6.6,4.4,1
SV20210037,IT4020,Hệ quản trị CSDL nâng cao,3,Nhóm 01,Công nghệ thông tin,2.8,79,7.4,77.1,13,59.2,83,6.7,5.7,0
SV20210037,IT4030,Phát triển ứng dụng Web,4,Nhóm 01,Công nghệ thông tin,2.8,79,8.7,79.3,10,71.4,82,5.5,9.2,0
SV20210037,MA2010,Xác suất thống kê ứng dụng,3,Nhóm 01,Công nghệ thông tin,2.8,79,6.5,72.2,9,78.8,75,4.6,5.5,0
SV20210038,IT4010,Học máy & Khai phá dữ liệu,3,Nhóm 02,Kinh tế số,3.0,82,7.6,100.0,12,89.2,83,7.9,5.7,0
SV20210038,IT4020,Hệ quản trị CSDL nâng cao,3,Nhóm 02,Kinh tế số,3.0,82,8.9,93.8,20,76.1,94,6.9,6.9,0
SV20210038,IT4030,Phát triển ứng dụng Web,4,Nhóm 02,Kinh tế số,3.0,82,8.5,87.0,8,83.3,86,9.3,7.3,0
SV20210038,MA2010,Xác suất thống kê ứng dụng,3,Nhóm 02,Kinh tế số,3.0,82,9.2,78.1,15,93.8,84,7.4,6.6,0
SV20210039,IT4010,Học máy & Khai phá dữ liệu,3,Nhóm 03,Công nghệ thông tin,2.6,80,7.3,96.9,16,90.4,62,5.8,6.9,0
SV20210039,IT4020,Hệ quản trị CSDL nâng cao,3,Nhóm 03,Công nghệ thông tin,2.6,80,7.6,85.2,10,78.6,61,5.6,6.3,0
SV20210039,IT4030,Phát triển ứng dụng Web,4,Nhóm 03,Công nghệ thông tin,2.6,80,8.4,94.2,10,77.8,70,4.0,6.1,0
SV20210039,MA2010,Xác suất thống kê ứng dụng,3,Nhóm 03,Công nghệ thông tin,2.6,80,8.4,98.1,8,78.8,70,7.4,8.2,0
SV20210040,IT4010,Học máy & Khai phá dữ liệu,3,Nhóm 04,Công nghệ thông tin,3.4,91,7.9,93.2,16,65.7,79,8.2,5.9,0
SV20210040,IT4020,Hệ quản trị CSDL nâng cao,3,Nhóm 04,Công nghệ thông tin,3.4,91,7.8,80.3,15,91.2,84,7.6,6.6,0
SV20210040,IT4030,Phát triển ứng dụng Web,4,Nhóm 04,Công nghệ thông tin,3.4,91,10.0,98.0,14,100.0,65,7.5,8.1,0
SV20210040,MA2010,Xác suất thống kê ứng dụng,3,Nhóm 04,Công nghệ thông tin,3.4,91,6.9,76.3,10,84.0,81,8.8,5.7,0
SV20210041,IT4010,Học máy & Khai phá dữ liệu,3,Nhóm 01,Kỹ thuật dữ liệu,2.9,101,6.5,91.2,10,79.5,71,7.2,5.7,0
SV20210041,IT4020,Hệ quản trị CSDL nâng cao,3,Nhóm 01,Kỹ thuật dữ liệu,2.9,101,8.7,83.6,13,88.0,75,9.1,7.5,0
SV20210041,IT4030,Phát triển ứng dụng Web,4,Nhóm 01,Kỹ thuật dữ liệu,2.9,101,8.2,88.9,9,91.6,80,10.9,8.1,0
SV20210041,MA2010,Xác suất thống kê ứng dụng,3,Nhóm 01,Kỹ thuật dữ liệu,2.9,101,6.1,85.1,9,88.9,78,11.3,8.5,0
SV20210042,IT4010,Học máy & Khai phá dữ liệu,3,Nhóm 02,Công nghệ thông tin,2.0,40,6.2,83.9,11,78.2,69,4.0,5.7,0
SV20210042,IT4020,Hệ quản trị CSDL nâng cao,3,Nhóm 02,Công nghệ thông tin,2.0,40,6.2,87.6,7,84.6,71,3.6,4.8,1
SV20210042,IT4030,Phát triển ứng dụng Web,4,Nhóm 02,Công nghệ thông tin,2.0,40,7.7,64.2,7,79.8,66,1.6,5.2,0
SV20210042,MA2010,Xác suất thống kê ứng dụng,3,Nhóm 02,Công nghệ thông tin,2.0,40,5.8,62.2,3,68.0,72,7.5,5.4,0
SV20210043,IT4010,Học máy & Khai phá dữ liệu,3,Nhóm 03,Kinh tế số,2.5,73,7.1,97.5,3,89.2,83,7.8,7.9,0
SV20210043,IT4020,Hệ quản trị CSDL nâng cao,3,Nhóm 03,Kinh tế số,2.5,73,6.7,92.5,10,79.6,79,5.8,6.6,0
SV20210043,IT4030,Phát triển ứng dụng Web,4,Nhóm 03,Kinh tế số,2.5,73,7.8,86.5,7,78.6,78,4.0,6.6,0
SV20210043,MA2010,Xác suất thống kê ứng dụng,3,Nhóm 03,Kinh tế số,2.5,73,7.6,80.8,16,91.2,74,5.4,7.3,0
SV20210044,IT4010,Học máy & Khai phá dữ liệu,3,Nhóm 04,Kỹ thuật dữ liệu,2.2,72,7.8,87.7,11,78.4,66,4.3,6.0,0
SV20210044,IT4020,Hệ quản trị CSDL nâng cao,3,Nhóm 04,Kỹ thuật dữ liệu,2.2,72,4.5,69.8,4,66.5,63,4.4,4.1,1
SV20210044,IT4030,Phát triển ứng dụng Web,4,Nhóm 04,Kỹ thuật dữ liệu,2.2,72,6.6,74.7,1,78.4,68,6.3,6.1,0
SV20210044,MA2010,Xác suất thống kê ứng dụng,3,Nhóm 04,Kỹ thuật dữ liệu,2.2,72,6.0,71.5,9,85.5,66,3.6,3.6,1
SV20210045,IT4010,Học máy & Khai phá dữ liệu,3,Nhóm 01,Kỹ thuật dữ liệu,3.2,121,8.3,94.8,18,90.1,84,8.0,6.7,0
SV20210045,IT4020,Hệ quản trị CSDL nâng cao,3,Nhóm 01,Kỹ thuật dữ liệu,3.2,121,8.2,100.0,22,87.3,62,6.3,8.7,0
SV20210045,IT4030,Phát triển ứng dụng Web,4,Nhóm 01,Kỹ thuật dữ liệu,3.2,121,8.7,87.6,13,98.7,74,7.8,9.7,0
SV20210045,MA2010,Xác suất thống kê ứng dụng,3,Nhóm 01,Kỹ thuật dữ liệu,3.2,121,7.4,90.8,15,81.8,75,6.2,7.3,0
SV20210046,IT4010,Học máy & Khai phá dữ liệu,3,Nhóm 02,Công nghệ thông tin,3.1,114,9.2,92.2,17,85.6,89,9.7,8.1,0
SV20210046,IT4020,Hệ quản trị CSDL nâng cao,3,Nhóm 02,Công nghệ thông tin,3.1,114,9.2,91.7,12,71.6,76,10.7,7.0,0
SV20210046,IT4030,Phát triển ứng dụng Web,4,Nhóm 02,Công nghệ thông tin,3.1,114,8.6,81.7,10,92.9,66,11.2,7.8,0
SV20210046,MA2010,Xác suất thống kê ứng dụng,3,Nhóm 02,Công nghệ thông tin,3.1,114,10.0,93.6,23,100.0,85,10.4,7.8,0
SV20210047,IT4010,Học máy & Khai phá dữ liệu,3,Nhóm 03,Kinh tế số,2.7,59,7.6,81.5,12,77.9,82,7.9,6.2,0
SV20210047,IT4020,Hệ quản trị CSDL nâng cao,3,Nhóm 03,Kinh tế số,2.7,59,6.6,76.6,15,70.5,77,6.1,6.3,0
SV20210047,IT4030,Phát triển ứng dụng Web,4,Nhóm 03,Kinh tế số,2.7,59,7.5,91.3,4,65.2,79,7.4,4.8,1
SV20210047,MA2010,Xác suất thống kê ứng dụng,3,Nhóm 03,Kinh tế số,2.7,59,6.2,87.5,13,78.2,89,6.9,7.6,0
SV20210048,IT4010,Học máy & Khai phá dữ liệu,3,Nhóm 04,Công nghệ thông tin,2.5,105,7.7,78.2,18,87.7,55,4.8,5.4,0
SV20210048,IT4020,Hệ quản trị CSDL nâng cao,3,Nhóm 04,Công nghệ thông tin,2.5,105,8.1,65.6,15,86.3,59,3.7,5.6,0
SV20210048,IT4030,Phát triển ứng dụng Web,4,Nhóm 04,Công nghệ thông tin,2.5,105,7.3,80.5,6,79.3,70,5.0,8.5,0
SV20210048,MA2010,Xác suất thống kê ứng dụng,3,Nhóm 04,Công nghệ thông tin,2.5,105,7.9,88.2,11,82.4,100,7.4,7.6,0
SV20210049,IT4010,Học máy & Khai phá dữ liệu,3,Nhóm 01,Kinh tế số,2.1,72,5.7,84.8,1,82.5,71,5.8,7.1,0
SV20210049,IT4020,Hệ quản trị CSDL nâng cao,3,Nhóm 01,Kinh tế số,2.1,72,8.0,80.2,9,79.1,67,4.0,8.0,0
SV20210049,IT4030,Phát triển ứng dụng Web,4,Nhóm 01,Kinh tế số,2.1,72,8.9,100.0,15,77.7,73,6.5,7.7,0
SV20210049,MA2010,Xác suất thống kê ứng dụng,3,Nhóm 01,Kinh tế số,2.1,72,5.5,68.7,4,75.1,67,5.4,4.2,1
SV20210050,IT4010,Học máy & Khai phá dữ liệu,3,Nhóm 02,Công nghệ thông tin,2.4,84,5.6,73.1,6,89.5,69,4.7,5.9,0
SV20210050,IT4020,Hệ quản trị CSDL nâng cao,3,Nhóm 02,Công nghệ thông tin,2.4,84,5.9,74.8,12,59.0,65,7.1,4.2,1
SV20210050,IT4030,Phát triển ứng dụng Web,4,Nhóm 02,Công nghệ thông tin,2.4,84,6.5,85.5,7,77.9,54,7.2,5.0,0
SV20210050,MA2010,Xác suất thống kê ứng dụng,3,Nhóm 02,Công nghệ thông tin,2.4,84,4.9,62.5,6,91.4,64,1.1,3.9,1
SV20210051,IT4010,Học máy & Khai phá dữ liệu,3,Nhóm 03,Kinh tế số,2.5,83,8.8,83.2,7,96.0,67,4.7,8.7,0
SV20210051,IT4020,Hệ quản trị CSDL nâng cao,3,Nhóm 03,Kinh tế số,2.5,83,7.7,100.0,10,87.0,69,8.5,5.0,0
SV20210051,IT4030,Phát triển ứng dụng Web,4,Nhóm 03,Kinh tế số,2.5,83,7.3,91.2,10,78.8,72,4.2,6.8,0
SV20210051,MA2010,Xác suất thống kê ứng dụng,3,Nhóm 03,Kinh tế số,2.5,83,7.5,93.5,13,93.1,84,7.1,8.5,0
SV20210052,IT4010,Học máy & Khai phá dữ liệu,3,Nhóm 04,Công nghệ thông tin,3.0,129,7.4,89.6,23,98.1,85,5.1,7.6,0
SV20210052,IT4020,Hệ quản trị CSDL nâng cao,3,Nhóm 04,Công nghệ thông tin,3.0,129,7.5,82.4,3,98.3,70,6.5,6.0,0
SV20210052,IT4030,Phát triển ứng dụng Web,4,Nhóm 04,Công nghệ thông tin,3.0,129,8.8,84.7,19,72.9,74,6.2,7.2,0
SV20210052,MA2010,Xác suất thống kê ứng dụng,3,Nhóm 04,Công nghệ thông tin,3.0,129,7.8,84.1,5,89.9,79,8.7,6.4,0
SV20210053,IT4010,Học máy & Khai phá dữ liệu,3,Nhóm 01,Công nghệ thông tin,3.4,122,9.3,98.1,20,100.0,88,9.8,9.5,0
SV20210053,IT4020,Hệ quản trị CSDL nâng cao,3,Nhóm 01,Công nghệ thông tin,3.4,122,9.8,100.0,14,98.3,88,11.3,8.5,0
SV20210053,IT4030,Phát triển ứng dụng Web,4,Nhóm 01,Công nghệ thông tin,3.4,122,9.4,97.8,16,100.0,77,9.0,8.2,0
SV20210053,MA2010,Xác suất thống kê ứng dụng,3,Nhóm 01,Công nghệ thông tin,3.4,122,9.1,100.0,20,100.0,79,8.5,8.6,0
SV20210054,IT4010,Học máy & Khai phá dữ liệu,3,Nhóm 02,Kinh tế số,1.8,52,5.2,68.3,10,63.8,62,5.5,4.2,1
SV20210054,IT4020,Hệ quản trị CSDL nâng cao,3,Nhóm 02,Kinh tế số,1.8,52,5.0,81.7,5,81.3,73,2.1,4.9,1
SV20210054,IT4030,Phát triển ứng dụng Web,4,Nhóm 02,Kinh tế số,1.8,52,5.7,59.3,6,69.8,57,1.0,4.5,1
SV20210054,MA2010,Xác suất thống kê ứng dụng,3,Nhóm 02,Kinh tế số,1.8,52,6.1,74.9,7,60.0,62,1.1,4.9,1
SV20210055,IT4010,Học máy & Khai phá dữ liệu,3,Nhóm 03,Kinh tế số,3.5,129,8.8,91.4,16,100.0,83,12.8,9.6,0
SV20210055,IT4020,Hệ quản trị CSDL nâng cao,3,Nhóm 03,Kinh tế số,3.5,129,7.9,97.1,19,84.7,87,9.9,6.5,0
SV20210055,IT4030,Phát triển ứng dụng Web,4,Nhóm 03,Kinh tế số,3.5,129,8.4,100.0,18,100.0,91,8.6,7.6,0
SV20210055,MA2010,Xác suất thống kê ứng dụng,3,Nhóm 03,Kinh tế số,3.5,129,10.0,92.2,21,100.0,90,11.6,7.6,0
SV20210056,IT4010,Học máy & Khai phá dữ liệu,3,Nhóm 04,Công nghệ thông tin,3.2,88,8.8,77.8,13,97.8,91,6.6,8.2,0
SV20210056,IT4020,Hệ quản trị CSDL nâng cao,3,Nhóm 04,Công nghệ thông tin,3.2,88,8.8,99.5,16,92.6,82,6.7,8.0,0
SV20210056,IT4030,Phát triển ứng dụng Web,4,Nhóm 04,Công nghệ thông tin,3.2,88,10.0,80.2,20,93.2,90,8.3,7.9,0
SV20210056,MA2010,Xác suất thống kê ứng dụng,3,Nhóm 04,Công nghệ thông tin,3.2,88,8.3,94.9,3,100.0,90,10.2,8.0,0
SV20210057,IT4010,Học máy & Khai phá dữ liệu,3,Nhóm 01,Kỹ thuật dữ liệu,3.0,59,8.7,87.5,16,86.3,95,10.3,10.0,0
SV20210057,IT4020,Hệ quản trị CSDL nâng cao,3,Nhóm 01,Kỹ thuật dữ liệu,3.0,59,7.3,94.4,15,87.7,71,10.9,7.5,0
SV20210057,IT4030,Phát triển ứng dụng Web,4,Nhóm 01,Kỹ thuật dữ liệu,3.0,59,9.0,77.6,17,86.9,75,7.9,8.3,0
SV20210057,MA2010,Xác suất thống kê ứng dụng,3,Nhóm 01,Kỹ thuật dữ liệu,3.0,59,8.7,97.3,15,100.0,87,8.5,6.2,0
SV20210058,IT4010,Học máy & Khai phá dữ liệu,3,Nhóm 02,Kinh tế số,2.7,55,7.1,67.5,13,88.0,66,6.4,5.4,0
SV20210058,IT4020,Hệ quản trị CSDL nâng cao,3,Nhóm 02,Kinh tế số,2.7,55,5.6,63.8,7,84.3,66,7.4,6.3,0
SV20210058,IT4030,Phát triển ứng dụng Web,4,Nhóm 02,Kinh tế số,2.7,55,6.2,75.2,4,90.5,80,5.0,8.5,0
SV20210058,MA2010,Xác suất thống kê ứng dụng,3,Nhóm 02,Kinh tế số,2.7,55,6.1,76.8,9,84.6,93,3.8,5.8,0
SV20210059,IT4010,Học máy & Khai phá dữ liệu,3,Nhóm 03,Công nghệ thông tin,1.8,70,5.3,86.2,4,76.0,56,5.1,5.0,0
SV20210059,IT4020,Hệ quản trị CSDL nâng cao,3,Nhóm 03,Công nghệ thông tin,1.8,70,4.7,73.9,2,74.3,79,4.8,6.6,0
SV20210059,IT4030,Phát triển ứng dụng Web,4,Nhóm 03,Công nghệ thông tin,1.8,70,6.4,76.3,1,59.2,76,6.1,7.5,0
SV20210059,MA2010,Xác suất thống kê ứng dụng,3,Nhóm 03,Công nghệ thông tin,1.8,70,6.7,62.0,7,73.5,71,2.8,4.7,1
SV20210060,IT4010,Học máy & Khai phá dữ liệu,3,Nhóm 04,Công nghệ thông tin,3.3,95,8.8,93.9,12,92.5,90,6.2,6.1,0
SV20210060,IT4020,Hệ quản trị CSDL nâng cao,3,Nhóm 04,Công nghệ thông tin,3.3,95,8.6,99.3,17,100.0,80,10.3,6.3,0
SV20210060,IT4030,Phát triển ứng dụng Web,4,Nhóm 04,Công nghệ thông tin,3.3,95,10.0,92.0,17,100.0,83,7.1,7.7,0
SV20210060,MA2010,Xác suất thống kê ứng dụng,3,Nhóm 04,Công nghệ thông tin,3.3,95,8.0,72.9,16,100.0,91,9.3,7.7,0
SV20210061,IT4010,Học máy & Khai phá dữ liệu,3,Nhóm 01,Công nghệ thông tin,2.3,80,7.1,80.1,10,99.7,63,6.8,6.7,0
SV20210061,IT4020,Hệ quản trị CSDL nâng cao,3,Nhóm 01,Công nghệ thông tin,2.3,80,4.2,70.6,1,57.1,68,3.2,3.5,1
SV20210061,IT4030,Phát triển ứng dụng Web,4,Nhóm 01,Công nghệ thông tin,2.3,80,6.7,71.8,8,72.0,66,4.4,4.3,1
SV20210061,MA2010,Xác suất thống kê ứng dụng,3,Nhóm 01,Công nghệ thông tin,2.3,80,6.5,77.2,5,66.9,65,6.9,6.1,0
SV20210062,IT4010,Học máy & Khai phá dữ liệu,3,Nhóm 02,Kỹ thuật dữ liệu,3.2,83,8.5,100.0,13,91.4,84,7.0,8.4,0
SV20210062,IT4020,Hệ quản trị CSDL nâng cao,3,Nhóm 02,Kỹ thuật dữ liệu,3.2,83,8.0,85.4,15,85.9,73,5.7,7.2,0
SV20210062,IT4030,Phát triển ứng dụng Web,4,Nhóm 02,Kỹ thuật dữ liệu,3.2,83,7.9,73.7,8,75.2,84,9.2,6.7,0
SV20210062,MA2010,Xác suất thống kê ứng dụng,3,Nhóm 02,Kỹ thuật dữ liệu,3.2,83,6.6,87.0,17,84.0,80,5.2,6.1,0
SV20210063,IT4010,Học máy & Khai phá dữ liệu,3,Nhóm 03,Công nghệ thông tin,3.3,117,6.7,90.3,17,60.3,78,7.6,6.4,0
SV20210063,IT4020,Hệ quản trị CSDL nâng cao,3,Nhóm 03,Công nghệ thông tin,3.3,117,7.6,88.7,13,100.0,73,5.9,5.9,0
SV20210063,IT4030,Phát triển ứng dụng Web,4,Nhóm 03,Công nghệ thông tin,3.3,117,9.6,87.7,14,82.3,89,8.8,10.0,0
SV20210063,MA2010,Xác suất thống kê ứng dụng,3,Nhóm 03,Công nghệ thông tin,3.3,117,8.6,88.3,14,90.4,71,7.2,8.3,0
SV20210064,IT4010,Học máy & Khai phá dữ liệu,3,Nhóm 04,Công nghệ thông tin,2.6,67,6.8,86.0,11,97.7,88,4.4,4.0,1
SV20210064,IT4020,Hệ quản trị CSDL nâng cao,3,Nhóm 04,Công nghệ thông tin,2.6,67,6.8,88.6,12,94.9,53,6.4,6.7,0
SV20210064,IT4030,Phát triển ứng dụng Web,4,Nhóm 04,Công nghệ thông tin,2.6,67,8.2,84.2,15,68.6,72,5.8,7.4,0
SV20210064,MA2010,Xác suất thống kê ứng dụng,3,Nhóm 04,Công nghệ thông tin,2.6,67,7.7,93.2,10,84.9,80,5.5,6.3,0
SV20210065,IT4010,Học máy & Khai phá dữ liệu,3,Nhóm 01,Công nghệ thông tin,2.7,97,7.1,82.5,12,79.5,70,5.5,7.0,0
SV20210065,IT4020,Hệ quản trị CSDL nâng cao,3,Nhóm 01,Công nghệ thông tin,2.7,97,8.4,96.3,14,83.0,74,2.1,8.8,0
SV20210065,IT4030,Phát triển ứng dụng Web,4,Nhóm 01,Công nghệ thông tin,2.7,97,6.7,82.5,10,62.9,70,4.5,6.0,0
SV20210065,MA2010,Xác suất thống kê ứng dụng,3,Nhóm 01,Công nghệ thông tin,2.7,97,6.7,80.0,14,89.9,72,5.2,6.8,0
SV20210066,IT4010,Học máy & Khai phá dữ liệu,3,Nhóm 02,Công nghệ thông tin,1.7,42,5.7,59.8,6,75.6,64,3.4,4.6,1
SV20210066,IT4020,Hệ quản trị CSDL nâng cao,3,Nhóm 02,Công nghệ thông tin,1.7,42,6.8,82.5,4,86.8,66,2.8,5.1,0
SV20210066,IT4030,Phát triển ứng dụng Web,4,Nhóm 02,Công nghệ thông tin,1.7,42,5.8,54.8,6,66.6,58,1.9,5.9,0
SV20210066,MA2010,Xác suất thống kê ứng dụng,3,Nhóm 02,Công nghệ thông tin,1.7,42,4.5,66.9,1,81.6,63,0.0,3.2,1
SV20210067,IT4010,Học máy & Khai phá dữ liệu,3,Nhóm 03,Công nghệ thông tin,2.4,66,6.7,89.0,12,90.9,72,8.2,5.8,0
SV20210067,IT4020,Hệ quản trị CSDL nâng cao,3,Nhóm 03,Công nghệ thông tin,2.4,66,8.2,96.5,10,76.4,65,6.8,5.1,0
SV20210067,IT4030,Phát triển ứng dụng Web,4,Nhóm 03,Công nghệ thông tin,2.4,66,8.4,86.4,13,92.7,76,7.5,9.1,0
SV20210067,MA2010,Xác suất thống kê ứng dụng,3,Nhóm 03,Công nghệ thông tin,2.4,66,6.0,91.3,10,76.2,59,8.0,5.7,0
SV20210068,IT4010,Học máy & Khai phá dữ liệu,3,Nhóm 04,Công nghệ thông tin,2.4,70,6.4,76.5,7,97.9,76,2.6,3.6,1
SV20210068,IT4020,Hệ quản trị CSDL nâng cao,3,Nhóm 04,Công nghệ thông tin,2.4,70,7.6,82.1,6,76.1,68,5.2,7.5,0
SV20210068,IT4030,Phát triển ứng dụng Web,4,Nhóm 04,Công nghệ thông tin,2.4,70,7.1,74.3,1,98.4,70,6.3,7.0,0
SV20210068,MA2010,Xác suất thống kê ứng dụng,3,Nhóm 04,Công nghệ thông tin,2.4,70,7.3,92.5,14,72.1,76,5.8,5.6,0
SV20210069,IT4010,Học máy & Khai phá dữ liệu,3,Nhóm 01,Kỹ thuật dữ liệu,2.5,58,6.8,68.3,9,81.2,76,4.6,5.2,0
SV20210069,IT4020,Hệ quản trị CSDL nâng cao,3,Nhóm 01,Kỹ thuật dữ liệu,2.5,58,7.7,83.4,11,92.8,74,5.4,5.9,0
SV20210069,IT4030,Phát triển ứng dụng Web,4,Nhóm 01,Kỹ thuật dữ liệu,2.5,58,6.9,78.9,6,82.6,59,4.1,7.2,0
SV20210069,MA2010,Xác suất thống kê ứng dụng,3,Nhóm 01,Kỹ thuật dữ liệu,2.5,58,6.8,83.8,6,77.6,69,6.6,5.7,0
SV20210070,IT4010,Học máy & Khai phá dữ liệu,3,Nhóm 02,Công nghệ thông tin,3.3,88,9.5,93.6,11,99.4,83,7.6,7.4,0
SV20210070,IT4020,Hệ quản trị CSDL nâng cao,3,Nhóm 02,Công nghệ thông tin,3.3,88,8.7,87.4,21,80.2,85,6.0,7.4,0
SV20210070,IT4030,Phát triển ứng dụng Web,4,Nhóm 02,Công nghệ thông tin,3.3,88,8.2,84.6,11,77.5,74,9.8,8.3,0
SV20210070,MA2010,Xác suất thống kê ứng dụng,3,Nhóm 02,Công nghệ thông tin,3.3,88,7.4,84.0,10,80.9,87,9.6,7.1,0
SV20210071,IT4010,Học máy & Khai phá dữ liệu,3,Nhóm 03,Kinh tế số,2.9,53,7.1,73.8,11,56.9,69,3.8,5.7,0
SV20210071,IT4020,Hệ quản trị CSDL nâng cao,3,Nhóm 03,Kinh tế số,2.9,53,4.3,75.6,5,57.8,76,9.2,5.0,0
SV20210071,IT4030,Phát triển ứng dụng Web,4,Nhóm 03,Kinh tế số,2.9,53,7.3,83.8,8,85.3,70,6.4,8.0,0
SV20210071,MA2010,Xác suất thống kê ứng dụng,3,Nhóm 03,Kinh tế số,2.9,53,6.4,78.4,15,86.8,60,5.8,4.9,1
SV20210072,IT4010,Học máy & Khai phá dữ liệu,3,Nhóm 04,Công nghệ thông tin,2.7,65,6.9,61.5,2,83.2,67,2.8,4.3,1
SV20210072,IT4020,Hệ quản trị CSDL nâng cao,3,Nhóm 04,Công nghệ thông tin,2.7,65,7.2,76.8,13,83.5,78,6.7,6.9,0
SV20210072,IT4030,Phát triển ứng dụng Web,4,Nhóm 04,Công nghệ thông tin,2.7,65,8.4,77.0,6,87.9,75,5.7,10.0,0
SV20210072,MA2010,Xác suất thống kê ứng dụng,3,Nhóm 04,Công nghệ thông tin,2.7,65,7.7,71.8,5,100.0,60,5.0,4.3,1
SV20210073,IT4010,Học máy & Khai phá dữ liệu,3,Nhóm 01,Công nghệ thông tin,2.1,72,7.8,78.2,12,66.8,80,6.8,7.2,0
SV20210073,IT4020,Hệ quản trị CSDL nâng cao,3,Nhóm 01,Công nghệ thông tin,2.1,72,7.2,87.3,15,82.4,77,3.6,7.2,0
SV20210073,IT4030,Phát triển ứng dụng Web,4,Nhóm 01,Công nghệ thông tin,2.1,72,8.3,93.5,10,94.7,77,1.5,5.1,0
SV20210073,MA2010,Xác suất thống kê ứng dụng,3,Nhóm 01,Công nghệ thông tin,2.1,72,6.8,85.7,9,69.9,91,6.8,4.7,1
SV20210074,IT4010,Học máy & Khai phá dữ liệu,3,Nhóm 02,Kinh tế số,2.2,52,7.4,86.3,9,79.5,79,8.1,8.2,0
SV20210074,IT4020,Hệ quản trị CSDL nâng cao,3,Nhóm 02,Kinh tế số,2.2,52,5.8,72.3,10,76.2,83,1.9,4.6,1
SV20210074,IT4030,Phát triển ứng dụng Web,4,Nhóm 02,Kinh tế số,2.2,52,6.1,94.5,7,86.3,68,5.4,7.2,0
SV20210074,MA2010,Xác suất thống kê ứng dụng,3,Nhóm 02,Kinh tế số,2.2,52,6.6,85.0,7,69.7,75,4.6,7.2,0
SV20210075,IT4010,Học máy & Khai phá dữ liệu,3,Nhóm 03,Công nghệ thông tin,1.9,60,4.6,51.1,9,81.3,50,3.1,3.4,1
SV20210075,IT4020,Hệ quản trị CSDL nâng cao,3,Nhóm 03,Công nghệ thông tin,1.9,60,5.7,69.6,5,86.9,55,4.9,4.3,1
SV20210075,IT4030,Phát triển ứng dụng Web,4,Nhóm 03,Công nghệ thông tin,1.9,60,6.6,67.7,4,84.2,65,3.4,6.7,0
SV20210075,MA2010,Xác suất thống kê ứng dụng,3,Nhóm 03,Công nghệ thông tin,1.9,60,6.6,78.4,3,75.6,56,8.3,8.1,0
SV20210076,IT4010,Học máy & Khai phá dữ liệu,3,Nhóm 04,Công nghệ thông tin,3.3,86,8.6,85.6,8,96.0,87,8.4,3.2,1
SV20210076,IT4020,Hệ quản trị CSDL nâng cao,3,Nhóm 04,Công nghệ thông tin,3.3,86,6.9,89.8,3,99.2,79,7.7,6.1,0
SV20210076,IT4030,Phát triển ứng dụng Web,4,Nhóm 04,Công nghệ thông tin,3.3,86,8.1,95.8,11,79.1,86,5.4,8.6,0
SV20210076,MA2010,Xác suất thống kê ứng dụng,3,Nhóm 04,Công nghệ thông tin,3.3,86,7.8,89.3,8,81.6,84,7.6,6.3,0
SV20210077,IT4010,Học máy & Khai phá dữ liệu,3,Nhóm 01,Kinh tế số,3.7,117,10.0,100.0,8,93.2,89,9.1,8.5,0
SV20210077,IT4020,Hệ quản trị CSDL nâng cao,3,Nhóm 01,Kinh tế số,3.7,117,8.8,100.0,17,100.0,91,9.5,7.6,0
SV20210077,IT4030,Phát triển ứng dụng Web,4,Nhóm 01,Kinh tế số,3.7,117,10.0,100.0,11,84.1,74,8.4,8.0,0
SV20210077,MA2010,Xác suất thống kê ứng dụng,3,Nhóm 01,Kinh tế số,3.7,117,9.4,100.0,18,100.0,82,10.0,9.4,0
SV20210078,IT4010,Học máy & Khai phá dữ liệu,3,Nhóm 02,Công nghệ thông tin,2.4,77,8.7,72.4,6,80.9,74,4.0,5.6,0
SV20210078,IT4020,Hệ quản trị CSDL nâng cao,3,Nhóm 02,Công nghệ thông tin,2.4,77,5.7,79.6,4,65.5,78,5.3,5.4,0
SV20210078,IT4030,Phát triển ứng dụng Web,4,Nhóm 02,Công nghệ thông tin,2.4,77,7.0,100.0,12,91.4,84,8.1,7.6,0
SV20210078,MA2010,Xác suất thống kê ứng dụng,3,Nhóm 02,Công nghệ thông tin,2.4,77,5.6,63.8,10,78.4,68,6.5,4.8,1
SV20210079,IT4010,Học máy & Khai phá dữ liệu,3,Nhóm 03,Kinh tế số,1.9,51,5.5,72.1,8,63.8,71,0.0,3.7,1
SV20210079,IT4020,Hệ quản trị CSDL nâng cao,3,Nhóm 03,Kinh tế số,1.9,51,5.0,63.7,12,56.9,73,5.8,3.8,1
SV20210079,IT4030,Phát triển ứng dụng Web,4,Nhóm 03,Kinh tế số,1.9,51,4.9,82.5,10,88.8,75,5.9,6.8,0
SV20210079,MA2010,Xác suất thống kê ứng dụng,3,Nhóm 03,Kinh tế số,1.9,51,5.6,66.1,7,66.2,69,5.7,6.9,0
SV20210080,IT4010,Học máy & Khai phá dữ liệu,3,Nhóm 04,Công nghệ thông tin,2.6,59,6.0,72.5,9,56.0,72,5.9,5.3,0
SV20210080,IT4020,Hệ quản trị CSDL nâng cao,3,Nhóm 04,Công nghệ thông tin,2.6,59,6.7,77.9,9,87.1,66,2.9,7.3,0
SV20210080,IT4030,Phát triển ứng dụng Web,4,Nhóm 04,Công nghệ thông tin,2.6,59,6.6,83.1,7,67.2,66,5.9,6.6,0
SV20210080,MA2010,Xác suất thống kê ứng dụng,3,Nhóm 04,Công nghệ thông tin,2.6,59,6.7,80.2,8,89.0,66,6.4,6.5,0
SV20210081,IT4010,Học máy & Khai phá dữ liệu,3,Nhóm 01,Kỹ thuật dữ liệu,3.2,74,8.2,82.7,6,89.7,89,8.3,9.1,0
SV20210081,IT4020,Hệ quản trị CSDL nâng cao,3,Nhóm 01,Kỹ thuật dữ liệu,3.2,74,9.1,85.6,12,100.0,77,9.3,8.0,0
SV20210081,IT4030,Phát triển ứng dụng Web,4,Nhóm 01,Kỹ thuật dữ liệu,3.2,74,8.5,79.3,10,86.9,85,4.4,9.8,0
SV20210081,MA2010,Xác suất thống kê ứng dụng,3,Nhóm 01,Kỹ thuật dữ liệu,3.2,74,7.8,80.9,12,62.9,73,5.9,6.0,0
SV20210082,IT4010,Học máy & Khai phá dữ liệu,3,Nhóm 02,Công nghệ thông tin,2.7,63,7.7,96.0,3,86.6,74,11.7,8.9,0
SV20210082,IT4020,Hệ quản trị CSDL nâng cao,3,Nhóm 02,Công nghệ thông tin,2.7,63,7.1,64.7,8,86.3,74,7.2,5.3,0
SV20210082,IT4030,Phát triển ứng dụng Web,4,Nhóm 02,Công nghệ thông tin,2.7,63,8.8,85.3,13,94.5,79,8.5,7.1,0
SV20210082,MA2010,Xác suất thống kê ứng dụng,3,Nhóm 02,Công nghệ thông tin,2.7,63,6.7,100.0,12,79.0,63,6.7,5.8,0
SV20210083,IT4010,Học máy & Khai phá dữ liệu,3,Nhóm 03,Công nghệ thông tin,2.6,85,5.5,74.8,10,98.2,65,3.3,6.3,0
SV20210083,IT4020,Hệ quản trị CSDL nâng cao,3,Nhóm 03,Công nghệ thông tin,2.6,85,5.7,84.5,9,70.1,67,2.9,4.6,1
SV20210083,IT4030,Phát triển ứng dụng Web,4,Nhóm 03,Công nghệ thông tin,2.6,85,9.0,66.4,9,84.2,80,5.8,6.5,0
SV20210083,MA2010,Xác suất thống kê ứng dụng,3,Nhóm 03,Công nghệ thông tin,2.6,85,6.2,84.6,7,77.6,63,3.3,5.6,0
SV20210084,IT4010,Học máy & Khai phá dữ liệu,3,Nhóm 04,Công nghệ thông tin,3.1,111,8.2,81.5,10,82.3,91,8.1,8.1,0
SV20210084,IT4020,Hệ quản trị CSDL nâng cao,3,Nhóm 04,Công nghệ thông tin,3.1,111,7.1,79.4,14,85.4,78,8.6,7.1,0
SV20210084,IT4030,Phát triển ứng dụng Web,4,Nhóm 04,Công nghệ thông tin,3.1,111,9.0,83.5,18,83.6,83,10.2,7.1,0
SV20210084,MA2010,Xác suất thống kê ứng dụng,3,Nhóm 04,Công nghệ thông tin,3.1,111,10.0,93.4,11,88.2,86,6.5,9.2,0
SV20210085,IT4010,Học máy & Khai phá dữ liệu,3,Nhóm 01,Công nghệ thông tin,1.7,44,5.6,68.0,6,81.4,72,5.5,6.1,0
SV20210085,IT4020,Hệ quản trị CSDL nâng cao,3,Nhóm 01,Công nghệ thông tin,1.7,44,4.8,73.3,2,84.9,65,1.9,3.7,1
SV20210085,IT4030,Phát triển ứng dụng Web,4,Nhóm 01,Công nghệ thông tin,1.7,44,3.9,61.3,1,52.6,64,3.1,4.0,1
SV20210085,MA2010,Xác suất thống kê ứng dụng,3,Nhóm 01,Công nghệ thông tin,1.7,44,5.7,60.1,1,65.9,66,5.3,3.5,1
SV20210086,IT4010,Học máy & Khai phá dữ liệu,3,Nhóm 02,Công nghệ thông tin,2.3,68,5.4,70.2,7,99.6,70,3.1,4.9,1
SV20210086,IT4020,Hệ quản trị CSDL nâng cao,3,Nhóm 02,Công nghệ thông tin,2.3,68,6.4,75.9,5,85.2,73,4.1,5.1,0
SV20210086,IT4030,Phát triển ứng dụng Web,4,Nhóm 02,Công nghệ thông tin,2.3,68,6.9,87.3,9,78.0,52,6.4,7.9,0
SV20210086,MA2010,Xác suất thống kê ứng dụng,3,Nhóm 02,Công nghệ thông tin,2.3,68,6.4,75.7,12,79.3,69,1.7,6.5,0
SV20210087,IT4010,Học máy & Khai phá dữ liệu,3,Nhóm 03,Kỹ thuật dữ liệu,2.6,69,6.6,73.0,4,73.1,80,8.2,6.9,0
SV20210087,IT4020,Hệ quản trị CSDL nâng cao,3,Nhóm 03,Kỹ thuật dữ liệu,2.6,69,7.2,62.5,11,87.7,67,7.2,7.9,0
SV20210087,IT4030,Phát triển ứng dụng Web,4,Nhóm 03,Kỹ thuật dữ liệu,2.6,69,8.5,85.1,7,95.4,88,0.7,6.4,0
SV20210087,MA2010,Xác suất thống kê ứng dụng,3,Nhóm 03,Kỹ thuật dữ liệu,2.6,69,7.2,85.1,15,80.5,66,5.2,7.4,0
SV20210088,IT4010,Học máy & Khai phá dữ liệu,3,Nhóm 04,Kinh tế số,2.9,86,9.1,87.5,14,100.0,77,11.2,6.2,0
SV20210088,IT4020,Hệ quản trị CSDL nâng cao,3,Nhóm 04,Kinh tế số,2.9,86,8.3,92.0,13,95.6,76,11.0,6.8,0
SV20210088,IT4030,Phát triển ứng dụng Web,4,Nhóm 04,Kinh tế số,2.9,86,10.0,94.8,10,99.3,85,10.1,10.0,0
SV20210088,MA2010,Xác suất thống kê ứng dụng,3,Nhóm 04,Kinh tế số,2.9,86,8.3,83.3,15,100.0,99,12.7,9.0,0
SV20210089,IT4010,Học máy & Khai phá dữ liệu,3,Nhóm 01,Kinh tế số,1.9,55,5.1,47.9,2,82.4,68,1.3,4.3,1
SV20210089,IT4020,Hệ quản trị CSDL nâng cao,3,Nhóm 01,Kinh tế số,1.9,55,3.4,57.0,3,80.7,53,3.2,3.1,1
SV20210089,IT4030,Phát triển ứng dụng Web,4,Nhóm 01,Kinh tế số,1.9,55,4.9,71.7,5,63.8,55,3.1,5.7,0
SV20210089,MA2010,Xác suất thống kê ứng dụng,3,Nhóm 01,Kinh tế số,1.9,55,4.3,77.2,5,84.9,56,1.5,2.3,1
SV20210090,IT4010,Học máy & Khai phá dữ liệu,3,Nhóm 02,Kinh tế số,2.7,71,6.7,90.1,9,77.3,70,5.8,8.0,0
SV20210090,IT4020,Hệ quản trị CSDL nâng cao,3,Nhóm 02,Kinh tế số,2.7,71,6.9,81.5,11,94.9,76,5.8,6.6,0
SV20210090,IT4030,Phát triển ứng dụng Web,4,Nhóm 02,Kinh tế số,2.7,71,9.2,89.9,13,82.6,84,5.9,9.3,0
SV20210090,MA2010,Xác suất thống kê ứng dụng,3,Nhóm 02,Kinh tế số,2.7,71,7.5,70.8,12,97.3,85,5.6,6.9,0
SV20210091,IT4010,Học máy & Khai phá dữ liệu,3,Nhóm 03,Kỹ thuật dữ liệu,3.6,106,9.5,100.0,25,100.0,92,9.7,8.9,0
SV20210091,IT4020,Hệ quản trị CSDL nâng cao,3,Nhóm 03,Kỹ thuật dữ liệu,3.6,106,10.0,88.1,18,81.7,83,11.7,8.3,0
SV20210091,IT4030,Phát triển ứng dụng Web,4,Nhóm 03,Kỹ thuật dữ liệu,3.6,106,9.6,97.4,11,91.4,85,9.9,9.6,0
SV20210091,MA2010,Xác suất thống kê ứng dụng,3,Nhóm 03,Kỹ thuật dữ liệu,3.6,106,9.3,91.3,11,95.6,90,8.4,9.1,0
SV20210092,IT4010,Học máy & Khai phá dữ liệu,3,Nhóm 04,Công nghệ thông tin,2.4,90,7.3,83.2,10,100.0,72,8.2,8.0,0
SV20210092,IT4020,Hệ quản trị CSDL nâng cao,3,Nhóm 04,Công nghệ thông tin,2.4,90,7.2,81.1,17,85.4,69,7.5,7.1,0
SV20210092,IT4030,Phát triển ứng dụng Web,4,Nhóm 04,Công nghệ thông tin,2.4,90,8.2,99.5,20,88.7,82,9.1,9.4,0
SV20210092,MA2010,Xác suất thống kê ứng dụng,3,Nhóm 04,Công nghệ thông tin,2.4,90,7.2,76.2,18,87.4,74,5.6,4.4,1
SV20210093,IT4010,Học máy & Khai phá dữ liệu,3,Nhóm 01,Kinh tế số,2.0,78,7.7,80.7,5,70.4,68,5.7,8.3,0
SV20210093,IT4020,Hệ quản trị CSDL nâng cao,3,Nhóm 01,Kinh tế số,2.0,78,4.4,69.2,6,98.4,71,4.9,3.3,1
SV20210093,IT4030,Phát triển ứng dụng Web,4,Nhóm 01,Kinh tế số,2.0,78,6.5,71.6,2,79.7,62,4.3,5.9,0
SV20210093,MA2010,Xác suất thống kê ứng dụng,3,Nhóm 01,Kinh tế số,2.0,78,6.6,68.0,4,80.8,77,3.7,6.5,0
SV20210094,IT4010,Học máy & Khai phá dữ liệu,3,Nhóm 02,Công nghệ thông tin,3.1,117,7.9,86.0,17,100.0,77,5.9,7.8,0
SV20210094,IT4020,Hệ quản trị CSDL nâng cao,3,Nhóm 02,Công nghệ thông tin,3.1,117,7.3,85.2,8,83.5,66,9.3,5.8,0
SV20210094,IT4030,Phát triển ứng dụng Web,4,Nhóm 02,Công nghệ thông tin,3.1,117,7.4,84.4,14,98.9,96,8.4,6.2,0
SV20210094,MA2010,Xác suất thống kê ứng dụng,3,Nhóm 02,Công nghệ thông tin,3.1,117,5.2,82.5,14,84.9,87,6.6,4.5,1
SV20210095,IT4010,Học máy & Khai phá dữ liệu,3,Nhóm 03,Công nghệ thông tin,3.3,80,10.0,91.8,12,89.0,81,6.4,8.2,0
SV20210095,IT4020,Hệ quản trị CSDL nâng cao,3,Nhóm 03,Công nghệ thông tin,3.3,80,9.1,81.8,15,100.0,78,10.1,7.5,0
SV20210095,IT4030,Phát triển ứng dụng Web,4,Nhóm 03,Công nghệ thông tin,3.3,80,9.8,89.0,19,97.0,88,6.6,10.0,0
SV20210095,MA2010,Xác suất thống kê ứng dụng,3,Nhóm 03,Công nghệ thông tin,3.3,80,9.2,89.8,12,74.0,86,6.7,8.0,0
SV20210096,IT4010,Học máy & Khai phá dữ liệu,3,Nhóm 04,Công nghệ thông tin,2.5,80,6.9,81.6,12,90.1,58,7.4,7.2,0
SV20210096,IT4020,Hệ quản trị CSDL nâng cao,3,Nhóm 04,Công nghệ thông tin,2.5,80,6.7,89.0,7,100.0,63,7.5,7.4,0
SV20210096,IT4030,Phát triển ứng dụng Web,4,Nhóm 04,Công nghệ thông tin,2.5,80,6.7,72.4,10,83.1,75,5.2,5.6,0
SV20210096,MA2010,Xác suất thống kê ứng dụng,3,Nhóm 04,Công nghệ thông tin,2.5,80,5.4,73.4,7,84.0,65,2.4,4.7,1
SV20210097,IT4010,Học máy & Khai phá dữ liệu,3,Nhóm 01,Công nghệ thông tin,2.5,53,6.7,85.3,5,76.2,69,1.8,5.7,0
SV20210097,IT4020,Hệ quản trị CSDL nâng cao,3,Nhóm 01,Công nghệ thông tin,2.5,53,6.6,78.7,6,68.9,58,5.0,5.6,0
SV20210097,IT4030,Phát triển ứng dụng Web,4,Nhóm 01,Công nghệ thông tin,2.5,53,6.4,70.3,2,83.4,63,3.9,5.8,0
SV20210097,MA2010,Xác suất thống kê ứng dụng,3,Nhóm 01,Công nghệ thông tin,2.5,53,5.6,84.4,8,86.3,67,6.8,5.7,0
SV20210098,IT4010,Học máy & Khai phá dữ liệu,3,Nhóm 02,Kinh tế số,2.4,86,7.5,65.5,7,100.0,78,6.3,6.8,0
SV20210098,IT4020,Hệ quản trị CSDL nâng cao,3,Nhóm 02,Kinh tế số,2.4,86,7.7,80.2,1,87.4,75,0.0,5.6,0
SV20210098,IT4030,Phát triển ứng dụng Web,4,Nhóm 02,Kinh tế số,2.4,86,6.5,79.5,10,84.3,78,6.0,8.7,0
SV20210098,MA2010,Xác suất thống kê ứng dụng,3,Nhóm 02,Kinh tế số,2.4,86,7.8,99.1,9,80.4,73,7.3,8.5,0
SV20210099,IT4010,Học máy & Khai phá dữ liệu,3,Nhóm 03,Kinh tế số,1.7,50,6.9,82.2,14,87.2,62,3.0,5.4,0
SV20210099,IT4020,Hệ quản trị CSDL nâng cao,3,Nhóm 03,Kinh tế số,1.7,50,6.3,72.4,10,85.2,65,4.3,6.2,0
SV20210099,IT4030,Phát triển ứng dụng Web,4,Nhóm 03,Kinh tế số,1.7,50,6.9,67.4,5,65.8,57,5.7,6.0,0
SV20210099,MA2010,Xác suất thống kê ứng dụng,3,Nhóm 03,Kinh tế số,1.7,50,4.8,76.3,11,93.9,72,7.5,5.5,0
SV20210100,IT4010,Học máy & Khai phá dữ liệu,3,Nhóm 04,Kinh tế số,3.3,85,8.6,90.1,17,93.9,80,9.6,8.8,0
SV20210100,IT4020,Hệ quản trị CSDL nâng cao,3,Nhóm 04,Kinh tế số,3.3,85,7.7,94.7,18,100.0,83,9.8,6.6,0
SV20210100,IT4030,Phát triển ứng dụng Web,4,Nhóm 04,Kinh tế số,3.3,85,6.9,80.1,18,82.9,95,10.9,6.0,0
SV20210100,MA2010,Xác suất thống kê ứng dụng,3,Nhóm 04,Kinh tế số,3.3,85,8.0,96.7,8,84.4,89,11.1,7.7,0
SV20210101,IT4010,Học máy & Khai phá dữ liệu,3,Nhóm 01,Công nghệ thông tin,2.7,74,9.0,88.5,13,82.6,81,7.8,7.7,0
SV20210101,IT4020,Hệ quản trị CSDL nâng cao,3,Nhóm 01,Công nghệ thông tin,2.7,74,9.4,88.4,13,96.4,82,8.1,8.4,0
SV20210101,IT4030,Phát triển ứng dụng Web,4,Nhóm 01,Công nghệ thông tin,2.7,74,7.5,83.4,6,91.4,78,10.7,8.4,0
SV20210101,MA2010,Xác suất thống kê ứng dụng,3,Nhóm 01,Công nghệ thông tin,2.7,74,8.6,80.7,14,87.7,87,10.6,6.9,0
SV20210102,IT4010,Học máy & Khai phá dữ liệu,3,Nhóm 02,Công nghệ thông tin,2.5,72,6.9,91.6,12,90.6,72,3.2,6.9,0
SV20210102,IT4020,Hệ quản trị CSDL nâng cao,3,Nhóm 02,Công nghệ thông tin,2.5,72,6.0,75.7,9,92.3,79,7.0,4.1,1
SV20210102,IT4030,Phát triển ứng dụng Web,4,Nhóm 02,Công nghệ thông tin,2.5,72,6.3,80.0,15,71.4,63,4.6,5.1,0
SV20210102,MA2010,Xác suất thống kê ứng dụng,3,Nhóm 02,Công nghệ thông tin,2.5,72,5.9,58.8,9,93.9,73,4.1,5.1,0
SV20210103,IT4010,Học máy & Khai phá dữ liệu,3,Nhóm 03,Công nghệ thông tin,2.7,109,6.1,74.1,8,76.9,76,4.8,5.7,0
SV20210103,IT4020,Hệ quản trị CSDL nâng cao,3,Nhóm 03,Công nghệ thông tin,2.7,109,6.0,85.8,14,80.2,78,4.6,5.8,0
SV20210103,IT4030,Phát triển ứng dụng Web,4,Nhóm 03,Công nghệ thông tin,2.7,109,8.0,89.3,10,89.4,86,6.2,6.5,0
SV20210103,MA2010,Xác suất thống kê ứng dụng,3,Nhóm 03,Công nghệ thông tin,2.7,109,7.2,74.8,10,73.1,77,6.7,7.3,0
SV20210104,IT4010,Học máy & Khai phá dữ liệu,3,Nhóm 04,Công nghệ thông tin,2.5,66,6.1,75.7,6,67.8,72,5.9,5.8,0
SV20210104,IT4020,Hệ quản trị CSDL nâng cao,3,Nhóm 04,Công nghệ thông tin,2.5,66,6.5,73.0,8,80.0,63,3.7,6.5,0
SV20210104,IT4030,Phát triển ứng dụng Web,4,Nhóm 04,Công nghệ thông tin,2.5,66,7.6,88.4,7,74.2,68,4.6,8.0,0
SV20210104,MA2010,Xác suất thống kê ứng dụng,3,Nhóm 04,Công nghệ thông tin,2.5,66,5.2,76.6,15,72.8,66,0.9,4.1,1
SV20210105,IT4010,Học máy & Khai phá dữ liệu,3,Nhóm 01,Kinh tế số,2.8,58,7.6,80.2,7,80.1,67,6.1,7.9,0
SV20210105,IT4020,Hệ quản trị CSDL nâng cao,3,Nhóm 01,Kinh tế số,2.8,58,7.1,85.0,15,84.0,72,3.7,6.2,0
SV20210105,IT4030,Phát triển ứng dụng Web,4,Nhóm 01,Kinh tế số,2.8,58,6.9,89.3,3,79.0,76,6.0,7.9,0
SV20210105,MA2010,Xác suất thống kê ứng dụng,3,Nhóm 01,Kinh tế số,2.8,58,6.0,72.6,6,76.0,84,4.4,2.7,1
SV20210106,IT4010,Học máy & Khai phá dữ liệu,3,Nhóm 02,Công nghệ thông tin,2.7,53,6.7,87.6,9,83.8,70,3.7,5.4,0
SV20210106,IT4020,Hệ quản trị CSDL nâng cao,3,Nhóm 02,Công nghệ thông tin,2.7,53,7.0,79.7,8,83.0,83,4.1,6.3,0
SV20210106,IT4030,Phát triển ứng dụng Web,4,Nhóm 02,Công nghệ thông tin,2.7,53,6.2,82.9,12,89.6,62,6.9,6.8,0
SV20210106,MA2010,Xác suất thống kê ứng dụng,3,Nhóm 02,Công nghệ thông tin,2.7,53,9.2,90.2,6,80.2,74,7.2,7.7,0
SV20210107,IT4010,Học máy & Khai phá dữ liệu,3,Nhóm 03,Công nghệ thông tin,2.8,89,9.0,85.1,11,91.0,80,7.5,4.9,1
SV20210107,IT4020,Hệ quản trị CSDL nâng cao,3,Nhóm 03,Công nghệ thông tin,2.8,89,8.5,74.7,11,77.8,77,7.0,5.3,0
SV20210107,IT4030,Phát triển ứng dụng Web,4,Nhóm 03,Công nghệ thông tin,2.8,89,8.9,79.6,10,78.1,80,8.2,8.0,0
SV20210107,MA2010,Xác suất thống kê ứng dụng,3,Nhóm 03,Công nghệ thông tin,2.8,89,7.3,83.6,13,87.0,75,7.9,5.6,0
SV20210108,IT4010,Học máy & Khai phá dữ liệu,3,Nhóm 04,Kinh tế số,3.8,132,9.5,100.0,18,90.0,93,9.1,8.3,0
SV20210108,IT4020,Hệ quản trị CSDL nâng cao,3,Nhóm 04,Kinh tế số,3.8,132,9.3,100.0,23,100.0,96,12.2,9.1,0
SV20210108,IT4030,Phát triển ứng dụng Web,4,Nhóm 04,Kinh tế số,3.8,132,10.0,98.1,14,90.4,98,16.0,9.9,0
SV20210108,MA2010,Xác suất thống kê ứng dụng,3,Nhóm 04,Kinh tế số,3.8,132,10.0,97.7,11,100.0,77,10.8,9.4,0
SV20210109,IT4010,Học máy & Khai phá dữ liệu,3,Nhóm 01,Công nghệ thông tin,2.1,36,5.7,67.3,12,64.4,74,4.0,4.3,1
SV20210109,IT4020,Hệ quản trị CSDL nâng cao,3,Nhóm 01,Công nghệ thông tin,2.1,36,4.7,67.9,4,80.0,58,1.7,2.7,1
SV20210109,IT4030,Phát triển ứng dụng Web,4,Nhóm 01,Công nghệ thông tin,2.1,36,5.3,60.1,13,77.7,68,4.5,4.9,1
SV20210109,MA2010,Xác suất thống kê ứng dụng,3,Nhóm 01,Công nghệ thông tin,2.1,36,6.8,84.4,5,63.7,62,6.3,7.0,0
SV20210110,IT4010,Học máy & Khai phá dữ liệu,3,Nhóm 02,Công nghệ thông tin,2.8,76,6.1,89.8,12,88.2,71,6.9,5.4,0
SV20210110,IT4020,Hệ quản trị CSDL nâng cao,3,Nhóm 02,Công nghệ thông tin,2.8,76,6.6,85.5,4,73.4,63,5.9,7.0,0
SV20210110,IT4030,Phát triển ứng dụng Web,4,Nhóm 02,Công nghệ thông tin,2.8,76,8.7,87.4,11,98.3,84,7.6,7.0,0
SV20210110,MA2010,Xác suất thống kê ứng dụng,3,Nhóm 02,Công nghệ thông tin,2.8,76,7.1,81.0,8,79.3,53,8.2,6.9,0
SV20210111,IT4010,Học máy & Khai phá dữ liệu,3,Nhóm 03,Công nghệ thông tin,2.5,46,6.8,65.6,8,75.7,80,5.0,5.9,0
SV20210111,IT4020,Hệ quản trị CSDL nâng cao,3,Nhóm 03,Công nghệ thông tin,2.5,46,5.3,74.1,9,85.0,77,6.5,6.0,0
SV20210111,IT4030,Phát triển ứng dụng Web,4,Nhóm 03,Công nghệ thông tin,2.5,46,6.9,80.9,5,82.3,71,6.8,5.2,0
SV20210111,MA2010,Xác suất thống kê ứng dụng,3,Nhóm 03,Công nghệ thông tin,2.5,46,5.7,60.8,5,68.7,68,4.3,6.3,0
SV20210112,IT4010,Học máy & Khai phá dữ liệu,3,Nhóm 04,Công nghệ thông tin,3.8,90,9.1,99.5,19,100.0,70,9.0,8.1,0
SV20210112,IT4020,Hệ quản trị CSDL nâng cao,3,Nhóm 04,Công nghệ thông tin,3.8,90,8.6,86.9,7,86.7,73,8.7,6.9,0
SV20210112,IT4030,Phát triển ứng dụng Web,4,Nhóm 04,Công nghệ thông tin,3.8,90,9.4,87.1,17,92.4,75,10.8,9.8,0
SV20210112,MA2010,Xác suất thống kê ứng dụng,3,Nhóm 04,Công nghệ thông tin,3.8,90,8.2,89.3,22,89.5,79,10.3,7.7,0
SV20210113,IT4010,Học máy & Khai phá dữ liệu,3,Nhóm 01,Kỹ thuật dữ liệu,3.0,75,9.5,88.5,11,93.4,80,10.0,7.6,0
SV20210113,IT4020,Hệ quản trị CSDL nâng cao,3,Nhóm 01,Kỹ thuật dữ liệu,3.0,75,7.7,90.5,11,97.2,81,7.4,6.9,0
SV20210113,IT4030,Phát triển ứng dụng Web,4,Nhóm 01,Kỹ thuật dữ liệu,3.0,75,9.6,81.5,15,91.8,65,7.3,7.7,0
SV20210113,MA2010,Xác suất thống kê ứng dụng,3,Nhóm 01,Kỹ thuật dữ liệu,3.0,75,8.4,98.1,10,94.9,77,8.4,7.0,0
SV20210114,IT4010,Học máy & Khai phá dữ liệu,3,Nhóm 02,Kỹ thuật dữ liệu,2.6,71,9.2,82.1,12,92.5,87,4.7,6.2,0
SV20210114,IT4020,Hệ quản trị CSDL nâng cao,3,Nhóm 02,Kỹ thuật dữ liệu,2.6,71,8.0,84.0,15,100.0,75,7.1,7.5,0
SV20210114,IT4030,Phát triển ứng dụng Web,4,Nhóm 02,Kỹ thuật dữ liệu,2.6,71,8.2,80.8,16,71.0,81,7.7,9.3,0
SV20210114,MA2010,Xác suất thống kê ứng dụng,3,Nhóm 02,Kỹ thuật dữ liệu,2.6,71,8.1,89.3,12,98.6,89,7.7,6.3,0
SV20210115,IT4010,Học máy & Khai phá dữ liệu,3,Nhóm 03,Kinh tế số,1.9,35,5.9,79.3,8,62.7,76,4.9,4.2,1
SV20210115,IT4020,Hệ quản trị CSDL nâng cao,3,Nhóm 03,Kinh tế số,1.9,35,5.8,73.2,10,81.6,50,3.7,4.1,1
SV20210115,IT4030,Phát triển ứng dụng Web,4,Nhóm 03,Kinh tế số,1.9,35,6.3,68.3,9,89.6,73,7.0,6.5,0
SV20210115,MA2010,Xác suất thống kê ứng dụng,3,Nhóm 03,Kinh tế số,1.9,35,5.2,58.3,8,79.4,69,3.8,4.8,1
SV20210116,IT4010,Học máy & Khai phá dữ liệu,3,Nhóm 04,Công nghệ thông tin,2.9,70,9.2,84.6,12,67.2,83,9.6,6.9,0
SV20210116,IT4020,Hệ quản trị CSDL nâng cao,3,Nhóm 04,Công nghệ thông tin,2.9,70,7.0,83.0,11,86.7,66,3.9,5.0,0
SV20210116,IT4030,Phát triển ứng dụng Web,4,Nhóm 04,Công nghệ thông tin,2.9,70,8.0,85.3,9,86.0,86,6.0,7.4,0
SV20210116,MA2010,Xác suất thống kê ứng dụng,3,Nhóm 04,Công nghệ thông tin,2.9,70,6.8,76.7,17,81.2,59,5.4,4.3,1
SV20210117,IT4010,Học máy & Khai phá dữ liệu,3,Nhóm 01,Kỹ thuật dữ liệu,3.3,95,8.8,80.5,19,92.1,77,8.8,9.5,0
SV20210117,IT4020,Hệ quản trị CSDL nâng cao,3,Nhóm 01,Kỹ thuật dữ liệu,3.3,95,9.4,87.5,8,98.3,77,8.0,8.3,0
SV20210117,IT4030,Phát triển ứng dụng Web,4,Nhóm 01,Kỹ thuật dữ liệu,3.3,95,8.6,85.2,15,82.4,83,7.5,6.9,0
SV20210117,MA2010,Xác suất thống kê ứng dụng,3,Nhóm 01,Kỹ thuật dữ liệu,3.3,95,7.5,79.2,14,95.9,88,13.5,5.9,0
SV20210118,IT4010,Học máy & Khai phá dữ liệu,3,Nhóm 02,Công nghệ thông tin,2.1,64,6.8,83.2,9,82.9,70,3.7,5.0,0
SV20210118,IT4020,Hệ quản trị CSDL nâng cao,3,Nhóm 02,Công nghệ thông tin,2.1,64,7.4,68.8,7,85.1,64,2.3,6.4,0
SV20210118,IT4030,Phát triển ứng dụng Web,4,Nhóm 02,Công nghệ thông tin,2.1,64,7.1,79.9,5,91.2,78,5.4,7.8,0
SV20210118,MA2010,Xác suất thống kê ứng dụng,3,Nhóm 02,Công nghệ thông tin,2.1,64,6.7,84.5,8,71.7,62,7.8,6.9,0
SV20210119,IT4010,Học máy & Khai phá dữ liệu,3,Nhóm 03,Công nghệ thông tin,2.2,99,7.0,73.2,10,71.6,70,4.9,5.5,0
SV20210119,IT4020,Hệ quản trị CSDL nâng cao,3,Nhóm 03,Công nghệ thông tin,2.2,99,7.3,97.2,19,74.2,78,9.7,8.1,0
SV20210119,IT4030,Phát triển ứng dụng Web,4,Nhóm 03,Công nghệ thông tin,2.2,99,7.2,74.1,9,79.9,76,7.9,7.1,0
SV20210119,MA2010,Xác suất thống kê ứng dụng,3,Nhóm 03,Công nghệ thông tin,2.2,99,7.2,73.0,4,85.2,62,5.8,6.7,0
SV20210120,IT4010,Học máy & Khai phá dữ liệu,3,Nhóm 04,Công nghệ thông tin,2.9,108,8.4,67.7,8,84.9,73,6.1,7.8,0
SV20210120,IT4020,Hệ quản trị CSDL nâng cao,3,Nhóm 04,Công nghệ thông tin,2.9,108,7.8,96.1,8,93.0,66,6.6,6.8,0
SV20210120,IT4030,Phát triển ứng dụng Web,4,Nhóm 04,Công nghệ thông tin,2.9,108,7.6,84.4,15,95.0,77,5.3,6.4,0
SV20210120,MA2010,Xác suất thống kê ứng dụng,3,Nhóm 04,Công nghệ thông tin,2.9,108,7.0,93.4,11,76.8,88,7.2,8.2,0
SV20210121,IT4010,Học máy & Khai phá dữ liệu,3,Nhóm 01,Kỹ thuật dữ liệu,3.7,124,8.7,85.1,12,100.0,81,9.8,9.7,0
SV20210121,IT4020,Hệ quản trị CSDL nâng cao,3,Nhóm 01,Kỹ thuật dữ liệu,3.7,124,8.2,100.0,9,100.0,86,9.5,8.1,0
SV20210121,IT4030,Phát triển ứng dụng Web,4,Nhóm 01,Kỹ thuật dữ liệu,3.7,124,10.0,100.0,19,84.1,61,11.4,10.0,0
SV20210121,MA2010,Xác suất thống kê ứng dụng,3,Nhóm 01,Kỹ thuật dữ liệu,3.7,124,9.8,87.2,20,94.2,96,10.1,7.1,0
SV20210122,IT4010,Học máy & Khai phá dữ liệu,3,Nhóm 02,Kinh tế số,2.5,47,7.7,100.0,12,77.3,63,7.3,7.2,0
SV20210122,IT4020,Hệ quản trị CSDL nâng cao,3,Nhóm 02,Kinh tế số,2.5,47,5.1,69.1,9,58.0,68,4.3,4.0,1
SV20210122,IT4030,Phát triển ứng dụng Web,4,Nhóm 02,Kinh tế số,2.5,47,7.5,73.8,4,96.1,64,3.3,5.8,0
SV20210122,MA2010,Xác suất thống kê ứng dụng,3,Nhóm 02,Kinh tế số,2.5,47,6.3,67.7,12,84.0,60,7.1,5.0,0
SV20210123,IT4010,Học máy & Khai phá dữ liệu,3,Nhóm 03,Kinh tế số,3.2,96,7.5,83.6,13,92.4,77,7.8,6.2,0
SV20210123,IT4020,Hệ quản trị CSDL nâng cao,3,Nhóm 03,Kinh tế số,3.2,96,8.1,96.9,11,96.9,78,8.3,6.3,0
SV20210123,IT4030,Phát triển ứng dụng Web,4,Nhóm 03,Kinh tế số,3.2,96,9.7,91.1,13,100.0,76,2.6,8.6,0
SV20210123,MA2010,Xác suất thống kê ứng dụng,3,Nhóm 03,Kinh tế số,3.2,96,9.4,100.0,17,89.4,65,7.5,7.2,0
SV20210124,IT4010,Học máy & Khai phá dữ liệu,3,Nhóm 04,Công nghệ thông tin,2.9,84,8.2,93.3,18,100.0,80,10.3,7.2,0
SV20210124,IT4020,Hệ quản trị CSDL nâng cao,3,Nhóm 04,Công nghệ thông tin,2.9,84,7.2,85.1,9,82.8,74,6.8,7.1,0
SV20210124,IT4030,Phát triển ứng dụng Web,4,Nhóm 04,Công nghệ thông tin,2.9,84,9.3,92.5,11,96.0,77,4.0,6.9,0
SV20210124,MA2010,Xác suất thống kê ứng dụng,3,Nhóm 04,Công nghệ thông tin,2.9,84,8.4,93.7,9,86.8,79,7.7,7.3,0
SV20210125,IT4010,Học máy & Khai phá dữ liệu,3,Nhóm 01,Kinh tế số,2.2,45,6.2,88.2,10,74.8,66,5.1,8.2,0
SV20210125,IT4020,Hệ quản trị CSDL nâng cao,3,Nhóm 01,Kinh tế số,2.2,45,5.6,75.7,9,77.1,63,2.8,3.9,1
SV20210125,IT4030,Phát triển ứng dụng Web,4,Nhóm 01,Kinh tế số,2.2,45,7.1,81.1,5,77.4,72,4.3,5.6,0
SV20210125,MA2010,Xác suất thống kê ứng dụng,3,Nhóm 01,Kinh tế số,2.2,45,5.9,92.7,4,63.8,71,5.0,8.0,0
SV20210126,IT4010,Học máy & Khai phá dữ liệu,3,Nhóm 02,Công nghệ thông tin,1.8,59,5.4,74.1,3,76.3,50,3.8,5.7,0
SV20210126,IT4020,Hệ quản trị CSDL nâng cao,3,Nhóm 02,Công nghệ thông tin,1.8,59,6.0,78.0,11,90.4,54,3.7,3.2,1
SV20210126,IT4030,Phát triển ứng dụng Web,4,Nhóm 02,Công nghệ thông tin,1.8,59,5.0,73.7,7,61.5,63,3.8,6.1,0
SV20210126,MA2010,Xác suất thống kê ứng dụng,3,Nhóm 02,Công nghệ thông tin,1.8,59,3.9,72.4,6,67.2,62,0.8,3.3,1
SV20210127,IT4010,Học máy & Khai phá dữ liệu,3,Nhóm 03,Công nghệ thông tin,1.7,49,7.3,86.9,1,88.9,79,6.6,7.0,0
SV20210127,IT4020,Hệ quản trị CSDL nâng cao,3,Nhóm 03,Công nghệ thông tin,1.7,49,5.5,67.7,11,70.5,52,3.1,6.4,0
SV20210127,IT4030,Phát triển ứng dụng Web,4,Nhóm 03,Công nghệ thông tin,1.7,49,6.0,64.2,13,53.8,71,0.0,5.4,0
SV20210127,MA2010,Xác suất thống kê ứng dụng,3,Nhóm 03,Công nghệ thông tin,1.7,49,6.0,59.5,6,71.9,53,2.7,6.5,0
SV20210128,IT4010,Học máy & Khai phá dữ liệu,3,Nhóm 04,Công nghệ thông tin,3.0,80,9.2,92.8,16,96.3,69,8.3,7.8,0
SV20210128,IT4020,Hệ quản trị CSDL nâng cao,3,Nhóm 04,Công nghệ thông tin,3.0,80,8.1,87.8,16,83.0,80,7.0,4.9,1
SV20210128,IT4030,Phát triển ứng dụng Web,4,Nhóm 04,Công nghệ thông tin,3.0,80,8.1,87.8,10,85.5,78,6.1,6.8,0
SV20210128,MA2010,Xác suất thống kê ứng dụng,3,Nhóm 04,Công nghệ thông tin,3.0,80,7.3,81.6,16,86.4,82,5.6,6.1,0
SV20210129,IT4010,Học máy & Khai phá dữ liệu,3,Nhóm 01,Công nghệ thông tin,3.3,122,9.6,83.7,9,95.2,84,11.7,10.0,0
SV20210129,IT4020,Hệ quản trị CSDL nâng cao,3,Nhóm 01,Công nghệ thông tin,3.3,122,7.1,91.5,12,78.3,82,8.6,7.6,0
SV20210129,IT4030,Phát triển ứng dụng Web,4,Nhóm 01,Công nghệ thông tin,3.3,122,8.9,100.0,8,85.9,82,8.0,8.1,0
SV20210129,MA2010,Xác suất thống kê ứng dụng,3,Nhóm 01,Công nghệ thông tin,3.3,122,10.0,93.8,13,100.0,89,9.1,9.3,0
SV20210130,IT4010,Học máy & Khai phá dữ liệu,3,Nhóm 02,Công nghệ thông tin,3.2,105,8.6,94.8,14,100.0,85,6.8,7.8,0
SV20210130,IT4020,Hệ quản trị CSDL nâng cao,3,Nhóm 02,Công nghệ thông tin,3.2,105,9.4,97.7,9,86.5,79,8.6,8.2,0
SV20210130,IT4030,Phát triển ứng dụng Web,4,Nhóm 02,Công nghệ thông tin,3.2,105,8.6,84.0,18,84.8,95,9.6,7.0,0
SV20210130,MA2010,Xác suất thống kê ứng dụng,3,Nhóm 02,Công nghệ thông tin,3.2,105,9.2,94.2,14,89.6,93,7.3,9.0,0
SV20210131,IT4010,Học máy & Khai phá dữ liệu,3,Nhóm 03,Kỹ thuật dữ liệu,2.2,34,3.6,69.5,7,64.6,87,3.8,4.4,1
SV20210131,IT4020,Hệ quản trị CSDL nâng cao,3,Nhóm 03,Kỹ thuật dữ liệu,2.2,34,5.6,77.2,10,58.0,60,2.5,5.2,0
SV20210131,IT4030,Phát triển ứng dụng Web,4,Nhóm 03,Kỹ thuật dữ liệu,2.2,34,5.3,66.4,6,80.1,69,0.0,6.7,0
SV20210131,MA2010,Xác suất thống kê ứng dụng,3,Nhóm 03,Kỹ thuật dữ liệu,2.2,34,4.2,69.7,6,74.2,69,4.0,4.4,1
SV20210132,IT4010,Học máy & Khai phá dữ liệu,3,Nhóm 04,Công nghệ thông tin,2.4,56,6.9,93.4,9,74.1,61,7.2,4.9,1
SV20210132,IT4020,Hệ quản trị CSDL nâng cao,3,Nhóm 04,Công nghệ thông tin,2.4,56,6.8,85.8,5,96.6,63,7.3,7.9,0
SV20210132,IT4030,Phát triển ứng dụng Web,4,Nhóm 04,Công nghệ thông tin,2.4,56,7.9,70.9,3,83.1,73,6.4,5.7,0
SV20210132,MA2010,Xác suất thống kê ứng dụng,3,Nhóm 04,Công nghệ thông tin,2.4,56,7.1,79.9,13,64.4,88,5.0,4.3,1
SV20210133,IT4010,Học máy & Khai phá dữ liệu,3,Nhóm 01,Công nghệ thông tin,3.3,116,8.9,93.6,13,88.9,81,7.8,8.2,0
SV20210133,IT4020,Hệ quản trị CSDL nâng cao,3,Nhóm 01,Công nghệ thông tin,3.3,116,6.7,88.3,12,86.4,100,8.3,7.0,0
SV20210133,IT4030,Phát triển ứng dụng Web,4,Nhóm 01,Công nghệ thông tin,3.3,116,9.4,100.0,19,99.4,98,10.5,8.2,0
SV20210133,MA2010,Xác suất thống kê ứng dụng,3,Nhóm 01,Công nghệ thông tin,3.3,116,9.0,99.1,18,79.1,73,9.1,8.9,0
SV20210134,IT4010,Học máy & Khai phá dữ liệu,3,Nhóm 02,Công nghệ thông tin,2.4,66,6.3,76.1,7,81.0,71,5.5,4.5,1
SV20210134,IT4020,Hệ quản trị CSDL nâng cao,3,Nhóm 02,Công nghệ thông tin,2.4,66,6.9,77.3,6,74.2,86,5.9,5.1,0
SV20210134,IT4030,Phát triển ứng dụng Web,4,Nhóm 02,Công nghệ thông tin,2.4,66,7.2,68.4,5,81.2,58,5.0,8.8,0
SV20210134,MA2010,Xác suất thống kê ứng dụng,3,Nhóm 02,Công nghệ thông tin,2.4,66,7.5,70.3,13,87.5,77,8.0,6.1,0
SV20210135,IT4010,Học máy & Khai phá dữ liệu,3,Nhóm 03,Kinh tế số,2.3,88,6.5,66.6,4,87.1,66,4.8,7.6,0
SV20210135,IT4020,Hệ quản trị CSDL nâng cao,3,Nhóm 03,Kinh tế số,2.3,88,7.1,72.7,11,70.2,57,3.9,5.8,0
SV20210135,IT4030,Phát triển ứng dụng Web,4,Nhóm 03,Kinh tế số,2.3,88,6.3,86.3,14,72.1,71,4.0,6.7,0
SV20210135,MA2010,Xác suất thống kê ứng dụng,3,Nhóm 03,Kinh tế số,2.3,88,7.2,85.4,3,82.3,62,7.0,7.7,0
SV20210136,IT4010,Học máy & Khai phá dữ liệu,3,Nhóm 04,Kinh tế số,2.8,88,9.3,97.7,12,87.9,86,6.6,9.1,0
SV20210136,IT4020,Hệ quản trị CSDL nâng cao,3,Nhóm 04,Kinh tế số,2.8,88,6.0,72.0,6,92.2,75,10.6,5.3,0
SV20210136,IT4030,Phát triển ứng dụng Web,4,Nhóm 04,Kinh tế số,2.8,88,7.6,84.6,6,77.6,75,7.4,8.1,0
SV20210136,MA2010,Xác suất thống kê ứng dụng,3,Nhóm 04,Kinh tế số,2.8,88,7.6,88.8,10,82.5,91,8.3,7.0,0
SV20210137,IT4010,Học máy & Khai phá dữ liệu,3,Nhóm 01,Kinh tế số,2.1,75,6.4,66.4,12,80.6,74,6.0,4.2,1
SV20210137,IT4020,Hệ quản trị CSDL nâng cao,3,Nhóm 01,Kinh tế số,2.1,75,5.8,79.0,11,70.9,63,6.8,5.6,0
SV20210137,IT4030,Phát triển ứng dụng Web,4,Nhóm 01,Kinh tế số,2.1,75,6.9,65.5,7,88.9,64,4.6,5.4,0
SV20210137,MA2010,Xác suất thống kê ứng dụng,3,Nhóm 01,Kinh tế số,2.1,75,7.3,80.2,6,77.7,72,4.0,4.9,1
SV20210138,IT4010,Học máy & Khai phá dữ liệu,3,Nhóm 02,Công nghệ thông tin,3.6,128,10.0,100.0,9,97.0,91,9.0,10.0,0
SV20210138,IT4020,Hệ quản trị CSDL nâng cao,3,Nhóm 02,Công nghệ thông tin,3.6,128,8.3,92.2,12,83.2,81,11.0,8.7,0
SV20210138,IT4030,Phát triển ứng dụng Web,4,Nhóm 02,Công nghệ thông tin,3.6,128,9.4,100.0,14,100.0,84,7.7,8.6,0
SV20210138,MA2010,Xác suất thống kê ứng dụng,3,Nhóm 02,Công nghệ thông tin,3.6,128,9.1,84.3,19,100.0,83,9.0,8.5,0
SV20210139,IT4010,Học máy & Khai phá dữ liệu,3,Nhóm 03,Kinh tế số,2.4,73,6.2,64.7,13,76.4,51,6.8,7.0,0
SV20210139,IT4020,Hệ quản trị CSDL nâng cao,3,Nhóm 03,Kinh tế số,2.4,73,5.6,87.7,7,63.2,76,3.5,3.8,1
SV20210139,IT4030,Phát triển ứng dụng Web,4,Nhóm 03,Kinh tế số,2.4,73,6.9,85.7,5,95.5,74,7.1,7.1,0
SV20210139,MA2010,Xác suất thống kê ứng dụng,3,Nhóm 03,Kinh tế số,2.4,73,5.1,87.1,5,72.7,63,7.5,6.2,0
SV20210140,IT4010,Học máy & Khai phá dữ liệu,3,Nhóm 04,Kỹ thuật dữ liệu,2.5,58,6.6,77.9,14,71.6,67,2.8,7.2,0
SV20210140,IT4020,Hệ quản trị CSDL nâng cao,3,Nhóm 04,Kỹ thuật dữ liệu,2.5,58,7.1,96.3,8,78.1,62,2.7,6.8,0
SV20210140,IT4030,Phát triển ứng dụng Web,4,Nhóm 04,Kỹ thuật dữ liệu,2.5,58,7.1,75.1,8,91.6,73,5.1,6.7,0
SV20210140,MA2010,Xác suất thống kê ứng dụng,3,Nhóm 04,Kỹ thuật dữ liệu,2.5,58,5.1,78.9,6,89.7,75,5.8,6.4,0
SV20210141,IT4010,Học máy & Khai phá dữ liệu,3,Nhóm 01,Kỹ thuật dữ liệu,3.0,90,8.3,97.8,8,100.0,80,8.7,6.9,0
SV20210141,IT4020,Hệ quản trị CSDL nâng cao,3,Nhóm 01,Kỹ thuật dữ liệu,3.0,90,7.2,87.6,13,87.4,85,7.0,6.9,0
SV20210141,IT4030,Phát triển ứng dụng Web,4,Nhóm 01,Kỹ thuật dữ liệu,3.0,90,8.6,72.6,11,87.7,77,6.7,7.5,0
SV20210141,MA2010,Xác suất thống kê ứng dụng,3,Nhóm 01,Kỹ thuật dữ liệu,3.0,90,7.9,93.6,16,76.3,69,5.4,5.3,0
SV20210142,IT4010,Học máy & Khai phá dữ liệu,3,Nhóm 02,Công nghệ thông tin,1.9,43,6.4,82.8,8,87.3,80,3.7,7.0,0
SV20210142,IT4020,Hệ quản trị CSDL nâng cao,3,Nhóm 02,Công nghệ thông tin,1.9,43,5.1,71.6,10,73.2,70,4.0,5.3,0
SV20210142,IT4030,Phát triển ứng dụng Web,4,Nhóm 02,Công nghệ thông tin,1.9,43,8.2,84.8,5,85.8,77,7.1,7.5,0
SV20210142,MA2010,Xác suất thống kê ứng dụng,3,Nhóm 02,Công nghệ thông tin,1.9,43,6.0,83.5,3,78.5,69,3.0,5.9,0
SV20210143,IT4010,Học máy & Khai phá dữ liệu,3,Nhóm 03,Kỹ thuật dữ liệu,2.2,31,5.4,60.6,8,67.1,68,4.1,4.4,1
SV20210143,IT4020,Hệ quản trị CSDL nâng cao,3,Nhóm 03,Kỹ thuật dữ liệu,2.2,31,7.0,83.6,6,80.6,75,6.8,6.0,0
SV20210143,IT4030,Phát triển ứng dụng Web,4,Nhóm 03,Kỹ thuật dữ liệu,2.2,31,5.6,75.9,8,91.9,78,2.4,5.0,0
SV20210143,MA2010,Xác suất thống kê ứng dụng,3,Nhóm 03,Kỹ thuật dữ liệu,2.2,31,4.0,66.8,3,49.3,71,3.5,4.9,1
SV20210144,IT4010,Học máy & Khai phá dữ liệu,3,Nhóm 04,Kinh tế số,3.4,93,8.3,83.4,15,96.1,87,10.8,8.0,0
SV20210144,IT4020,Hệ quản trị CSDL nâng cao,3,Nhóm 04,Kinh tế số,3.4,93,8.7,79.3,17,84.8,80,8.8,9.6,0
SV20210144,IT4030,Phát triển ứng dụng Web,4,Nhóm 04,Kinh tế số,3.4,93,9.9,85.2,8,92.8,77,10.4,8.1,0
SV20210144,MA2010,Xác suất thống kê ứng dụng,3,Nhóm 04,Kinh tế số,3.4,93,10.0,86.6,12,63.3,87,9.5,7.5,0
SV20210145,IT4010,Học máy & Khai phá dữ liệu,3,Nhóm 01,Kinh tế số,3.6,89,8.2,91.3,12,94.0,75,3.6,7.3,0
SV20210145,IT4020,Hệ quản trị CSDL nâng cao,3,Nhóm 01,Kinh tế số,3.6,89,7.7,85.7,10,100.0,74,6.4,8.7,0
SV20210145,IT4030,Phát triển ứng dụng Web,4,Nhóm 01,Kinh tế số,3.6,89,10.0,100.0,16,86.1,75,12.7,10.0,0
SV20210145,MA2010,Xác suất thống kê ứng dụng,3,Nhóm 01,Kinh tế số,3.6,89,8.8,100.0,14,85.5,75,9.2,10.0,0
SV20210146,IT4010,Học máy & Khai phá dữ liệu,3,Nhóm 02,Kinh tế số,2.5,75,8.4,85.9,5,81.8,65,4.7,7.6,0
SV20210146,IT4020,Hệ quản trị CSDL nâng cao,3,Nhóm 02,Kinh tế số,2.5,75,5.0,75.2,7,84.4,77,6.4,3.6,1
SV20210146,IT4030,Phát triển ứng dụng Web,4,Nhóm 02,Kinh tế số,2.5,75,7.1,100.0,1,98.4,70,7.6,9.2,0
SV20210146,MA2010,Xác suất thống kê ứng dụng,3,Nhóm 02,Kinh tế số,2.5,75,6.3,80.2,9,57.9,71,3.9,6.2,0
SV20210147,IT4010,Học máy & Khai phá dữ liệu,3,Nhóm 03,Kỹ thuật dữ liệu,2.4,45,6.9,58.1,6,87.2,67,4.9,5.8,0
SV20210147,IT4020,Hệ quản trị CSDL nâng cao,3,Nhóm 03,Kỹ thuật dữ liệu,2.4,45,6.1,68.3,10,77.2,76,5.3,5.3,0
SV20210147,IT4030,Phát triển ứng dụng Web,4,Nhóm 03,Kỹ thuật dữ liệu,2.4,45,7.3,82.1,11,88.4,72,3.6,7.3,0
SV20210147,MA2010,Xác suất thống kê ứng dụng,3,Nhóm 03,Kỹ thuật dữ liệu,2.4,45,8.6,81.8,10,62.8,68,1.9,7.4,0
SV20210148,IT4010,Học máy & Khai phá dữ liệu,3,Nhóm 04,Công nghệ thông tin,2.0,47,6.5,61.4,3,92.4,63,4.0,6.3,0
SV20210148,IT4020,Hệ quản trị CSDL nâng cao,3,Nhóm 04,Công nghệ thông tin,2.0,47,5.3,76.6,6,95.2,66,2.8,5.1,0
SV20210148,IT4030,Phát triển ứng dụng Web,4,Nhóm 04,Công nghệ thông tin,2.0,47,5.1,77.4,4,76.5,63,1.0,7.4,0
SV20210148,MA2010,Xác suất thống kê ứng dụng,3,Nhóm 04,Công nghệ thông tin,2.0,47,6.1,84.1,4,70.3,70,6.0,5.8,0
SV20210149,IT4010,Học máy & Khai phá dữ liệu,3,Nhóm 01,Công nghệ thông tin,2.8,109,6.7,96.7,4,86.0,73,8.7,7.1,0
SV20210149,IT4020,Hệ quản trị CSDL nâng cao,3,Nhóm 01,Công nghệ thông tin,2.8,109,8.0,70.5,11,90.2,73,7.1,6.8,0
SV20210149,IT4030,Phát triển ứng dụng Web,4,Nhóm 01,Công nghệ thông tin,2.8,109,7.3,74.0,6,81.3,82,6.5,6.8,0
SV20210149,MA2010,Xác suất thống kê ứng dụng,3,Nhóm 01,Công nghệ thông tin,2.8,109,8.0,88.7,9,88.4,85,9.1,7.9,0
SV20210150,IT4010,Học máy & Khai phá dữ liệu,3,Nhóm 02,Kỹ thuật dữ liệu,3.1,109,8.5,100.0,6,100.0,83,8.7,8.7,0
SV20210150,IT4020,Hệ quản trị CSDL nâng cao,3,Nhóm 02,Kỹ thuật dữ liệu,3.1,109,6.9,88.9,12,95.3,65,7.8,4.3,1
SV20210150,IT4030,Phát triển ứng dụng Web,4,Nhóm 02,Kỹ thuật dữ liệu,3.1,109,8.0,99.8,9,100.0,83,5.8,8.8,0
SV20210150,MA2010,Xác suất thống kê ứng dụng,3,Nhóm 02,Kỹ thuật dữ liệu,3.1,109,8.8,96.5,16,97.0,87,9.6,7.1,0
SV20210151,IT4010,Học máy & Khai phá dữ liệu,3,Nhóm 03,Kỹ thuật dữ liệu,3.0,95,7.2,92.5,10,92.7,69,4.3,7.3,0
SV20210151,IT4020,Hệ quản trị CSDL nâng cao,3,Nhóm 03,Kỹ thuật dữ liệu,3.0,95,7.8,89.0,11,77.5,86,3.4,7.3,0
SV20210151,IT4030,Phát triển ứng dụng Web,4,Nhóm 03,Kỹ thuật dữ liệu,3.0,95,8.5,98.0,12,89.8,75,7.2,7.6,0
SV20210151,MA2010,Xác suất thống kê ứng dụng,3,Nhóm 03,Kỹ thuật dữ liệu,3.0,95,8.6,76.8,8,78.3,69,9.6,6.0,0
SV20210152,IT4010,Học máy & Khai phá dữ liệu,3,Nhóm 04,Kinh tế số,3.0,80,7.5,75.6,10,100.0,71,11.9,5.5,0
SV20210152,IT4020,Hệ quản trị CSDL nâng cao,3,Nhóm 04,Kinh tế số,3.0,80,6.8,85.8,13,72.3,67,5.9,6.1,0
SV20210152,IT4030,Phát triển ứng dụng Web,4,Nhóm 04,Kinh tế số,3.0,80,7.5,78.8,9,79.9,74,3.9,6.6,0
SV20210152,MA2010,Xác suất thống kê ứng dụng,3,Nhóm 04,Kinh tế số,3.0,80,7.3,88.2,11,68.4,75,6.3,7.1,0
SV20210153,IT4010,Học máy & Khai phá dữ liệu,3,Nhóm 01,Công nghệ thông tin,2.2,46,5.5,74.6,12,77.5,62,5.5,5.4,0
SV20210153,IT4020,Hệ quản trị CSDL nâng cao,3,Nhóm 01,Công nghệ thông tin,2.2,46,6.2,92.4,5,68.3,68,2.9,5.6,0
SV20210153,IT4030,Phát triển ứng dụng Web,4,Nhóm 01,Công nghệ thông tin,2.2,46,6.3,72.0,16,89.2,69,2.9,3.0,1
SV20210153,MA2010,Xác suất thống kê ứng dụng,3,Nhóm 01,Công nghệ thông tin,2.2,46,6.6,73.3,12,79.2,86,6.3,7.0,0
SV20210154,IT4010,Học máy & Khai phá dữ liệu,3,Nhóm 02,Công nghệ thông tin,3.3,80,9.2,87.2,10,85.7,91,6.9,8.6,0
SV20210154,IT4020,Hệ quản trị CSDL nâng cao,3,Nhóm 02,Công nghệ thông tin,3.3,80,7.3,86.1,6,88.2,73,9.1,7.4,0
SV20210154,IT4030,Phát triển ứng dụng Web,4,Nhóm 02,Công nghệ thông tin,3.3,80,9.9,97.1,14,100.0,88,7.4,8.4,0
SV20210154,MA2010,Xác suất thống kê ứng dụng,3,Nhóm 02,Công nghệ thông tin,3.3,80,6.6,98.8,13,100.0,72,5.4,5.3,0
SV20210155,IT4010,Học máy & Khai phá dữ liệu,3,Nhóm 03,Kinh tế số,2.9,84,8.4,85.0,11,92.8,84,11.6,10.0,0
SV20210155,IT4020,Hệ quản trị CSDL nâng cao,3,Nhóm 03,Kinh tế số,2.9,84,8.3,81.3,11,91.5,80,4.3,5.5,0
SV20210155,IT4030,Phát triển ứng dụng Web,4,Nhóm 03,Kinh tế số,2.9,84,6.2,77.4,20,62.1,62,7.4,7.1,0
SV20210155,MA2010,Xác suất thống kê ứng dụng,3,Nhóm 03,Kinh tế số,2.9,84,8.6,94.2,23,82.2,79,6.8,7.3,0
SV20210156,IT4010,Học máy & Khai phá dữ liệu,3,Nhóm 04,Công nghệ thông tin,2.1,62,6.5,65.9,9,91.0,76,5.1,5.2,0
SV20210156,IT4020,Hệ quản trị CSDL nâng cao,3,Nhóm 04,Công nghệ thông tin,2.1,62,6.8,67.5,10,79.4,74,3.5,5.1,0
SV20210156,IT4030,Phát triển ứng dụng Web,4,Nhóm 04,Công nghệ thông tin,2.1,62,5.5,68.2,16,65.6,58,1.4,5.9,0
SV20210156,MA2010,Xác suất thống kê ứng dụng,3,Nhóm 04,Công nghệ thông tin,2.1,62,4.9,72.7,7,65.1,69,3.1,4.5,1
SV20210157,IT4010,Học máy & Khai phá dữ liệu,3,Nhóm 01,Công nghệ thông tin,2.4,62,7.0,75.3,3,85.3,53,2.3,6.1,0
SV20210157,IT4020,Hệ quản trị CSDL nâng cao,3,Nhóm 01,Công nghệ thông tin,2.4,62,5.0,85.2,6,80.7,79,5.1,6.1,0
SV20210157,IT4030,Phát triển ứng dụng Web,4,Nhóm 01,Công nghệ thông tin,2.4,62,5.9,90.4,7,78.2,56,6.4,4.4,1
SV20210157,MA2010,Xác suất thống kê ứng dụng,3,Nhóm 01,Công nghệ thông tin,2.4,62,6.9,77.6,9,66.5,68,2.2,4.9,1
SV20210158,IT4010,Học máy & Khai phá dữ liệu,3,Nhóm 02,Kỹ thuật dữ liệu,2.6,71,7.3,89.0,5,84.0,74,6.3,6.2,0
SV20210158,IT4020,Hệ quản trị CSDL nâng cao,3,Nhóm 02,Kỹ thuật dữ liệu,2.6,71,8.9,83.0,11,78.8,77,2.6,6.9,0
SV20210158,IT4030,Phát triển ứng dụng Web,4,Nhóm 02,Kỹ thuật dữ liệu,2.6,71,8.1,75.0,13,74.4,79,8.2,6.9,0
SV20210158,MA2010,Xác suất thống kê ứng dụng,3,Nhóm 02,Kỹ thuật dữ liệu,2.6,71,6.5,90.6,15,86.3,63,6.2,5.9,0
SV20210159,IT4010,Học máy & Khai phá dữ liệu,3,Nhóm 03,Công nghệ thông tin,1.9,28,6.3,75.5,6,83.8,62,6.0,6.2,0
SV20210159,IT4020,Hệ quản trị CSDL nâng cao,3,Nhóm 03,Công nghệ thông tin,1.9,28,5.3,68.3,8,79.1,50,3.9,3.7,1
SV20210159,IT4030,Phát triển ứng dụng Web,4,Nhóm 03,Công nghệ thông tin,1.9,28,5.6,76.8,6,92.8,54,3.1,6.1,0
SV20210159,MA2010,Xác suất thống kê ứng dụng,3,Nhóm 03,Công nghệ thông tin,1.9,28,5.4,80.0,1,62.0,62,4.1,5.8,0
SV20210160,IT4010,Học máy & Khai phá dữ liệu,3,Nhóm 04,Kinh tế số,2.3,51,6.0,70.7,8,82.0,82,6.4,6.5,0
SV20210160,IT4020,Hệ quản trị CSDL nâng cao,3,Nhóm 04,Kinh tế số,2.3,51,6.1,57.3,16,79.2,67,3.2,5.5,0
SV20210160,IT4030,Phát triển ứng dụng Web,4,Nhóm 04,Kinh tế số,2.3,51,7.4,78.6,7,94.3,60,6.6,6.3,0
SV20210160,MA2010,Xác suất thống kê ứng dụng,3,Nhóm 04,Kinh tế số,2.3,51,6.1,71.7,7,83.4,76,6.4,7.6,0
SV20210161,IT4010,Học máy & Khai phá dữ liệu,3,Nhóm 01,Kinh tế số,3.3,97,9.8,98.7,20,100.0,81,9.1,8.6,0
SV20210161,IT4020,Hệ quản trị CSDL nâng cao,3,Nhóm 01,Kinh tế số,3.3,97,9.8,100.0,12,93.5,79,10.4,8.9,0
SV20210161,IT4030,Phát triển ứng dụng Web,4,Nhóm 01,Kinh tế số,3.3,97,8.9,100.0,17,100.0,78,8.5,8.2,0
SV20210161,MA2010,Xác suất thống kê ứng dụng,3,Nhóm 01,Kinh tế số,3.3,97,7.7,95.4,17,97.7,81,7.3,7.7,0
SV20210162,IT4010,Học máy & Khai phá dữ liệu,3,Nhóm 02,Công nghệ thông tin,3.1,102,10.0,100.0,22,84.4,89,6.6,7.9,0
SV20210162,IT4020,Hệ quản trị CSDL nâng cao,3,Nhóm 02,Công nghệ thông tin,3.1,102,8.3,98.2,16,93.4,89,9.6,7.2,0
SV20210162,IT4030,Phát triển ứng dụng Web,4,Nhóm 02,Công nghệ thông tin,3.1,102,8.8,100.0,4,93.4,86,9.0,10.0,0
SV20210162,MA2010,Xác suất thống kê ứng dụng,3,Nhóm 02,Công nghệ thông tin,3.1,102,9.7,89.6,19,93.8,88,8.2,7.5,0
SV20210163,IT4010,Học máy & Khai phá dữ liệu,3,Nhóm 03,Kỹ thuật dữ liệu,2.4,35,6.8,83.1,13,79.5,77,3.4,5.5,0
SV20210163,IT4020,Hệ quản trị CSDL nâng cao,3,Nhóm 03,Kỹ thuật dữ liệu,2.4,35,4.2,63.5,9,71.9,61,8.3,4.1,1
SV20210163,IT4030,Phát triển ứng dụng Web,4,Nhóm 03,Kỹ thuật dữ liệu,2.4,35,6.8,78.7,14,82.8,73,6.8,5.9,0
SV20210163,MA2010,Xác suất thống kê ứng dụng,3,Nhóm 03,Kỹ thuật dữ liệu,2.4,35,7.4,82.9,6,82.4,68,3.6,9.3,0
SV20210164,IT4010,Học máy & Khai phá dữ liệu,3,Nhóm 04,Kinh tế số,2.7,79,6.7,97.8,16,85.5,72,4.8,5.9,0
SV20210164,IT4020,Hệ quản trị CSDL nâng cao,3,Nhóm 04,Kinh tế số,2.7,79,7.5,88.4,10,90.5,85,2.7,6.0,0
SV20210164,IT4030,Phát triển ứng dụng Web,4,Nhóm 04,Kinh tế số,2.7,79,6.7,87.8,8,81.1,72,5.4,7.3,0
SV20210164,MA2010,Xác suất thống kê ứng dụng,3,Nhóm 04,Kinh tế số,2.7,79,7.9,88.0,5,87.7,94,9.3,6.8,0
SV20210165,IT4010,Học máy & Khai phá dữ liệu,3,Nhóm 01,Kinh tế số,2.5,85,6.8,79.0,6,81.7,69,6.5,7.3,0
SV20210165,IT4020,Hệ quản trị CSDL nâng cao,3,Nhóm 01,Kinh tế số,2.5,85,6.9,66.0,18,77.8,56,5.6,5.8,0
SV20210165,IT4030,Phát triển ứng dụng Web,4,Nhóm 01,Kinh tế số,2.5,85,6.0,97.6,10,98.9,62,4.8,7.4,0
SV20210165,MA2010,Xác suất thống kê ứng dụng,3,Nhóm 01,Kinh tế số,2.5,85,7.9,78.2,11,99.9,76,6.3,7.2,0
SV20210166,IT4010,Học máy & Khai phá dữ liệu,3,Nhóm 02,Công nghệ thông tin,2.7,102,8.4,93.0,17,82.7,83,6.0,7.1,0
SV20210166,IT4020,Hệ quản trị CSDL nâng cao,3,Nhóm 02,Công nghệ thông tin,2.7,102,9.1,91.2,19,75.7,76,7.8,6.0,0
SV20210166,IT4030,Phát triển ứng dụng Web,4,Nhóm 02,Công nghệ thông tin,2.7,102,10.0,89.2,8,100.0,81,7.2,9.2,0
SV20210166,MA2010,Xác suất thống kê ứng dụng,3,Nhóm 02,Công nghệ thông tin,2.7,102,7.8,95.6,24,100.0,75,8.7,8.6,0
SV20210167,IT4010,Học máy & Khai phá dữ liệu,3,Nhóm 03,Công nghệ thông tin,2.8,78,8.5,97.9,13,76.0,66,9.2,10.0,0
SV20210167,IT4020,Hệ quản trị CSDL nâng cao,3,Nhóm 03,Công nghệ thông tin,2.8,78,7.5,80.3,13,92.5,71,8.8,6.4,0
SV20210167,IT4030,Phát triển ứng dụng Web,4,Nhóm 03,Công nghệ thông tin,2.8,78,7.6,80.8,12,91.1,74,8.3,8.1,0
SV20210167,MA2010,Xác suất thống kê ứng dụng,3,Nhóm 03,Công nghệ thông tin,2.8,78,7.2,85.1,14,74.6,74,6.8,6.3,0
SV20210168,IT4010,Học máy & Khai phá dữ liệu,3,Nhóm 04,Công nghệ thông tin,2.7,86,6.1,78.9,11,91.7,80,3.9,4.5,1
SV20210168,IT4020,Hệ quản trị CSDL nâng cao,3,Nhóm 04,Công nghệ thông tin,2.7,86,8.9,97.9,9,80.5,68,6.6,6.1,0
SV20210168,IT4030,Phát triển ứng dụng Web,4,Nhóm 04,Công nghệ thông tin,2.7,86,8.3,88.1,15,90.7,74,7.5,7.9,0
SV20210168,MA2010,Xác suất thống kê ứng dụng,3,Nhóm 04,Công nghệ thông tin,2.7,86,7.3,77.0,10,82.5,70,6.7,3.8,1
SV20210169,IT4010,Học máy & Khai phá dữ liệu,3,Nhóm 01,Công nghệ thông tin,2.2,83,6.8,61.5,7,90.7,75,6.6,6.8,0
SV20210169,IT4020,Hệ quản trị CSDL nâng cao,3,Nhóm 01,Công nghệ thông tin,2.2,83,7.2,75.6,11,80.0,82,6.2,7.1,0
SV20210169,IT4030,Phát triển ứng dụng Web,4,Nhóm 01,Công nghệ thông tin,2.2,83,7.4,90.0,6,73.1,88,2.9,6.5,0
SV20210169,MA2010,Xác suất thống kê ứng dụng,3,Nhóm 01,Công nghệ thông tin,2.2,83,7.4,87.8,4,80.4,84,7.4,6.0,0
SV20210170,IT4010,Học máy & Khai phá dữ liệu,3,Nhóm 02,Kinh tế số,2.0,75,5.2,60.6,7,59.6,51,3.0,4.7,1
SV20210170,IT4020,Hệ quản trị CSDL nâng cao,3,Nhóm 02,Kinh tế số,2.0,75,5.1,93.9,9,61.4,66,3.9,4.4,1
SV20210170,IT4030,Phát triển ứng dụng Web,4,Nhóm 02,Kinh tế số,2.0,75,6.4,82.9,2,92.4,63,1.4,4.7,1
SV20210170,MA2010,Xác suất thống kê ứng dụng,3,Nhóm 02,Kinh tế số,2.0,75,5.7,85.2,11,82.6,52,6.7,6.0,0
SV20210171,IT4010,Học máy & Khai phá dữ liệu,3,Nhóm 03,Công nghệ thông tin,3.3,66,10.0,92.0,14,77.9,84,5.5,8.8,0
SV20210171,IT4020,Hệ quản trị CSDL nâng cao,3,Nhóm 03,Công nghệ thông tin,3.3,66,8.3,100.0,20,85.8,83,7.7,7.6,0
SV20210171,IT4030,Phát triển ứng dụng Web,4,Nhóm 03,Công nghệ thông tin,3.3,66,10.0,94.8,10,97.5,86,8.5,6.8,0
SV20210171,MA2010,Xác suất thống kê ứng dụng,3,Nhóm 03,Công nghệ thông tin,3.3,66,8.5,87.8,11,100.0,100,5.0,9.7,0
SV20210172,IT4010,Học máy & Khai phá dữ liệu,3,Nhóm 04,Công nghệ thông tin,1.8,36,3.8,68.1,8,60.9,78,4.5,3.9,1
SV20210172,IT4020,Hệ quản trị CSDL nâng cao,3,Nhóm 04,Công nghệ thông tin,1.8,36,5.2,73.1,9,69.9,54,3.6,3.7,1
SV20210172,IT4030,Phát triển ứng dụng Web,4,Nhóm 04,Công nghệ thông tin,1.8,36,6.6,65.8,2,79.9,50,0.9,4.8,1
SV20210172,MA2010,Xác suất thống kê ứng dụng,3,Nhóm 04,Công nghệ thông tin,1.8,36,7.4,85.6,7,61.9,62,3.2,6.1,0
SV20210173,IT4010,Học máy & Khai phá dữ liệu,3,Nhóm 01,Công nghệ thông tin,2.8,95,7.2,82.9,9,89.4,77,4.2,7.1,0
SV20210173,IT4020,Hệ quản trị CSDL nâng cao,3,Nhóm 01,Công nghệ thông tin,2.8,95,6.0,85.3,15,100.0,75,5.9,6.7,0
SV20210173,IT4030,Phát triển ứng dụng Web,4,Nhóm 01,Công nghệ thông tin,2.8,95,8.3,72.6,9,88.5,70,9.4,6.1,0
SV20210173,MA2010,Xác suất thống kê ứng dụng,3,Nhóm 01,Công nghệ thông tin,2.8,95,7.7,88.9,4,63.8,64,7.3,6.5,0
SV20210174,IT4010,Học máy & Khai phá dữ liệu,3,Nhóm 02,Công nghệ thông tin,2.5,51,6.5,81.2,14,83.3,51,1.2,5.5,0
SV20210174,IT4020,Hệ quản trị CSDL nâng cao,3,Nhóm 02,Công nghệ thông tin,2.5,51,6.2,70.8,6,68.6,73,6.4,5.2,0
SV20210174,IT4030,Phát triển ứng dụng Web,4,Nhóm 02,Công nghệ thông tin,2.5,51,6.1,84.4,10,90.1,70,8.0,7.4,0
SV20210174,MA2010,Xác suất thống kê ứng dụng,3,Nhóm 02,Công nghệ thông tin,2.5,51,5.6,76.4,16,73.4,58,6.5,5.3,0
SV20210175,IT4010,Học máy & Khai phá dữ liệu,3,Nhóm 03,Kinh tế số,3.7,132,9.8,100.0,20,89.3,86,6.9,8.6,0
SV20210175,IT4020,Hệ quản trị CSDL nâng cao,3,Nhóm 03,Kinh tế số,3.7,132,9.0,96.2,20,91.7,100,11.4,6.7,0
SV20210175,IT4030,Phát triển ứng dụng Web,4,Nhóm 03,Kinh tế số,3.7,132,9.4,98.6,15,84.6,83,6.2,7.0,0
SV20210175,MA2010,Xác suất thống kê ứng dụng,3,Nhóm 03,Kinh tế số,3.7,132,8.8,95.0,22,89.4,83,9.6,8.5,0
SV20210176,IT4010,Học máy & Khai phá dữ liệu,3,Nhóm 04,Kinh tế số,2.4,56,5.6,81.9,9,68.6,68,5.9,3.4,1
SV20210176,IT4020,Hệ quản trị CSDL nâng cao,3,Nhóm 04,Kinh tế số,2.4,56,5.8,89.0,1,68.7,65,6.3,6.0,0
SV20210176,IT4030,Phát triển ứng dụng Web,4,Nhóm 04,Kinh tế số,2.4,56,6.1,69.6,7,73.0,68,6.8,3.4,1
SV20210176,MA2010,Xác suất thống kê ứng dụng,3,Nhóm 04,Kinh tế số,2.4,56,6.3,83.4,10,99.8,61,4.0,5.4,0
SV20210177,IT4010,Học máy & Khai phá dữ liệu,3,Nhóm 01,Công nghệ thông tin,2.9,55,6.2,73.8,12,85.2,82,7.7,7.3,0
SV20210177,IT4020,Hệ quản trị CSDL nâng cao,3,Nhóm 01,Công nghệ thông tin,2.9,55,8.7,84.4,12,94.5,65,7.3,8.2,0
SV20210177,IT4030,Phát triển ứng dụng Web,4,Nhóm 01,Công nghệ thông tin,2.9,55,7.9,78.8,9,70.0,73,6.3,7.5,0
SV20210177,MA2010,Xác suất thống kê ứng dụng,3,Nhóm 01,Công nghệ thông tin,2.9,55,8.1,68.4,13,81.2,81,11.1,8.1,0
SV20210178,IT4010,Học máy & Khai phá dữ liệu,3,Nhóm 02,Công nghệ thông tin,1.4,28,5.8,60.9,5,75.4,66,4.5,5.1,0
SV20210178,IT4020,Hệ quản trị CSDL nâng cao,3,Nhóm 02,Công nghệ thông tin,1.4,28,3.5,66.6,10,59.2,69,2.1,1.8,1
SV20210178,IT4030,Phát triển ứng dụng Web,4,Nhóm 02,Công nghệ thông tin,1.4,28,6.2,65.5,6,67.6,61,3.5,5.6,0
SV20210178,MA2010,Xác suất thống kê ứng dụng,3,Nhóm 02,Công nghệ thông tin,1.4,28,5.2,71.0,14,55.6,50,3.6,5.0,0
SV20210179,IT4010,Học máy & Khai phá dữ liệu,3,Nhóm 03,Kỹ thuật dữ liệu,2.1,51,5.5,85.7,11,65.9,72,5.1,4.2,1
SV20210179,IT4020,Hệ quản trị CSDL nâng cao,3,Nhóm 03,Kỹ thuật dữ liệu,2.1,51,4.5,58.2,13,62.9,67,1.6,4.4,1
SV20210179,IT4030,Phát triển ứng dụng Web,4,Nhóm 03,Kỹ thuật dữ liệu,2.1,51,6.1,75.9,10,52.9,84,7.4,7.0,0
SV20210179,MA2010,Xác suất thống kê ứng dụng,3,Nhóm 03,Kỹ thuật dữ liệu,2.1,51,5.6,79.6,6,76.1,75,3.8,4.3,1
SV20210180,IT4010,Học máy & Khai phá dữ liệu,3,Nhóm 04,Công nghệ thông tin,2.2,60,4.8,78.5,14,73.0,53,4.5,5.9,0
SV20210180,IT4020,Hệ quản trị CSDL nâng cao,3,Nhóm 04,Công nghệ thông tin,2.2,60,5.8,58.9,9,96.8,82,4.7,5.5,0
SV20210180,IT4030,Phát triển ứng dụng Web,4,Nhóm 04,Công nghệ thông tin,2.2,60,5.9,68.2,13,76.5,70,3.3,6.0,0
SV20210180,MA2010,Xác suất thống kê ứng dụng,3,Nhóm 04,Công nghệ thông tin,2.2,60,5.4,73.5,9,100.0,73,5.0,3.9,1
SV20210181,IT4010,Học máy & Khai phá dữ liệu,3,Nhóm 01,Kinh tế số,2.6,69,7.1,57.1,14,100.0,81,5.7,7.5,0
SV20210181,IT4020,Hệ quản trị CSDL nâng cao,3,Nhóm 01,Kinh tế số,2.6,69,7.2,73.9,13,80.1,72,6.6,4.1,1
SV20210181,IT4030,Phát triển ứng dụng Web,4,Nhóm 01,Kinh tế số,2.6,69,8.1,82.2,13,97.1,56,8.1,7.9,0
SV20210181,MA2010,Xác suất thống kê ứng dụng,3,Nhóm 01,Kinh tế số,2.6,69,7.6,72.1,4,78.8,65,6.6,5.9,0
SV20210182,IT4010,Học máy & Khai phá dữ liệu,3,Nhóm 02,Kinh tế số,2.7,80,6.5,79.4,9,62.7,88,5.4,4.3,1
SV20210182,IT4020,Hệ quản trị CSDL nâng cao,3,Nhóm 02,Kinh tế số,2.7,80,6.1,58.9,11,80.5,90,6.0,4.9,1
SV20210182,IT4030,Phát triển ứng dụng Web,4,Nhóm 02,Kinh tế số,2.7,80,6.9,88.1,13,90.6,65,7.6,7.7,0
SV20210182,MA2010,Xác suất thống kê ứng dụng,3,Nhóm 02,Kinh tế số,2.7,80,6.1,80.3,11,67.4,61,4.9,4.8,1
SV20210183,IT4010,Học máy & Khai phá dữ liệu,3,Nhóm 03,Công nghệ thông tin,4.0,132,10.0,99.1,19,100.0,88,7.6,9.2,0
SV20210183,IT4020,Hệ quản trị CSDL nâng cao,3,Nhóm 03,Công nghệ thông tin,4.0,132,8.5,89.3,15,96.9,86,9.4,8.0,0
SV20210183,IT4030,Phát triển ứng dụng Web,4,Nhóm 03,Công nghệ thông tin,4.0,132,10.0,100.0,9,100.0,91,8.5,7.1,0
SV20210183,MA2010,Xác suất thống kê ứng dụng,3,Nhóm 03,Công nghệ thông tin,4.0,132,10.0,92.8,17,78.5,89,7.5,5.9,0
SV20210184,IT4010,Học máy & Khai phá dữ liệu,3,Nhóm 04,Kinh tế số,2.7,95,6.4,78.9,3,100.0,68,7.1,6.2,0
SV20210184,IT4020,Hệ quản trị CSDL nâng cao,3,Nhóm 04,Kinh tế số,2.7,95,8.0,95.2,13,79.8,61,7.1,6.7,0
SV20210184,IT4030,Phát triển ứng dụng Web,4,Nhóm 04,Kinh tế số,2.7,95,7.0,78.5,4,77.3,75,6.7,8.4,0
SV20210184,MA2010,Xác suất thống kê ứng dụng,3,Nhóm 04,Kinh tế số,2.7,95,6.9,79.7,9,80.0,78,4.9,5.6,0
SV20210185,IT4010,Học máy & Khai phá dữ liệu,3,Nhóm 01,Công nghệ thông tin,2.5,33,6.4,79.4,3,89.0,77,4.9,6.8,0
SV20210185,IT4020,Hệ quản trị CSDL nâng cao,3,Nhóm 01,Công nghệ thông tin,2.5,33,5.2,76.7,4,72.8,75,1.9,3.8,1
SV20210185,IT4030,Phát triển ứng dụng Web,4,Nhóm 01,Công nghệ thông tin,2.5,33,6.8,77.9,5,84.8,77,3.6,6.1,0
SV20210185,MA2010,Xác suất thống kê ứng dụng,3,Nhóm 01,Công nghệ thông tin,2.5,33,6.9,78.7,9,78.9,63,3.4,8.4,0
SV20210186,IT4010,Học máy & Khai phá dữ liệu,3,Nhóm 02,Kinh tế số,2.9,122,8.3,99.9,15,79.1,82,10.3,8.3,0
SV20210186,IT4020,Hệ quản trị CSDL nâng cao,3,Nhóm 02,Kinh tế số,2.9,122,7.9,94.3,16,94.0,83,10.2,8.0,0
SV20210186,IT4030,Phát triển ứng dụng Web,4,Nhóm 02,Kinh tế số,2.9,122,8.2,95.7,10,88.2,91,5.8,7.8,0
SV20210186,MA2010,Xác suất thống kê ứng dụng,3,Nhóm 02,Kinh tế số,2.9,122,8.7,86.6,14,81.6,72,8.9,6.3,0
SV20210187,IT4010,Học máy & Khai phá dữ liệu,3,Nhóm 03,Công nghệ thông tin,2.8,90,9.0,81.9,6,68.0,82,3.2,8.6,0
SV20210187,IT4020,Hệ quản trị CSDL nâng cao,3,Nhóm 03,Công nghệ thông tin,2.8,90,8.1,98.3,13,85.8,86,6.6,7.7,0
SV20210187,IT4030,Phát triển ứng dụng Web,4,Nhóm 03,Công nghệ thông tin,2.8,90,6.8,92.4,1,72.2,67,6.2,6.9,0
SV20210187,MA2010,Xác suất thống kê ứng dụng,3,Nhóm 03,Công nghệ thông tin,2.8,90,7.7,81.4,14,82.0,67,4.6,6.0,0
SV20210188,IT4010,Học máy & Khai phá dữ liệu,3,Nhóm 04,Công nghệ thông tin,1.8,58,7.2,80.9,7,87.8,58,3.1,5.2,0
SV20210188,IT4020,Hệ quản trị CSDL nâng cao,3,Nhóm 04,Công nghệ thông tin,1.8,58,5.6,55.8,6,75.0,59,7.8,4.4,1
SV20210188,IT4030,Phát triển ứng dụng Web,4,Nhóm 04,Công nghệ thông tin,1.8,58,5.2,73.5,9,77.3,50,3.6,4.4,1
SV20210188,MA2010,Xác suất thống kê ứng dụng,3,Nhóm 04,Công nghệ thông tin,1.8,58,6.0,79.9,12,93.8,60,4.1,8.5,0
SV20210189,IT4010,Học máy & Khai phá dữ liệu,3,Nhóm 01,Công nghệ thông tin,1.5,50,4.7,58.7,2,69.7,65,2.9,4.9,1
SV20210189,IT4020,Hệ quản trị CSDL nâng cao,3,Nhóm 01,Công nghệ thông tin,1.5,50,6.4,86.5,16,83.1,58,5.5,4.7,1
SV20210189,IT4030,Phát triển ứng dụng Web,4,Nhóm 01,Công nghệ thông tin,1.5,50,7.0,58.2,5,85.4,63,0.0,5.1,0
SV20210189,MA2010,Xác suất thống kê ứng dụng,3,Nhóm 01,Công nghệ thông tin,1.5,50,5.0,71.5,5,87.0,57,0.0,4.3,1
SV20210190,IT4010,Học máy & Khai phá dữ liệu,3,Nhóm 02,Công nghệ thông tin,3.3,109,9.3,76.1,16,100.0,91,5.6,9.5,0
SV20210190,IT4020,Hệ quản trị CSDL nâng cao,3,Nhóm 02,Công nghệ thông tin,3.3,109,7.8,99.1,18,96.4,81,8.8,9.3,0
SV20210190,IT4030,Phát triển ứng dụng Web,4,Nhóm 02,Công nghệ thông tin,3.3,109,8.2,79.6,14,96.1,89,13.6,9.4,0
SV20210190,MA2010,Xác suất thống kê ứng dụng,3,Nhóm 02,Công nghệ thông tin,3.3,109,7.7,90.6,20,95.6,73,8.8,8.6,0
SV20210191,IT4010,Học máy & Khai phá dữ liệu,3,Nhóm 03,Kỹ thuật dữ liệu,2.4,81,7.8,78.7,12,78.7,83,5.1,7.7,0
SV20210191,IT4020,Hệ quản trị CSDL nâng cao,3,Nhóm 03,Kỹ thuật dữ liệu,2.4,81,7.7,98.8,9,77.0,55,4.8,7.0,0
SV20210191,IT4030,Phát triển ứng dụng Web,4,Nhóm 03,Kỹ thuật dữ liệu,2.4,81,6.9,87.6,9,75.8,74,6.4,7.1,0
SV20210191,MA2010,Xác suất thống kê ứng dụng,3,Nhóm 03,Kỹ thuật dữ liệu,2.4,81,7.0,82.4,5,63.5,63,8.4,9.0,0
SV20210192,IT4010,Học máy & Khai phá dữ liệu,3,Nhóm 04,Kinh tế số,3.3,74,8.8,100.0,13,89.7,89,6.0,8.4,0
SV20210192,IT4020,Hệ quản trị CSDL nâng cao,3,Nhóm 04,Kinh tế số,3.3,74,7.9,85.5,15,76.3,88,7.7,7.8,0
SV20210192,IT4030,Phát triển ứng dụng Web,4,Nhóm 04,Kinh tế số,3.3,74,8.8,93.5,13,100.0,78,10.2,9.0,0
SV20210192,MA2010,Xác suất thống kê ứng dụng,3,Nhóm 04,Kinh tế số,3.3,74,7.6,97.5,13,89.8,84,11.7,8.6,0
SV20210193,IT4010,Học máy & Khai phá dữ liệu,3,Nhóm 01,Kinh tế số,2.3,57,7.5,91.6,8,88.5,77,6.1,6.9,0
SV20210193,IT4020,Hệ quản trị CSDL nâng cao,3,Nhóm 01,Kinh tế số,2.3,57,6.3,81.3,6,84.6,63,5.4,5.9,0
SV20210193,IT4030,Phát triển ứng dụng Web,4,Nhóm 01,Kinh tế số,2.3,57,7.2,92.8,8,87.9,63,5.1,5.7,0
SV20210193,MA2010,Xác suất thống kê ứng dụng,3,Nhóm 01,Kinh tế số,2.3,57,7.3,74.1,12,66.5,85,2.6,5.6,0
SV20210194,IT4010,Học máy & Khai phá dữ liệu,3,Nhóm 02,Kỹ thuật dữ liệu,2.8,101,8.9,99.8,14,96.6,87,6.2,9.5,0
SV20210194,IT4020,Hệ quản trị CSDL nâng cao,3,Nhóm 02,Kỹ thuật dữ liệu,2.8,101,8.5,84.3,14,64.9,72,4.4,9.0,0
SV20210194,IT4030,Phát triển ứng dụng Web,4,Nhóm 02,Kỹ thuật dữ liệu,2.8,101,7.2,80.5,11,89.6,76,6.8,5.7,0
SV20210194,MA2010,Xác suất thống kê ứng dụng,3,Nhóm 02,Kỹ thuật dữ liệu,2.8,101,6.5,81.7,2,82.7,78,8.7,6.3,0
SV20210195,IT4010,Học máy & Khai phá dữ liệu,3,Nhóm 03,Công nghệ thông tin,2.9,68,7.7,92.9,11,88.5,85,8.0,6.0,0
SV20210195,IT4020,Hệ quản trị CSDL nâng cao,3,Nhóm 03,Công nghệ thông tin,2.9,68,7.1,96.1,7,86.5,80,7.6,7.2,0
SV20210195,IT4030,Phát triển ứng dụng Web,4,Nhóm 03,Công nghệ thông tin,2.9,68,8.9,69.9,9,76.6,77,7.4,8.6,0
SV20210195,MA2010,Xác suất thống kê ứng dụng,3,Nhóm 03,Công nghệ thông tin,2.9,68,8.2,71.7,9,95.5,84,7.3,8.5,0
SV20210196,IT4010,Học máy & Khai phá dữ liệu,3,Nhóm 04,Kỹ thuật dữ liệu,2.2,57,4.6,77.5,11,87.7,82,3.8,6.2,0
SV20210196,IT4020,Hệ quản trị CSDL nâng cao,3,Nhóm 04,Kỹ thuật dữ liệu,2.2,57,6.8,71.6,6,75.8,74,4.8,5.7,0
SV20210196,IT4030,Phát triển ứng dụng Web,4,Nhóm 04,Kỹ thuật dữ liệu,2.2,57,7.1,79.0,15,94.7,85,3.0,7.7,0
SV20210196,MA2010,Xác suất thống kê ứng dụng,3,Nhóm 04,Kỹ thuật dữ liệu,2.2,57,6.1,72.6,7,82.9,74,7.3,5.0,0
SV20210197,IT4010,Học máy & Khai phá dữ liệu,3,Nhóm 01,Công nghệ thông tin,2.7,82,8.1,93.8,7,76.1,65,8.2,9.0,0
SV20210197,IT4020,Hệ quản trị CSDL nâng cao,3,Nhóm 01,Công nghệ thông tin,2.7,82,8.1,82.7,12,100.0,77,8.6,6.6,0
SV20210197,IT4030,Phát triển ứng dụng Web,4,Nhóm 01,Công nghệ thông tin,2.7,82,8.4,83.0,12,65.2,74,8.0,6.9,0
SV20210197,MA2010,Xác suất thống kê ứng dụng,3,Nhóm 01,Công nghệ thông tin,2.7,82,7.9,84.1,13,70.0,72,8.6,6.7,0
SV20210198,IT4010,Học máy & Khai phá dữ liệu,3,Nhóm 02,Kinh tế số,2.4,54,7.7,81.4,14,68.3,66,5.3,7.4,0
SV20210198,IT4020,Hệ quản trị CSDL nâng cao,3,Nhóm 02,Kinh tế số,2.4,54,6.9,77.4,5,81.2,64,2.7,5.8,0
SV20210198,IT4030,Phát triển ứng dụng Web,4,Nhóm 02,Kinh tế số,2.4,54,6.6,55.0,2,57.9,61,3.5,7.0,0
SV20210198,MA2010,Xác suất thống kê ứng dụng,3,Nhóm 02,Kinh tế số,2.4,54,6.7,74.6,9,69.7,78,3.7,4.2,1
SV20210199,IT4010,Học máy & Khai phá dữ liệu,3,Nhóm 03,Công nghệ thông tin,2.0,28,6.4,52.3,8,89.7,65,2.8,4.5,1
SV20210199,IT4020,Hệ quản trị CSDL nâng cao,3,Nhóm 03,Công nghệ thông tin,2.0,28,6.5,74.1,1,64.4,73,0.9,3.8,1
SV20210199,IT4030,Phát triển ứng dụng Web,4,Nhóm 03,Công nghệ thông tin,2.0,28,6.1,65.8,11,81.2,61,4.6,4.8,1
SV20210199,MA2010,Xác suất thống kê ứng dụng,3,Nhóm 03,Công nghệ thông tin,2.0,28,4.5,74.5,6,78.2,66,7.0,5.7,0
SV20210200,IT4010,Học máy & Khai phá dữ liệu,3,Nhóm 04,Kỹ thuật dữ liệu,3.3,103,9.0,91.2,18,94.6,78,8.4,6.3,0
SV20210200,IT4020,Hệ quản trị CSDL nâng cao,3,Nhóm 04,Kỹ thuật dữ liệu,3.3,103,8.8,88.0,8,99.7,70,10.2,8.3,0
SV20210200,IT4030,Phát triển ứng dụng Web,4,Nhóm 04,Kỹ thuật dữ liệu,3.3,103,9.4,100.0,6,82.3,68,11.5,8.8,0
SV20210200,MA2010,Xác suất thống kê ứng dụng,3,Nhóm 04,Kỹ thuật dữ liệu,3.3,103,8.5,85.2,9,79.9,79,12.0,8.7,0
SV20210201,IT4010,Học máy & Khai phá dữ liệu,3,Nhóm 01,Kỹ thuật dữ liệu,3.3,103,8.7,78.9,19,98.5,80,12.5,7.4,0
SV20210201,IT4020,Hệ quản trị CSDL nâng cao,3,Nhóm 01,Kỹ thuật dữ liệu,3.3,103,9.4,74.9,3,88.7,88,7.3,7.0,0
SV20210201,IT4030,Phát triển ứng dụng Web,4,Nhóm 01,Kỹ thuật dữ liệu,3.3,103,8.9,99.0,9,90.0,83,5.5,6.4,0
SV20210201,MA2010,Xác suất thống kê ứng dụng,3,Nhóm 01,Kỹ thuật dữ liệu,3.3,103,9.4,91.3,15,69.2,80,5.3,8.0,0
SV20210202,IT4010,Học máy & Khai phá dữ liệu,3,Nhóm 02,Kinh tế số,3.1,110,9.6,95.2,13,95.3,82,8.5,8.6,0
SV20210202,IT4020,Hệ quản trị CSDL nâng cao,3,Nhóm 02,Kinh tế số,3.1,110,6.9,82.6,9,89.5,84,6.9,6.7,0
SV20210202,IT4030,Phát triển ứng dụng Web,4,Nhóm 02,Kinh tế số,3.1,110,9.3,91.4,9,100.0,82,9.5,7.0,0
SV20210202,MA2010,Xác suất thống kê ứng dụng,3,Nhóm 02,Kinh tế số,3.1,110,7.8,91.5,10,91.3,71,9.5,7.0,0
SV20210203,IT4010,Học máy & Khai phá dữ liệu,3,Nhóm 03,Kỹ thuật dữ liệu,2.3,63,6.3,79.9,7,78.6,75,7.8,6.8,0
SV20210203,IT4020,Hệ quản trị CSDL nâng cao,3,Nhóm 03,Kỹ thuật dữ liệu,2.3,63,6.0,76.9,17,78.4,50,5.0,3.4,1
SV20210203,IT4030,Phát triển ứng dụng Web,4,Nhóm 03,Kỹ thuật dữ liệu,2.3,63,7.4,71.1,11,94.8,59,4.1,7.1,0
SV20210203,MA2010,Xác suất thống kê ứng dụng,3,Nhóm 03,Kỹ thuật dữ liệu,2.3,63,5.9,67.3,4,74.9,72,8.5,5.8,0
SV20210204,IT4010,Học máy & Khai phá dữ liệu,3,Nhóm 04,Công nghệ thông tin,2.9,88,7.7,95.9,9,98.9,76,7.0,6.3,0
SV20210204,IT4020,Hệ quản trị CSDL nâng cao,3,Nhóm 04,Công nghệ thông tin,2.9,88,8.6,86.5,13,100.0,77,6.8,7.2,0
SV20210204,IT4030,Phát triển ứng dụng Web,4,Nhóm 04,Công nghệ thông tin,2.9,88,8.3,91.7,12,84.7,87,7.8,6.5,0
SV20210204,MA2010,Xác suất thống kê ứng dụng,3,Nhóm 04,Công nghệ thông tin,2.9,88,10.0,98.6,14,88.6,73,7.0,8.9,0
SV20210205,IT4010,Học máy & Khai phá dữ liệu,3,Nhóm 01,Kỹ thuật dữ liệu,1.7,35,5.6,65.3,12,60.9,62,4.3,4.6,1
SV20210205,IT4020,Hệ quản trị CSDL nâng cao,3,Nhóm 01,Kỹ thuật dữ liệu,1.7,35,6.4,68.7,1,85.2,67,0.9,5.8,0
SV20210205,IT4030,Phát triển ứng dụng Web,4,Nhóm 01,Kỹ thuật dữ liệu,1.7,35,5.4,46.5,6,64.9,68,0.0,3.6,1
SV20210205,MA2010,Xác suất thống kê ứng dụng,3,Nhóm 01,Kỹ thuật dữ liệu,1.7,35,6.7,72.4,6,83.1,62,5.0,6.3,0
SV20210206,IT4010,Học máy & Khai phá dữ liệu,3,Nhóm 02,Kinh tế số,2.9,69,6.8,81.9,13,84.4,81,8.5,6.5,0
SV20210206,IT4020,Hệ quản trị CSDL nâng cao,3,Nhóm 02,Kinh tế số,2.9,69,6.2,91.0,18,86.0,76,8.7,5.7,0
SV20210206,IT4030,Phát triển ứng dụng Web,4,Nhóm 02,Kinh tế số,2.9,69,7.9,74.3,14,93.4,80,9.2,5.9,0
SV20210206,MA2010,Xác suất thống kê ứng dụng,3,Nhóm 02,Kinh tế số,2.9,69,7.8,89.5,12,93.4,87,6.2,7.1,0
SV20210207,IT4010,Học máy & Khai phá dữ liệu,3,Nhóm 03,Công nghệ thông tin,2.1,86,6.6,82.7,1,91.8,67,4.5,5.1,0
SV20210207,IT4020,Hệ quản trị CSDL nâng cao,3,Nhóm 03,Công nghệ thông tin,2.1,86,6.0,79.7,1,88.6,72,5.9,5.5,0
SV20210207,IT4030,Phát triển ứng dụng Web,4,Nhóm 03,Công nghệ thông tin,2.1,86,7.2,72.7,11,87.6,74,4.4,6.3,0
SV20210207,MA2010,Xác suất thống kê ứng dụng,3,Nhóm 03,Công nghệ thông tin,2.1,86,6.8,84.9,8,76.4,80,4.6,7.4,0
SV20210208,IT4010,Học máy & Khai phá dữ liệu,3,Nhóm 04,Công nghệ thông tin,2.9,75,7.0,90.3,14,89.4,64,5.4,4.9,1
SV20210208,IT4020,Hệ quản trị CSDL nâng cao,3,Nhóm 04,Công nghệ thông tin,2.9,75,6.5,65.1,22,87.3,73,7.8,6.6,0
SV20210208,IT4030,Phát triển ứng dụng Web,4,Nhóm 04,Công nghệ thông tin,2.9,75,8.3,81.6,13,86.4,66,7.3,8.0,0
SV20210208,MA2010,Xác suất thống kê ứng dụng,3,Nhóm 04,Công nghệ thông tin,2.9,75,7.7,98.5,17,91.4,75,7.1,5.7,0
SV20210209,IT4010,Học máy & Khai phá dữ liệu,3,Nhóm 01,Công nghệ thông tin,2.8,52,7.9,75.5,13,84.0,79,8.3,7.7,0
SV20210209,IT4020,Hệ quản trị CSDL nâng cao,3,Nhóm 01,Công nghệ thông tin,2.8,52,7.9,82.7,7,76.7,72,7.8,7.7,0
SV20210209,IT4030,Phát triển ứng dụng Web,4,Nhóm 01,Công nghệ thông tin,2.8,52,8.8,91.4,13,84.5,90,4.5,8.0,0
SV20210209,MA2010,Xác suất thống kê ứng dụng,3,Nhóm 01,Công nghệ thông tin,2.8,52,5.6,82.2,8,79.9,80,7.7,5.5,0
SV20210210,IT4010,Học máy & Khai phá dữ liệu,3,Nhóm 02,Công nghệ thông tin,3.0,94,9.7,88.4,16,100.0,75,9.4,8.1,0
SV20210210,IT4020,Hệ quản trị CSDL nâng cao,3,Nhóm 02,Công nghệ thông tin,3.0,94,8.2,89.2,16,88.7,71,9.0,6.1,0
SV20210210,IT4030,Phát triển ứng dụng Web,4,Nhóm 02,Công nghệ thông tin,3.0,94,8.5,88.6,10,75.5,70,5.6,8.7,0
SV20210210,MA2010,Xác suất thống kê ứng dụng,3,Nhóm 02,Công nghệ thông tin,3.0,94,9.2,93.6,17,75.9,72,6.6,8.5,0
SV20210211,IT4010,Học máy & Khai phá dữ liệu,3,Nhóm 03,Kỹ thuật dữ liệu,3.5,96,9.2,86.2,12,93.0,90,7.8,8.1,0
SV20210211,IT4020,Hệ quản trị CSDL nâng cao,3,Nhóm 03,Kỹ thuật dữ liệu,3.5,96,7.4,100.0,11,96.5,85,6.4,6.8,0
SV20210211,IT4030,Phát triển ứng dụng Web,4,Nhóm 03,Kỹ thuật dữ liệu,3.5,96,8.7,87.6,16,95.5,92,8.4,9.7,0
SV20210211,MA2010,Xác suất thống kê ứng dụng,3,Nhóm 03,Kỹ thuật dữ liệu,3.5,96,7.3,100.0,14,84.3,88,10.0,7.3,0
SV20210212,IT4010,Học máy & Khai phá dữ liệu,3,Nhóm 04,Công nghệ thông tin,2.3,28,5.0,80.5,8,74.8,76,8.2,6.7,0
SV20210212,IT4020,Hệ quản trị CSDL nâng cao,3,Nhóm 04,Công nghệ thông tin,2.3,28,6.6,89.2,5,77.7,61,5.3,3.8,1
SV20210212,IT4030,Phát triển ứng dụng Web,4,Nhóm 04,Công nghệ thông tin,2.3,28,7.0,75.6,10,61.6,65,5.4,8.9,0
SV20210212,MA2010,Xác suất thống kê ứng dụng,3,Nhóm 04,Công nghệ thông tin,2.3,28,4.9,75.9,11,79.1,68,7.6,5.0,0
SV20210213,IT4010,Học máy & Khai phá dữ liệu,3,Nhóm 01,Công nghệ thông tin,3.1,105,7.5,73.5,13,85.7,82,7.1,6.7,0
SV20210213,IT4020,Hệ quản trị CSDL nâng cao,3,Nhóm 01,Công nghệ thông tin,3.1,105,8.4,98.4,14,88.4,94,6.3,7.0,0
SV20210213,IT4030,Phát triển ứng dụng Web,4,Nhóm 01,Công nghệ thông tin,3.1,105,7.9,78.3,1,87.6,78,6.6,6.0,0
SV20210213,MA2010,Xác suất thống kê ứng dụng,3,Nhóm 01,Công nghệ thông tin,3.1,105,8.5,83.3,9,94.8,69,6.3,6.5,0
SV20210214,IT4010,Học máy & Khai phá dữ liệu,3,Nhóm 02,Kỹ thuật dữ liệu,2.5,72,7.2,87.3,13,73.4,67,5.3,7.3,0
SV20210214,IT4020,Hệ quản trị CSDL nâng cao,3,Nhóm 02,Kỹ thuật dữ liệu,2.5,72,8.4,100.0,3,90.3,82,5.0,7.2,0
SV20210214,IT4030,Phát triển ứng dụng Web,4,Nhóm 02,Kỹ thuật dữ liệu,2.5,72,6.9,90.0,7,72.6,71,7.5,6.1,0
SV20210214,MA2010,Xác suất thống kê ứng dụng,3,Nhóm 02,Kỹ thuật dữ liệu,2.5,72,5.8,87.1,10,79.2,91,9.1,5.3,0
SV20210215,IT4010,Học máy & Khai phá dữ liệu,3,Nhóm 03,Công nghệ thông tin,2.5,65,6.9,89.2,1,86.0,77,2.8,6.0,0
SV20210215,IT4020,Hệ quản trị CSDL nâng cao,3,Nhóm 03,Công nghệ thông tin,2.5,65,7.7,88.9,12,65.2,68,7.5,6.4,0
SV20210215,IT4030,Phát triển ứng dụng Web,4,Nhóm 03,Công nghệ thông tin,2.5,65,7.6,69.0,14,80.0,74,8.4,7.4,0
SV20210215,MA2010,Xác suất thống kê ứng dụng,3,Nhóm 03,Công nghệ thông tin,2.5,65,7.2,83.1,6,69.3,73,6.2,7.7,0
SV20210216,IT4010,Học máy & Khai phá dữ liệu,3,Nhóm 04,Công nghệ thông tin,2.6,70,6.8,84.6,9,72.2,66,3.8,5.7,0
SV20210216,IT4020,Hệ quản trị CSDL nâng cao,3,Nhóm 04,Công nghệ thông tin,2.6,70,5.5,94.9,16,81.6,68,4.8,5.8,0
SV20210216,IT4030,Phát triển ứng dụng Web,4,Nhóm 04,Công nghệ thông tin,2.6,70,6.8,82.1,10,56.6,75,5.6,6.3,0
SV20210216,MA2010,Xác suất thống kê ứng dụng,3,Nhóm 04,Công nghệ thông tin,2.6,70,7.4,86.8,6,91.8,76,5.5,8.1,0
SV20210217,IT4010,Học máy & Khai phá dữ liệu,3,Nhóm 01,Công nghệ thông tin,2.6,59,7.3,78.0,6,98.4,69,6.5,5.3,0
SV20210217,IT4020,Hệ quản trị CSDL nâng cao,3,Nhóm 01,Công nghệ thông tin,2.6,59,5.6,82.3,11,74.3,89,7.6,6.4,0
SV20210217,IT4030,Phát triển ứng dụng Web,4,Nhóm 01,Công nghệ thông tin,2.6,59,5.6,85.2,6,88.0,69,3.0,4.1,1
SV20210217,MA2010,Xác suất thống kê ứng dụng,3,Nhóm 01,Công nghệ thông tin,2.6,59,5.9,63.7,16,67.2,77,5.0,7.3,0
SV20210218,IT4010,Học máy & Khai phá dữ liệu,3,Nhóm 02,Công nghệ thông tin,2.9,84,7.8,90.8,10,87.7,69,4.1,7.7,0
SV20210218,IT4020,Hệ quản trị CSDL nâng cao,3,Nhóm 02,Công nghệ thông tin,2.9,84,5.9,90.8,7,70.6,78,5.0,6.8,0
SV20210218,IT4030,Phát triển ứng dụng Web,4,Nhóm 02,Công nghệ thông tin,2.9,84,7.9,92.8,15,81.1,79,5.1,5.2,0
SV20210218,MA2010,Xác suất thống kê ứng dụng,3,Nhóm 02,Công nghệ thông tin,2.9,84,9.2,97.3,13,99.0,76,6.0,9.0,0
SV20210219,IT4010,Học máy & Khai phá dữ liệu,3,Nhóm 03,Kinh tế số,2.7,51,6.8,77.1,12,95.0,71,6.6,7.5,0
SV20210219,IT4020,Hệ quản trị CSDL nâng cao,3,Nhóm 03,Kinh tế số,2.7,51,10.0,100.0,13,77.1,71,5.6,7.8,0
SV20210219,IT4030,Phát triển ứng dụng Web,4,Nhóm 03,Kinh tế số,2.7,51,8.0,77.8,2,79.1,61,7.1,5.6,0
SV20210219,MA2010,Xác suất thống kê ứng dụng,3,Nhóm 03,Kinh tế số,2.7,51,8.4,78.0,17,82.6,65,5.6,8.1,0
SV20210220,IT4010,Học máy & Khai phá dữ liệu,3,Nhóm 04,Công nghệ thông tin,2.6,75,8.1,92.6,13,92.6,68,6.2,8.2,0
SV20210220,IT4020,Hệ quản trị CSDL nâng cao,3,Nhóm 04,Công nghệ thông tin,2.6,75,7.3,75.8,9,90.5,81,4.9,5.7,0
SV20210220,IT4030,Phát triển ứng dụng Web,4,Nhóm 04,Công nghệ thông tin,2.6,75,7.9,92.4,9,89.8,87,7.2,9.3,0
SV20210220,MA2010,Xác suất thống kê ứng dụng,3,Nhóm 04,Công nghệ thông tin,2.6,75,8.3,100.0,16,86.4,63,6.1,7.9,0
SV20210221,IT4010,Học máy & Khai phá dữ liệu,3,Nhóm 01,Kỹ thuật dữ liệu,3.4,86,9.3,99.2,13,100.0,90,11.0,7.0,0
SV20210221,IT4020,Hệ quản trị CSDL nâng cao,3,Nhóm 01,Kỹ thuật dữ liệu,3.4,86,8.9,86.8,14,100.0,79,11.3,6.9,0
SV20210221,IT4030,Phát triển ứng dụng Web,4,Nhóm 01,Kỹ thuật dữ liệu,3.4,86,9.8,96.1,16,88.8,90,6.7,6.9,0
SV20210221,MA2010,Xác suất thống kê ứng dụng,3,Nhóm 01,Kỹ thuật dữ liệu,3.4,86,9.0,100.0,10,94.6,66,11.3,8.7,0
SV20210222,IT4010,Học máy & Khai phá dữ liệu,3,Nhóm 02,Công nghệ thông tin,3.1,87,8.4,92.4,10,100.0,82,10.3,8.2,0
SV20210222,IT4020,Hệ quản trị CSDL nâng cao,3,Nhóm 02,Công nghệ thông tin,3.1,87,8.3,90.1,13,92.9,75,6.2,6.9,0
SV20210222,IT4030,Phát triển ứng dụng Web,4,Nhóm 02,Công nghệ thông tin,3.1,87,8.4,79.6,10,90.4,84,6.9,7.0,0
SV20210222,MA2010,Xác suất thống kê ứng dụng,3,Nhóm 02,Công nghệ thông tin,3.1,87,10.0,86.8,21,97.4,76,9.2,9.5,0
SV20210223,IT4010,Học máy & Khai phá dữ liệu,3,Nhóm 03,Công nghệ thông tin,2.9,77,6.6,84.2,10,96.6,66,8.0,7.8,0
SV20210223,IT4020,Hệ quản trị CSDL nâng cao,3,Nhóm 03,Công nghệ thông tin,2.9,77,8.1,81.4,9,86.5,64,8.6,8.7,0
SV20210223,IT4030,Phát triển ứng dụng Web,4,Nhóm 03,Công nghệ thông tin,2.9,77,6.8,82.7,10,67.4,73,9.2,7.6,0
SV20210223,MA2010,Xác suất thống kê ứng dụng,3,Nhóm 03,Công nghệ thông tin,2.9,77,7.7,81.9,11,72.6,70,7.3,6.9,0
SV20210224,IT4010,Học máy & Khai phá dữ liệu,3,Nhóm 04,Công nghệ thông tin,1.9,72,6.8,56.1,8,65.7,73,2.5,4.4,1
SV20210224,IT4020,Hệ quản trị CSDL nâng cao,3,Nhóm 04,Công nghệ thông tin,1.9,72,5.3,60.4,11,67.2,57,3.9,4.6,1
SV20210224,IT4030,Phát triển ứng dụng Web,4,Nhóm 04,Công nghệ thông tin,1.9,72,7.5,71.1,7,60.0,73,6.5,7.5,0
SV20210224,MA2010,Xác suất thống kê ứng dụng,3,Nhóm 04,Công nghệ thông tin,1.9,72,5.4,82.1,8,72.6,73,3.8,6.2,0
SV20210225,IT4010,Học máy & Khai phá dữ liệu,3,Nhóm 01,Công nghệ thông tin,1.9,58,5.9,80.9,7,78.6,84,6.9,6.8,0
SV20210225,IT4020,Hệ quản trị CSDL nâng cao,3,Nhóm 01,Công nghệ thông tin,1.9,58,7.4,84.8,6,95.7,62,8.0,8.0,0
SV20210225,IT4030,Phát triển ứng dụng Web,4,Nhóm 01,Công nghệ thông tin,1.9,58,7.9,78.7,9,82.9,62,5.0,6.5,0
SV20210225,MA2010,Xác suất thống kê ứng dụng,3,Nhóm 01,Công nghệ thông tin,1.9,58,7.3,86.1,8,82.7,72,4.8,6.0,0
SV20210226,IT4010,Học máy & Khai phá dữ liệu,3,Nhóm 02,Kỹ thuật dữ liệu,3.2,91,9.1,84.3,13,93.1,76,4.7,7.9,0
SV20210226,IT4020,Hệ quản trị CSDL nâng cao,3,Nhóm 02,Kỹ thuật dữ liệu,3.2,91,8.3,90.7,16,92.1,94,8.4,6.9,0
SV20210226,IT4030,Phát triển ứng dụng Web,4,Nhóm 02,Kỹ thuật dữ liệu,3.2,91,9.3,94.0,10,82.8,75,11.4,9.4,0
SV20210226,MA2010,Xác suất thống kê ứng dụng,3,Nhóm 02,Kỹ thuật dữ liệu,3.2,91,8.9,88.2,18,84.8,82,9.3,8.3,0
SV20210227,IT4010,Học máy & Khai phá dữ liệu,3,Nhóm 03,Công nghệ thông tin,2.1,49,6.6,78.6,9,48.6,57,5.2,5.7,0
SV20210227,IT4020,Hệ quản trị CSDL nâng cao,3,Nhóm 03,Công nghệ thông tin,2.1,49,4.6,66.6,5,74.3,67,5.1,2.8,1
SV20210227,IT4030,Phát triển ứng dụng Web,4,Nhóm 03,Công nghệ thông tin,2.1,49,6.9,66.5,17,83.3,54,6.6,7.7,0
SV20210227,MA2010,Xác suất thống kê ứng dụng,3,Nhóm 03,Công nghệ thông tin,2.1,49,5.3,72.9,14,76.1,87,6.0,4.9,1
SV20210228,IT4010,Học máy & Khai phá dữ liệu,3,Nhóm 04,Kinh tế số,3.2,101,8.6,100.0,10,78.1,77,7.1,8.6,0
SV20210228,IT4020,Hệ quản trị CSDL nâng cao,3,Nhóm 04,Kinh tế số,3.2,101,9.2,86.7,9,98.2,87,9.7,9.1,0
SV20210228,IT4030,Phát triển ứng dụng Web,4,Nhóm 04,Kinh tế số,3.2,101,9.3,99.1,14,80.7,82,8.0,8.3,0
SV20210228,MA2010,Xác suất thống kê ứng dụng,3,Nhóm 04,Kinh tế số,3.2,101,8.5,98.7,17,90.7,97,8.6,7.2,0
SV20210229,IT4010,Học máy & Khai phá dữ liệu,3,Nhóm 01,Công nghệ thông tin,3.2,120,8.8,92.2,13,92.5,100,8.7,6.4,0
SV20210229,IT4020,Hệ quản trị CSDL nâng cao,3,Nhóm 01,Công nghệ thông tin,3.2,120,7.8,97.8,19,90.7,84,8.1,7.4,0
SV20210229,IT4030,Phát triển ứng dụng Web,4,Nhóm 01,Công nghệ thông tin,3.2,120,10.0,86.1,14,96.1,88,7.0,8.6,0
SV20210229,MA2010,Xác suất thống kê ứng dụng,3,Nhóm 01,Công nghệ thông tin,3.2,120,8.9,100.0,8,86.3,74,7.4,7.2,0
SV20210230,IT4010,Học máy & Khai phá dữ liệu,3,Nhóm 02,Công nghệ thông tin,2.4,83,6.1,86.5,11,71.5,79,1.6,6.7,0
SV20210230,IT4020,Hệ quản trị CSDL nâng cao,3,Nhóm 02,Công nghệ thông tin,2.4,83,6.1,67.5,1,93.8,54,6.8,5.6,0
SV20210230,IT4030,Phát triển ứng dụng Web,4,Nhóm 02,Công nghệ thông tin,2.4,83,6.3,89.5,7,77.8,71,8.5,8.3,0
SV20210230,MA2010,Xác suất thống kê ứng dụng,3,Nhóm 02,Công nghệ thông tin,2.4,83,5.7,75.8,14,67.6,61,6.8,5.1,0
SV20210231,IT4010,Học máy & Khai phá dữ liệu,3,Nhóm 03,Công nghệ thông tin,2.4,67,4.8,71.5,5,75.3,74,2.8,3.0,1
SV20210231,IT4020,Hệ quản trị CSDL nâng cao,3,Nhóm 03,Công nghệ thông tin,2.4,67,7.3,64.1,5,75.3,64,4.3,6.0,0
SV20210231,IT4030,Phát triển ứng dụng Web,4,Nhóm 03,Công nghệ thông tin,2.4,67,6.9,73.5,5,80.0,67,9.5,6.3,0
SV20210231,MA2010,Xác suất thống kê ứng dụng,3,Nhóm 03,Công nghệ thông tin,2.4,67,5.3,72.9,6,65.0,76,7.7,5.2,0
SV20210232,IT4010,Học máy & Khai phá dữ liệu,3,Nhóm 04,Công nghệ thông tin,2.0,51,4.9,81.1,4,62.1,57,7.9,5.4,0
SV20210232,IT4020,Hệ quản trị CSDL nâng cao,3,Nhóm 04,Công nghệ thông tin,2.0,51,5.8,79.8,7,73.5,76,5.7,5.6,0
SV20210232,IT4030,Phát triển ứng dụng Web,4,Nhóm 04,Công nghệ thông tin,2.0,51,5.7,63.0,18,94.3,82,5.9,5.0,0
SV20210232,MA2010,Xác suất thống kê ứng dụng,3,Nhóm 04,Công nghệ thông tin,2.0,51,6.2,76.7,8,80.7,69,2.7,6.3,0
SV20210233,IT4010,Học máy & Khai phá dữ liệu,3,Nhóm 01,Kinh tế số,3.2,122,9.6,100.0,15,100.0,78,8.7,7.9,0
SV20210233,IT4020,Hệ quản trị CSDL nâng cao,3,Nhóm 01,Kinh tế số,3.2,122,8.6,91.4,10,86.1,86,6.8,7.4,0
SV20210233,IT4030,Phát triển ứng dụng Web,4,Nhóm 01,Kinh tế số,3.2,122,8.8,83.5,18,78.1,98,8.5,9.1,0
SV20210233,MA2010,Xác suất thống kê ứng dụng,3,Nhóm 01,Kinh tế số,3.2,122,7.1,100.0,15,81.3,83,8.6,5.2,0
SV20210234,IT4010,Học máy & Khai phá dữ liệu,3,Nhóm 02,Công nghệ thông tin,3.0,106,8.2,99.7,20,80.7,80,5.4,5.7,0
SV20210234,IT4020,Hệ quản trị CSDL nâng cao,3,Nhóm 02,Công nghệ thông tin,3.0,106,7.4,74.4,8,67.7,82,10.4,6.8,0
SV20210234,IT4030,Phát triển ứng dụng Web,4,Nhóm 02,Công nghệ thông tin,3.0,106,10.0,88.3,14,84.2,83,11.1,9.1,0
SV20210234,MA2010,Xác suất thống kê ứng dụng,3,Nhóm 02,Công nghệ thông tin,3.0,106,9.3,93.5,10,72.1,97,9.9,7.1,0
SV20210235,IT4010,Học máy & Khai phá dữ liệu,3,Nhóm 03,Kinh tế số,2.8,64,8.0,96.8,13,80.9,80,7.7,7.2,0
SV20210235,IT4020,Hệ quản trị CSDL nâng cao,3,Nhóm 03,Kinh tế số,2.8,64,6.2,75.7,6,96.5,84,3.2,5.6,0
SV20210235,IT4030,Phát triển ứng dụng Web,4,Nhóm 03,Kinh tế số,2.8,64,8.3,97.2,21,74.7,73,5.5,7.1,0
SV20210235,MA2010,Xác suất thống kê ứng dụng,3,Nhóm 03,Kinh tế số,2.8,64,6.3,87.1,8,87.9,72,9.0,5.5,0
SV20210236,IT4010,Học máy & Khai phá dữ liệu,3,Nhóm 04,Công nghệ thông tin,2.4,67,6.2,63.7,11,84.3,64,5.6,6.2,0
SV20210236,IT4020,Hệ quản trị CSDL nâng cao,3,Nhóm 04,Công nghệ thông tin,2.4,67,5.7,91.9,10,71.1,73,8.0,5.6,0
SV20210236,IT4030,Phát triển ứng dụng Web,4,Nhóm 04,Công nghệ thông tin,2.4,67,7.9,90.7,6,84.3,77,6.1,8.6,0
SV20210236,MA2010,Xác suất thống kê ứng dụng,3,Nhóm 04,Công nghệ thông tin,2.4,67,7.9,63.7,6,83.6,65,5.1,6.0,0
SV20210237,IT4010,Học máy & Khai phá dữ liệu,3,Nhóm 01,Công nghệ thông tin,2.1,83,6.6,83.2,9,67.1,70,7.2,6.0,0
SV20210237,IT4020,Hệ quản trị CSDL nâng cao,3,Nhóm 01,Công nghệ thông tin,2.1,83,7.1,92.1,5,76.2,75,6.0,5.5,0
SV20210237,IT4030,Phát triển ứng dụng Web,4,Nhóm 01,Công nghệ thông tin,2.1,83,8.5,95.0,12,79.5,75,7.2,7.1,0
SV20210237,MA2010,Xác suất thống kê ứng dụng,3,Nhóm 01,Công nghệ thông tin,2.1,83,7.1,78.8,14,89.5,62,5.4,6.5,0
SV20210238,IT4010,Học máy & Khai phá dữ liệu,3,Nhóm 02,Công nghệ thông tin,2.5,74,6.4,87.4,2,83.8,82,5.2,5.8,0
SV20210238,IT4020,Hệ quản trị CSDL nâng cao,3,Nhóm 02,Công nghệ thông tin,2.5,74,4.5,59.2,12,69.5,55,5.0,4.8,1
SV20210238,IT4030,Phát triển ứng dụng Web,4,Nhóm 02,Công nghệ thông tin,2.5,74,6.5,74.5,12,81.4,72,2.6,6.7,0
SV20210238,MA2010,Xác suất thống kê ứng dụng,3,Nhóm 02,Công nghệ thông tin,2.5,74,6.5,81.9,7,83.8,75,6.2,6.9,0
SV20210239,IT4010,Học máy & Khai phá dữ liệu,3,Nhóm 03,Công nghệ thông tin,2.3,57,6.5,70.2,5,59.6,83,7.9,9.5,0
SV20210239,IT4020,Hệ quản trị CSDL nâng cao,3,Nhóm 03,Công nghệ thông tin,2.3,57,5.7,88.1,6,59.1,68,4.1,5.9,0
SV20210239,IT4030,Phát triển ứng dụng Web,4,Nhóm 03,Công nghệ thông tin,2.3,57,7.2,69.2,9,94.1,76,3.8,6.9,0
SV20210239,MA2010,Xác suất thống kê ứng dụng,3,Nhóm 03,Công nghệ thông tin,2.3,57,9.2,73.9,2,69.4,68,5.4,7.1,0
SV20210240,IT4010,Học máy & Khai phá dữ liệu,3,Nhóm 04,Kinh tế số,3.3,100,8.7,94.2,19,84.4,76,8.5,6.9,0
SV20210240,IT4020,Hệ quản trị CSDL nâng cao,3,Nhóm 04,Kinh tế số,3.3,100,7.7,76.4,17,96.1,66,9.3,7.7,0
SV20210240,IT4030,Phát triển ứng dụng Web,4,Nhóm 04,Kinh tế số,3.3,100,8.1,75.5,7,96.0,66,6.3,6.6,0
SV20210240,MA2010,Xác suất thống kê ứng dụng,3,Nhóm 04,Kinh tế số,3.3,100,8.2,91.3,21,73.3,89,8.4,6.9,0
SV20210241,IT4010,Học máy & Khai phá dữ liệu,3,Nhóm 01,Kinh tế số,2.0,82,6.5,81.2,9,69.2,59,3.3,6.0,0
SV20210241,IT4020,Hệ quản trị CSDL nâng cao,3,Nhóm 01,Kinh tế số,2.0,82,5.3,61.9,3,79.5,54,6.5,5.1,0
SV20210241,IT4030,Phát triển ứng dụng Web,4,Nhóm 01,Kinh tế số,2.0,82,6.8,70.3,1,98.5,69,2.2,5.3,0
SV20210241,MA2010,Xác suất thống kê ứng dụng,3,Nhóm 01,Kinh tế số,2.0,82,5.3,67.2,10,64.8,51,4.6,4.7,1
SV20210242,IT4010,Học máy & Khai phá dữ liệu,3,Nhóm 02,Kỹ thuật dữ liệu,2.5,85,8.1,95.4,22,88.4,68,5.6,6.3,0
SV20210242,IT4020,Hệ quản trị CSDL nâng cao,3,Nhóm 02,Kỹ thuật dữ liệu,2.5,85,6.8,94.8,11,82.6,64,5.6,5.0,0
SV20210242,IT4030,Phát triển ứng dụng Web,4,Nhóm 02,Kỹ thuật dữ liệu,2.5,85,7.8,78.1,7,76.9,77,6.3,5.3,0
SV20210242,MA2010,Xác suất thống kê ứng dụng,3,Nhóm 02,Kỹ thuật dữ liệu,2.5,85,7.8,70.7,13,78.9,80,4.2,7.2,0
SV20210243,IT4010,Học máy & Khai phá dữ liệu,3,Nhóm 03,Kinh tế số,3.4,99,9.0,89.6,12,89.9,71,8.4,8.3,0
SV20210243,IT4020,Hệ quản trị CSDL nâng cao,3,Nhóm 03,Kinh tế số,3.4,99,8.2,100.0,21,100.0,82,7.5,7.3,0
SV20210243,IT4030,Phát triển ứng dụng Web,4,Nhóm 03,Kinh tế số,3.4,99,8.9,100.0,8,99.0,85,6.7,7.8,0
SV20210243,MA2010,Xác suất thống kê ứng dụng,3,Nhóm 03,Kinh tế số,3.4,99,9.4,100.0,16,91.4,76,8.2,7.0,0
SV20210244,IT4010,Học máy & Khai phá dữ liệu,3,Nhóm 04,Công nghệ thông tin,2.9,70,8.1,94.1,5,87.5,91,5.0,5.5,0
SV20210244,IT4020,Hệ quản trị CSDL nâng cao,3,Nhóm 04,Công nghệ thông tin,2.9,70,8.6,78.5,1,78.8,75,8.7,7.1,0
SV20210244,IT4030,Phát triển ứng dụng Web,4,Nhóm 04,Công nghệ thông tin,2.9,70,8.3,84.7,12,67.5,80,5.3,5.9,0
SV20210244,MA2010,Xác suất thống kê ứng dụng,3,Nhóm 04,Công nghệ thông tin,2.9,70,7.8,90.1,16,83.1,71,6.8,4.0,1
SV20210245,IT4010,Học máy & Khai phá dữ liệu,3,Nhóm 01,Công nghệ thông tin,3.7,132,9.5,100.0,17,100.0,87,11.2,7.8,0
SV20210245,IT4020,Hệ quản trị CSDL nâng cao,3,Nhóm 01,Công nghệ thông tin,3.7,132,9.1,100.0,22,99.5,88,11.4,8.8,0
SV20210245,IT4030,Phát triển ứng dụng Web,4,Nhóm 01,Công nghệ thông tin,3.7,132,9.5,98.7,21,89.8,80,10.1,10.0,0
SV20210245,MA2010,Xác suất thống kê ứng dụng,3,Nhóm 01,Công nghệ thông tin,3.7,132,9.6,99.8,20,100.0,80,12.2,8.0,0
SV20210246,IT4010,Học máy & Khai phá dữ liệu,3,Nhóm 02,Công nghệ thông tin,2.7,43,7.7,71.9,9,94.8,85,3.0,7.4,0
SV20210246,IT4020,Hệ quản trị CSDL nâng cao,3,Nhóm 02,Công nghệ thông tin,2.7,43,7.3,80.2,9,82.1,85,8.3,5.4,0
SV20210246,IT4030,Phát triển ứng dụng Web,4,Nhóm 02,Công nghệ thông tin,2.7,43,8.1,78.7,13,85.8,74,9.9,8.5,0
SV20210246,MA2010,Xác suất thống kê ứng dụng,3,Nhóm 02,Công nghệ thông tin,2.7,43,6.8,86.7,15,73.3,70,10.6,5.8,0
SV20210247,IT4010,Học máy & Khai phá dữ liệu,3,Nhóm 03,Công nghệ thông tin,2.7,70,6.4,80.1,8,78.1,55,0.3,4.7,1
SV20210247,IT4020,Hệ quản trị CSDL nâng cao,3,Nhóm 03,Công nghệ thông tin,2.7,70,6.3,72.6,10,77.1,77,6.0,6.9,0
SV20210247,IT4030,Phát triển ứng dụng Web,4,Nhóm 03,Công nghệ thông tin,2.7,70,7.8,95.5,6,61.5,70,4.1,7.7,0
SV20210247,MA2010,Xác suất thống kê ứng dụng,3,Nhóm 03,Công nghệ thông tin,2.7,70,7.0,88.1,10,84.2,83,5.2,6.1,0
SV20210248,IT4010,Học máy & Khai phá dữ liệu,3,Nhóm 04,Công nghệ thông tin,2.3,65,5.8,75.3,4,86.2,65,7.2,4.0,1
SV20210248,IT4020,Hệ quản trị CSDL nâng cao,3,Nhóm 04,Công nghệ thông tin,2.3,65,5.6,82.4,10,76.2,76,6.0,4.9,1
SV20210248,IT4030,Phát triển ứng dụng Web,4,Nhóm 04,Công nghệ thông tin,2.3,65,7.8,92.0,13,58.5,71,6.1,8.0,0
SV20210248,MA2010,Xác suất thống kê ứng dụng,3,Nhóm 04,Công nghệ thông tin,2.3,65,6.6,67.7,5,68.3,74,6.8,4.3,1
SV20210249,IT4010,Học máy & Khai phá dữ liệu,3,Nhóm 01,Kỹ thuật dữ liệu,2.6,70,8.7,86.2,12,75.9,77,5.9,6.7,0
SV20210249,IT4020,Hệ quản trị CSDL nâng cao,3,Nhóm 01,Kỹ thuật dữ liệu,2.6,70,7.2,82.4,9,65.1,75,7.0,6.5,0
SV20210249,IT4030,Phát triển ứng dụng Web,4,Nhóm 01,Kỹ thuật dữ liệu,2.6,70,8.8,89.8,7,81.5,79,5.7,6.4,0
SV20210249,MA2010,Xác suất thống kê ứng dụng,3,Nhóm 01,Kỹ thuật dữ liệu,2.6,70,8.8,96.5,9,77.1,68,5.2,8.9,0
SV20210250,IT4010,Học máy & Khai phá dữ liệu,3,Nhóm 02,Kinh tế số,2.2,48,6.0,54.6,7,75.1,63,5.1,4.2,1
SV20210250,IT4020,Hệ quản trị CSDL nâng cao,3,Nhóm 02,Kinh tế số,2.2,48,6.5,77.7,11,83.0,79,1.5,6.5,0
SV20210250,IT4030,Phát triển ứng dụng Web,4,Nhóm 02,Kinh tế số,2.2,48,5.3,68.2,17,83.4,73,3.8,5.8,0
SV20210250,MA2010,Xác suất thống kê ứng dụng,3,Nhóm 02,Kinh tế số,2.2,48,5.7,74.6,9,84.0,77,4.6,6.2,0
SV20210251,IT4010,Học máy & Khai phá dữ liệu,3,Nhóm 03,Công nghệ thông tin,2.5,51,6.8,78.5,10,82.6,62,3.4,7.8,0
SV20210251,IT4020,Hệ quản trị CSDL nâng cao,3,Nhóm 03,Công nghệ thông tin,2.5,51,7.2,64.1,9,76.0,85,8.2,7.3,0
SV20210251,IT4030,Phát triển ứng dụng Web,4,Nhóm 03,Công nghệ thông tin,2.5,51,7.3,71.1,10,80.1,66,5.8,6.3,0
SV20210251,MA2010,Xác suất thống kê ứng dụng,3,Nhóm 03,Công nghệ thông tin,2.5,51,7.4,94.4,9,82.2,70,6.2,5.6,0
SV20210252,IT4010,Học máy & Khai phá dữ liệu,3,Nhóm 04,Công nghệ thông tin,2.9,74,6.2,61.0,15,79.2,65,7.0,5.7,0
SV20210252,IT4020,Hệ quản trị CSDL nâng cao,3,Nhóm 04,Công nghệ thông tin,2.9,74,7.4,89.3,6,72.8,88,8.0,7.1,0
SV20210252,IT4030,Phát triển ứng dụng Web,4,Nhóm 04,Công nghệ thông tin,2.9,74,8.1,85.8,18,67.9,64,6.6,8.0,0
SV20210252,MA2010,Xác suất thống kê ứng dụng,3,Nhóm 04,Công nghệ thông tin,2.9,74,7.6,95.3,15,94.1,87,8.7,7.7,0
SV20210253,IT4010,Học máy & Khai phá dữ liệu,3,Nhóm 01,Công nghệ thông tin,2.5,70,7.6,84.3,2,96.6,56,5.9,5.2,0
SV20210253,IT4020,Hệ quản trị CSDL nâng cao,3,Nhóm 01,Công nghệ thông tin,2.5,70,5.9,87.3,14,74.8,52,3.5,4.9,1
SV20210253,IT4030,Phát triển ứng dụng Web,4,Nhóm 01,Công nghệ thông tin,2.5,70,7.4,98.4,4,92.6,74,3.1,8.1,0
SV20210253,MA2010,Xác suất thống kê ứng dụng,3,Nhóm 01,Công nghệ thông tin,2.5,70,7.9,67.7,14,82.9,68,6.2,6.2,0
SV20210254,IT4010,Học máy & Khai phá dữ liệu,3,Nhóm 02,Công nghệ thông tin,3.2,87,8.9,99.0,15,59.0,76,6.4,8.0,0
SV20210254,IT4020,Hệ quản trị CSDL nâng cao,3,Nhóm 02,Công nghệ thông tin,3.2,87,8.1,76.0,19,91.5,84,7.5,8.1,0
SV20210254,IT4030,Phát triển ứng dụng Web,4,Nhóm 02,Công nghệ thông tin,3.2,87,10.0,84.0,11,74.0,72,7.3,8.9,0
SV20210254,MA2010,Xác suất thống kê ứng dụng,3,Nhóm 02,Công nghệ thông tin,3.2,87,9.5,93.0,16,84.2,65,5.9,9.5,0
SV20210255,IT4010,Học máy & Khai phá dữ liệu,3,Nhóm 03,Kinh tế số,2.9,74,7.0,100.0,12,78.0,74,5.6,6.5,0
SV20210255,IT4020,Hệ quản trị CSDL nâng cao,3,Nhóm 03,Kinh tế số,2.9,74,9.7,70.8,17,82.4,78,9.3,7.0,0
SV20210255,IT4030,Phát triển ứng dụng Web,4,Nhóm 03,Kinh tế số,2.9,74,8.4,92.3,11,82.3,85,8.9,8.8,0
SV20210255,MA2010,Xác suất thống kê ứng dụng,3,Nhóm 03,Kinh tế số,2.9,74,7.7,82.9,15,100.0,80,13.1,4.8,1
SV20210256,IT4010,Học máy & Khai phá dữ liệu,3,Nhóm 04,Công nghệ thông tin,1.9,57,5.2,64.5,13,96.3,75,3.5,6.9,0
SV20210256,IT4020,Hệ quản trị CSDL nâng cao,3,Nhóm 04,Công nghệ thông tin,1.9,57,6.7,74.0,13,85.7,67,6.7,5.6,0
SV20210256,IT4030,Phát triển ứng dụng Web,4,Nhóm 04,Công nghệ thông tin,1.9,57,6.4,77.4,6,84.7,80,2.9,4.0,1
SV20210256,MA2010,Xác suất thống kê ứng dụng,3,Nhóm 04,Công nghệ thông tin,1.9,57,5.4,76.3,9,96.9,84,4.8,6.4,0
SV20210257,IT4010,Học máy & Khai phá dữ liệu,3,Nhóm 01,Công nghệ thông tin,2.3,90,7.2,66.4,1,77.9,66,6.9,6.5,0
SV20210257,IT4020,Hệ quản trị CSDL nâng cao,3,Nhóm 01,Công nghệ thông tin,2.3,90,7.0,87.3,10,95.1,73,2.7,5.2,0
SV20210257,IT4030,Phát triển ứng dụng Web,4,Nhóm 01,Công nghệ thông tin,2.3,90,6.9,60.5,4,90.5,71,4.2,7.7,0
SV20210257,MA2010,Xác suất thống kê ứng dụng,3,Nhóm 01,Công nghệ thông tin,2.3,90,6.3,58.7,12,75.0,74,8.3,5.4,0
SV20210258,IT4010,Học máy & Khai phá dữ liệu,3,Nhóm 02,Công nghệ thông tin,2.5,52,5.7,84.4,5,72.9,81,5.3,5.9,0
SV20210258,IT4020,Hệ quản trị CSDL nâng cao,3,Nhóm 02,Công nghệ thông tin,2.5,52,3.8,71.4,15,77.9,74,2.9,3.3,1
SV20210258,IT4030,Phát triển ứng dụng Web,4,Nhóm 02,Công nghệ thông tin,2.5,52,5.7,46.8,1,77.6,75,5.9,8.0,0
SV20210258,MA2010,Xác suất thống kê ứng dụng,3,Nhóm 02,Công nghệ thông tin,2.5,52,5.6,74.9,3,84.2,85,1.5,4.2,1
SV20210259,IT4010,Học máy & Khai phá dữ liệu,3,Nhóm 03,Công nghệ thông tin,1.9,62,5.4,88.1,2,72.4,59,6.9,5.0,0
SV20210259,IT4020,Hệ quản trị CSDL nâng cao,3,Nhóm 03,Công nghệ thông tin,1.9,62,6.6,81.6,1,87.7,63,3.2,6.1,0
SV20210259,IT4030,Phát triển ứng dụng Web,4,Nhóm 03,Công nghệ thông tin,1.9,62,6.9,80.7,7,75.1,60,5.2,6.4,0
SV20210259,MA2010,Xác suất thống kê ứng dụng,3,Nhóm 03,Công nghệ thông tin,1.9,62,4.8,66.7,6,97.3,71,3.8,3.8,1
SV20210260,IT4010,Học máy & Khai phá dữ liệu,3,Nhóm 04,Công nghệ thông tin,2.9,91,8.2,85.2,9,90.9,79,7.7,6.8,0
SV20210260,IT4020,Hệ quản trị CSDL nâng cao,3,Nhóm 04,Công nghệ thông tin,2.9,91,8.0,91.6,17,93.3,78,7.9,7.0,0
SV20210260,IT4030,Phát triển ứng dụng Web,4,Nhóm 04,Công nghệ thông tin,2.9,91,7.3,84.1,10,89.6,85,7.6,6.1,0
SV20210260,MA2010,Xác suất thống kê ứng dụng,3,Nhóm 04,Công nghệ thông tin,2.9,91,7.7,85.9,10,92.9,81,5.9,5.8,0
SV20210261,IT4010,Học máy & Khai phá dữ liệu,3,Nhóm 01,Công nghệ thông tin,2.9,116,9.6,100.0,15,83.6,88,5.7,8.0,0
SV20210261,IT4020,Hệ quản trị CSDL nâng cao,3,Nhóm 01,Công nghệ thông tin,2.9,116,8.5,96.8,21,100.0,91,7.2,7.8,0
SV20210261,IT4030,Phát triển ứng dụng Web,4,Nhóm 01,Công nghệ thông tin,2.9,116,9.9,93.0,12,100.0,88,10.3,8.9,0
SV20210261,MA2010,Xác suất thống kê ứng dụng,3,Nhóm 01,Công nghệ thông tin,2.9,116,8.7,96.3,19,88.2,75,6.7,8.0,0
SV20210262,IT4010,Học máy & Khai phá dữ liệu,3,Nhóm 02,Công nghệ thông tin,2.9,84,8.7,93.5,6,74.0,75,8.0,6.6,0
SV20210262,IT4020,Hệ quản trị CSDL nâng cao,3,Nhóm 02,Công nghệ thông tin,2.9,84,7.1,83.6,11,67.2,73,11.7,7.9,0
SV20210262,IT4030,Phát triển ứng dụng Web,4,Nhóm 02,Công nghệ thông tin,2.9,84,8.5,88.9,9,80.3,77,7.2,8.4,0
SV20210262,MA2010,Xác suất thống kê ứng dụng,3,Nhóm 02,Công nghệ thông tin,2.9,84,7.9,85.7,5,78.1,68,9.1,7.7,0
SV20210263,IT4010,Học máy & Khai phá dữ liệu,3,Nhóm 03,Kỹ thuật dữ liệu,2.3,37,6.1,60.9,10,66.6,70,4.5,5.8,0
SV20210263,IT4020,Hệ quản trị CSDL nâng cao,3,Nhóm 03,Kỹ thuật dữ liệu,2.3,37,7.6,80.1,9,88.8,81,9.5,7.1,0
SV20210263,IT4030,Phát triển ứng dụng Web,4,Nhóm 03,Kỹ thuật dữ liệu,2.3,37,6.4,72.3,7,82.7,69,4.2,7.6,0
SV20210263,MA2010,Xác suất thống kê ứng dụng,3,Nhóm 03,Kỹ thuật dữ liệu,2.3,37,5.5,85.3,4,89.4,70,5.5,3.9,1
SV20210264,IT4010,Học máy & Khai phá dữ liệu,3,Nhóm 04,Công nghệ thông tin,2.6,66,8.1,84.1,14,72.5,87,4.4,9.3,0
SV20210264,IT4020,Hệ quản trị CSDL nâng cao,3,Nhóm 04,Công nghệ thông tin,2.6,66,5.8,76.8,15,89.0,70,4.1,4.0,1
SV20210264,IT4030,Phát triển ứng dụng Web,4,Nhóm 04,Công nghệ thông tin,2.6,66,8.6,85.0,10,70.0,70,4.8,8.9,0
SV20210264,MA2010,Xác suất thống kê ứng dụng,3,Nhóm 04,Công nghệ thông tin,2.6,66,8.9,85.7,13,91.6,78,3.1,7.3,0
SV20210265,IT4010,Học máy & Khai phá dữ liệu,3,Nhóm 01,Kỹ thuật dữ liệu,2.8,79,7.8,81.3,15,66.9,77,4.7,7.0,0
SV20210265,IT4020,Hệ quản trị CSDL nâng cao,3,Nhóm 01,Kỹ thuật dữ liệu,2.8,79,6.4,69.8,16,77.0,63,7.2,7.1,0
SV20210265,IT4030,Phát triển ứng dụng Web,4,Nhóm 01,Kỹ thuật dữ liệu,2.8,79,7.9,79.5,1,92.0,75,5.9,7.1,0
SV20210265,MA2010,Xác suất thống kê ứng dụng,3,Nhóm 01,Kỹ thuật dữ liệu,2.8,79,7.3,85.6,13,72.1,79,5.3,4.8,1
SV20210266,IT4010,Học máy & Khai phá dữ liệu,3,Nhóm 02,Công nghệ thông tin,2.6,96,7.4,96.3,9,98.6,76,9.9,6.6,0
SV20210266,IT4020,Hệ quản trị CSDL nâng cao,3,Nhóm 02,Công nghệ thông tin,2.6,96,8.7,76.8,6,95.0,78,4.7,7.1,0
SV20210266,IT4030,Phát triển ứng dụng Web,4,Nhóm 02,Công nghệ thông tin,2.6,96,9.3,81.8,12,76.7,84,6.8,7.3,0
SV20210266,MA2010,Xác suất thống kê ứng dụng,3,Nhóm 02,Công nghệ thông tin,2.6,96,8.1,100.0,16,92.7,77,7.0,4.9,1
SV20210267,IT4010,Học máy & Khai phá dữ liệu,3,Nhóm 03,Công nghệ thông tin,2.9,112,8.2,80.1,8,80.5,85,7.7,7.2,0
SV20210267,IT4020,Hệ quản trị CSDL nâng cao,3,Nhóm 03,Công nghệ thông tin,2.9,112,7.0,76.6,8,100.0,72,4.5,6.6,0
SV20210267,IT4030,Phát triển ứng dụng Web,4,Nhóm 03,Công nghệ thông tin,2.9,112,8.4,88.9,16,100.0,82,9.1,7.9,0
SV20210267,MA2010,Xác suất thống kê ứng dụng,3,Nhóm 03,Công nghệ thông tin,2.9,112,8.4,89.0,17,90.7,84,4.6,7.2,0
SV20210268,IT4010,Học máy & Khai phá dữ liệu,3,Nhóm 04,Kỹ thuật dữ liệu,2.0,55,5.9,62.5,7,76.5,77,2.8,6.0,0
SV20210268,IT4020,Hệ quản trị CSDL nâng cao,3,Nhóm 04,Kỹ thuật dữ liệu,2.0,55,4.3,73.2,12,78.1,70,4.1,3.0,1
SV20210268,IT4030,Phát triển ứng dụng Web,4,Nhóm 04,Kỹ thuật dữ liệu,2.0,55,7.2,75.9,5,78.4,61,4.2,6.2,0
SV20210268,MA2010,Xác suất thống kê ứng dụng,3,Nhóm 04,Kỹ thuật dữ liệu,2.0,55,6.7,88.9,10,70.3,61,4.9,6.7,0
SV20210269,IT4010,Học máy & Khai phá dữ liệu,3,Nhóm 01,Kinh tế số,2.7,63,7.1,75.1,11,85.8,80,4.1,4.9,1
SV20210269,IT4020,Hệ quản trị CSDL nâng cao,3,Nhóm 01,Kinh tế số,2.7,63,6.2,92.1,10,67.1,71,7.5,7.6,0
SV20210269,IT4030,Phát triển ứng dụng Web,4,Nhóm 01,Kinh tế số,2.7,63,8.7,84.2,10,72.2,75,6.1,6.2,0
SV20210269,MA2010,Xác suất thống kê ứng dụng,3,Nhóm 01,Kinh tế số,2.7,63,7.2,71.4,9,86.8,67,6.7,7.0,0
SV20210270,IT4010,Học máy & Khai phá dữ liệu,3,Nhóm 02,Kinh tế số,3.2,85,7.6,85.8,17,85.9,84,6.5,6.4,0
SV20210270,IT4020,Hệ quản trị CSDL nâng cao,3,Nhóm 02,Kinh tế số,3.2,85,8.7,90.0,18,88.4,81,6.3,8.3,0
SV20210270,IT4030,Phát triển ứng dụng Web,4,Nhóm 02,Kinh tế số,3.2,85,8.7,93.9,7,95.6,71,7.0,9.5,0
SV20210270,MA2010,Xác suất thống kê ứng dụng,3,Nhóm 02,Kinh tế số,3.2,85,7.8,95.3,10,91.7,91,6.3,8.0,0
SV20210271,IT4010,Học máy & Khai phá dữ liệu,3,Nhóm 03,Công nghệ thông tin,2.8,76,7.0,94.3,14,84.8,76,8.8,6.8,0
SV20210271,IT4020,Hệ quản trị CSDL nâng cao,3,Nhóm 03,Công nghệ thông tin,2.8,76,7.9,90.9,12,85.4,74,4.4,6.1,0
SV20210271,IT4030,Phát triển ứng dụng Web,4,Nhóm 03,Công nghệ thông tin,2.8,76,8.2,93.1,7,88.1,72,9.2,8.0,0
SV20210271,MA2010,Xác suất thống kê ứng dụng,3,Nhóm 03,Công nghệ thông tin,2.8,76,8.3,79.8,11,82.3,65,6.2,5.7,0
SV20210272,IT4010,Học máy & Khai phá dữ liệu,3,Nhóm 04,Kỹ thuật dữ liệu,2.4,91,6.2,82.6,9,86.6,62,1.3,5.3,0
SV20210272,IT4020,Hệ quản trị CSDL nâng cao,3,Nhóm 04,Kỹ thuật dữ liệu,2.4,91,6.8,79.9,11,65.5,72,9.9,6.6,0
SV20210272,IT4030,Phát triển ứng dụng Web,4,Nhóm 04,Kỹ thuật dữ liệu,2.4,91,9.2,89.3,3,94.2,79,6.4,7.8,0
SV20210272,MA2010,Xác suất thống kê ứng dụng,3,Nhóm 04,Kỹ thuật dữ liệu,2.4,91,7.7,72.4,7,73.2,74,8.6,7.1,0
SV20210273,IT4010,Học máy & Khai phá dữ liệu,3,Nhóm 01,Kinh tế số,2.8,64,8.1,93.4,10,100.0,72,6.1,6.3,0
SV20210273,IT4020,Hệ quản trị CSDL nâng cao,3,Nhóm 01,Kinh tế số,2.8,64,6.4,79.5,12,76.4,74,8.4,5.1,0
SV20210273,IT4030,Phát triển ứng dụng Web,4,Nhóm 01,Kinh tế số,2.8,64,7.0,84.5,12,97.5,81,8.0,7.2,0
SV20210273,MA2010,Xác suất thống kê ứng dụng,3,Nhóm 01,Kinh tế số,2.8,64,6.4,90.2,8,100.0,58,8.2,6.5,0
SV20210274,IT4010,Học máy & Khai phá dữ liệu,3,Nhóm 02,Kinh tế số,2.4,73,4.2,82.2,1,68.2,57,7.0,6.7,0
SV20210274,IT4020,Hệ quản trị CSDL nâng cao,3,Nhóm 02,Kinh tế số,2.4,73,6.5,78.0,1,82.5,67,5.0,4.0,1
SV20210274,IT4030,Phát triển ứng dụng Web,4,Nhóm 02,Kinh tế số,2.4,73,6.7,73.8,20,66.9,64,5.1,6.1,0
SV20210274,MA2010,Xác suất thống kê ứng dụng,3,Nhóm 02,Kinh tế số,2.4,73,8.2,91.6,5,78.9,67,6.5,8.3,0
SV20210275,IT4010,Học máy & Khai phá dữ liệu,3,Nhóm 03,Kỹ thuật dữ liệu,3.4,116,7.8,82.9,23,88.8,68,4.7,6.4,0
SV20210275,IT4020,Hệ quản trị CSDL nâng cao,3,Nhóm 03,Kỹ thuật dữ liệu,3.4,116,7.8,96.7,9,98.4,67,9.0,8.2,0
SV20210275,IT4030,Phát triển ứng dụng Web,4,Nhóm 03,Kỹ thuật dữ liệu,3.4,116,8.6,92.6,15,86.2,83,7.8,7.8,0
SV20210275,MA2010,Xác suất thống kê ứng dụng,3,Nhóm 03,Kỹ thuật dữ liệu,3.4,116,10.0,98.3,17,74.1,69,9.7,8.9,0
SV20210276,IT4010,Học máy & Khai phá dữ liệu,3,Nhóm 04,Kinh tế số,3.3,63,7.4,70.6,13,86.6,75,5.4,7.2,0
SV20210276,IT4020,Hệ quản trị CSDL nâng cao,3,Nhóm 04,Kinh tế số,3.3,63,7.2,100.0,6,86.5,75,6.3,6.9,0
SV20210276,IT4030,Phát triển ứng dụng Web,4,Nhóm 04,Kinh tế số,3.3,63,7.8,65.2,16,83.0,72,5.6,8.2,0
SV20210276,MA2010,Xác suất thống kê ứng dụng,3,Nhóm 04,Kinh tế số,3.3,63,8.5,83.7,14,84.5,68,7.7,6.6,0
SV20210277,IT4010,Học máy & Khai phá dữ liệu,3,Nhóm 01,Kinh tế số,2.4,76,8.3,58.2,5,100.0,61,8.7,6.8,0
SV20210277,IT4020,Hệ quản trị CSDL nâng cao,3,Nhóm 01,Kinh tế số,2.4,76,6.1,85.0,4,83.0,66,4.7,6.9,0
SV20210277,IT4030,Phát triển ứng dụng Web,4,Nhóm 01,Kinh tế số,2.4,76,6.5,86.0,9,90.3,70,4.7,6.1,0
SV20210277,MA2010,Xác suất thống kê ứng dụng,3,Nhóm 01,Kinh tế số,2.4,76,7.9,86.6,3,95.2,87,6.5,7.4,0
SV20210278,IT4010,Học máy & Khai phá dữ liệu,3,Nhóm 02,Kỹ thuật dữ liệu,2.9,69,7.9,84.8,20,81.3,77,8.6,9.5,0
SV20210278,IT4020,Hệ quản trị CSDL nâng cao,3,Nhóm 02,Kỹ thuật dữ liệu,2.9,69,8.3,85.7,18,97.2,70,5.2,6.6,0
SV20210278,IT4030,Phát triển ứng dụng Web,4,Nhóm 02,Kỹ thuật dữ liệu,2.9,69,9.3,71.7,4,86.5,82,5.7,7.3,0
SV20210278,MA2010,Xác suất thống kê ứng dụng,3,Nhóm 02,Kỹ thuật dữ liệu,2.9,69,8.9,97.9,9,94.9,78,8.2,9.3,0
SV20210279,IT4010,Học máy & Khai phá dữ liệu,3,Nhóm 03,Công nghệ thông tin,2.5,67,8.1,94.6,1,88.9,67,4.2,6.3,0
SV20210279,IT4020,Hệ quản trị CSDL nâng cao,3,Nhóm 03,Công nghệ thông tin,2.5,67,6.0,90.6,10,81.1,84,5.4,6.2,0
SV20210279,IT4030,Phát triển ứng dụng Web,4,Nhóm 03,Công nghệ thông tin,2.5,67,5.5,63.4,12,92.4,74,4.3,6.7,0
SV20210279,MA2010,Xác suất thống kê ứng dụng,3,Nhóm 03,Công nghệ thông tin,2.5,67,8.0,84.1,14,86.5,61,7.4,9.3,0
SV20210280,IT4010,Học máy & Khai phá dữ liệu,3,Nhóm 04,Kinh tế số,2.4,73,6.8,77.4,6,69.4,70,6.1,7.1,0
SV20210280,IT4020,Hệ quản trị CSDL nâng cao,3,Nhóm 04,Kinh tế số,2.4,73,5.5,79.7,9,85.6,69,5.4,6.6,0
SV20210280,IT4030,Phát triển ứng dụng Web,4,Nhóm 04,Kinh tế số,2.4,73,7.3,73.2,8,76.6,73,8.1,6.8,0
SV20210280,MA2010,Xác suất thống kê ứng dụng,3,Nhóm 04,Kinh tế số,2.4,73,7.0,82.7,14,53.0,64,8.5,6.3,0
SV20210281,IT4010,Học máy & Khai phá dữ liệu,3,Nhóm 01,Kỹ thuật dữ liệu,2.2,60,7.3,80.3,9,90.0,85,7.0,7.6,0
SV20210281,IT4020,Hệ quản trị CSDL nâng cao,3,Nhóm 01,Kỹ thuật dữ liệu,2.2,60,5.9,75.4,8,79.3,68,8.7,5.0,0
SV20210281,IT4030,Phát triển ứng dụng Web,4,Nhóm 01,Kỹ thuật dữ liệu,2.2,60,6.2,80.2,13,70.0,68,5.2,7.2,0
SV20210281,MA2010,Xác suất thống kê ứng dụng,3,Nhóm 01,Kỹ thuật dữ liệu,2.2,60,7.2,78.6,3,91.7,79,3.8,7.0,0
SV20210282,IT4010,Học máy & Khai phá dữ liệu,3,Nhóm 02,Công nghệ thông tin,3.2,104,8.4,93.3,15,83.7,85,8.1,8.7,0
SV20210282,IT4020,Hệ quản trị CSDL nâng cao,3,Nhóm 02,Công nghệ thông tin,3.2,104,8.2,98.3,10,93.5,77,8.5,6.8,0
SV20210282,IT4030,Phát triển ứng dụng Web,4,Nhóm 02,Công nghệ thông tin,3.2,104,9.3,100.0,13,93.1,83,8.0,7.6,0
SV20210282,MA2010,Xác suất thống kê ứng dụng,3,Nhóm 02,Công nghệ thông tin,3.2,104,7.7,92.4,18,88.1,85,10.9,8.4,0
SV20210283,IT4010,Học máy & Khai phá dữ liệu,3,Nhóm 03,Công nghệ thông tin,2.7,102,8.5,93.7,11,86.0,74,7.3,6.4,0
SV20210283,IT4020,Hệ quản trị CSDL nâng cao,3,Nhóm 03,Công nghệ thông tin,2.7,102,8.4,88.4,13,97.3,78,6.6,5.7,0
SV20210283,IT4030,Phát triển ứng dụng Web,4,Nhóm 03,Công nghệ thông tin,2.7,102,8.5,100.0,13,84.4,89,9.8,8.2,0
SV20210283,MA2010,Xác suất thống kê ứng dụng,3,Nhóm 03,Công nghệ thông tin,2.7,102,8.3,72.0,11,91.8,84,7.7,6.4,0
SV20210284,IT4010,Học máy & Khai phá dữ liệu,3,Nhóm 04,Công nghệ thông tin,3.6,100,9.3,93.4,8,91.1,79,7.8,9.1,0
SV20210284,IT4020,Hệ quản trị CSDL nâng cao,3,Nhóm 04,Công nghệ thông tin,3.6,100,8.6,98.0,14,80.6,85,8.6,8.6,0
SV20210284,IT4030,Phát triển ứng dụng Web,4,Nhóm 04,Công nghệ thông tin,3.6,100,7.7,100.0,17,75.5,79,5.3,6.8,0
SV20210284,MA2010,Xác suất thống kê ứng dụng,3,Nhóm 04,Công nghệ thông tin,3.6,100,8.0,99.6,11,88.6,87,10.6,10.0,0
SV20210285,IT4010,Học máy & Khai phá dữ liệu,3,Nhóm 01,Công nghệ thông tin,3.5,88,10.0,92.3,10,84.6,81,7.3,8.2,0
SV20210285,IT4020,Hệ quản trị CSDL nâng cao,3,Nhóm 01,Công nghệ thông tin,3.5,88,9.0,81.5,17,76.3,92,6.2,8.4,0
SV20210285,IT4030,Phát triển ứng dụng Web,4,Nhóm 01,Công nghệ thông tin,3.5,88,7.3,85.6,18,83.3,60,9.1,6.1,0
SV20210285,MA2010,Xác suất thống kê ứng dụng,3,Nhóm 01,Công nghệ thông tin,3.5,88,9.5,100.0,8,78.0,76,8.6,7.7,0
SV20210286,IT4010,Học máy & Khai phá dữ liệu,3,Nhóm 02,Công nghệ thông tin,2.5,71,7.8,86.9,5,82.6,66,3.1,6.5,0
SV20210286,IT4020,Hệ quản trị CSDL nâng cao,3,Nhóm 02,Công nghệ thông tin,2.5,71,7.6,75.3,17,75.8,72,3.9,5.8,0
SV20210286,IT4030,Phát triển ứng dụng Web,4,Nhóm 02,Công nghệ thông tin,2.5,71,7.7,86.5,17,78.5,69,8.3,6.5,0
SV20210286,MA2010,Xác suất thống kê ứng dụng,3,Nhóm 02,Công nghệ thông tin,2.5,71,7.0,86.2,3,88.8,65,6.8,5.7,0
SV20210287,IT4010,Học máy & Khai phá dữ liệu,3,Nhóm 03,Kỹ thuật dữ liệu,1.8,51,5.9,55.5,5,73.0,56,5.5,5.2,0
SV20210287,IT4020,Hệ quản trị CSDL nâng cao,3,Nhóm 03,Kỹ thuật dữ liệu,1.8,51,6.2,92.0,5,77.5,67,3.7,5.2,0
SV20210287,IT4030,Phát triển ứng dụng Web,4,Nhóm 03,Kỹ thuật dữ liệu,1.8,51,7.5,88.1,4,65.5,67,4.3,7.4,0
SV20210287,MA2010,Xác suất thống kê ứng dụng,3,Nhóm 03,Kỹ thuật dữ liệu,1.8,51,6.4,75.0,2,81.7,65,2.3,6.2,0
SV20210288,IT4010,Học máy & Khai phá dữ liệu,3,Nhóm 04,Kỹ thuật dữ liệu,3.0,78,8.1,85.8,17,88.4,82,7.6,8.3,0
SV20210288,IT4020,Hệ quản trị CSDL nâng cao,3,Nhóm 04,Kỹ thuật dữ liệu,3.0,78,7.0,62.6,10,94.1,85,7.3,6.1,0
SV20210288,IT4030,Phát triển ứng dụng Web,4,Nhóm 04,Kỹ thuật dữ liệu,3.0,78,8.5,79.0,8,83.8,92,7.7,6.8,0
SV20210288,MA2010,Xác suất thống kê ứng dụng,3,Nhóm 04,Kỹ thuật dữ liệu,3.0,78,6.8,77.5,10,94.5,69,9.8,7.3,0
SV20210289,IT4010,Học máy & Khai phá dữ liệu,3,Nhóm 01,Công nghệ thông tin,2.6,59,7.3,80.4,15,68.6,82,4.1,5.9,0
SV20210289,IT4020,Hệ quản trị CSDL nâng cao,3,Nhóm 01,Công nghệ thông tin,2.6,59,5.9,80.2,8,83.6,55,4.8,4.1,1
SV20210289,IT4030,Phát triển ứng dụng Web,4,Nhóm 01,Công nghệ thông tin,2.6,59,6.0,67.2,14,71.1,70,5.7,5.8,0
SV20210289,MA2010,Xác suất thống kê ứng dụng,3,Nhóm 01,Công nghệ thông tin,2.6,59,5.8,71.5,9,63.9,80,4.5,5.8,0
SV20210290,IT4010,Học máy & Khai phá dữ liệu,3,Nhóm 02,Công nghệ thông tin,2.8,88,8.0,93.1,10,93.0,71,4.3,7.0,0
SV20210290,IT4020,Hệ quản trị CSDL nâng cao,3,Nhóm 02,Công nghệ thông tin,2.8,88,7.3,83.7,9,90.1,78,8.1,7.2,0
SV20210290,IT4030,Phát triển ứng dụng Web,4,Nhóm 02,Công nghệ thông tin,2.8,88,7.8,78.2,13,63.4,94,7.6,7.0,0
SV20210290,MA2010,Xác suất thống kê ứng dụng,3,Nhóm 02,Công nghệ thông tin,2.8,88,8.1,86.7,8,88.1,90,2.3,6.7,0
SV20210291,IT4010,Học máy & Khai phá dữ liệu,3,Nhóm 03,Kinh tế số,2.7,81,6.9,90.3,11,77.9,63,8.7,6.5,0
SV20210291,IT4020,Hệ quản trị CSDL nâng cao,3,Nhóm 03,Kinh tế số,2.7,81,7.3,79.1,8,75.9,70,3.6,4.2,1
SV20210291,IT4030,Phát triển ứng dụng Web,4,Nhóm 03,Kinh tế số,2.7,81,6.7,67.0,7,79.3,65,8.1,7.9,0
SV20210291,MA2010,Xác suất thống kê ứng dụng,3,Nhóm 03,Kinh tế số,2.7,81,7.4,77.6,8,86.0,70,6.9,7.1,0
SV20210292,IT4010,Học máy & Khai phá dữ liệu,3,Nhóm 04,Công nghệ thông tin,2.1,71,7.0,89.9,7,70.1,72,4.4,4.7,1
SV20210292,IT4020,Hệ quản trị CSDL nâng cao,3,Nhóm 04,Công nghệ thông tin,2.1,71,6.8,68.5,9,77.4,58,8.0,7.0,0
SV20210292,IT4030,Phát triển ứng dụng Web,4,Nhóm 04,Công nghệ thông tin,2.1,71,5.7,73.9,4,82.6,64,6.0,5.8,0
SV20210292,MA2010,Xác suất thống kê ứng dụng,3,Nhóm 04,Công nghệ thông tin,2.1,71,5.5,68.3,10,70.0,85,6.4,6.1,0
SV20210293,IT4010,Học máy & Khai phá dữ liệu,3,Nhóm 01,Công nghệ thông tin,3.3,106,7.9,97.6,20,77.9,86,8.8,6.4,0
SV20210293,IT4020,Hệ quản trị CSDL nâng cao,3,Nhóm 01,Công nghệ thông tin,3.3,106,8.3,88.6,16,72.2,78,9.0,6.0,0
SV20210293,IT4030,Phát triển ứng dụng Web,4,Nhóm 01,Công nghệ thông tin,3.3,106,9.6,100.0,16,91.7,84,9.8,9.7,0
SV20210293,MA2010,Xác suất thống kê ứng dụng,3,Nhóm 01,Công nghệ thông tin,3.3,106,8.9,89.1,20,97.1,84,7.1,7.7,0
SV20210294,IT4010,Học máy & Khai phá dữ liệu,3,Nhóm 02,Công nghệ thông tin,3.0,78,7.0,71.7,2,85.8,84,8.4,9.5,0
SV20210294,IT4020,Hệ quản trị CSDL nâng cao,3,Nhóm 02,Công nghệ thông tin,3.0,78,7.5,90.0,8,91.0,78,7.4,10.0,0
SV20210294,IT4030,Phát triển ứng dụng Web,4,Nhóm 02,Công nghệ thông tin,3.0,78,7.4,88.6,10,82.3,79,6.7,7.6,0
SV20210294,MA2010,Xác suất thống kê ứng dụng,3,Nhóm 02,Công nghệ thông tin,3.0,78,7.3,71.7,13,84.7,76,8.2,7.0,0
SV20210295,IT4010,Học máy & Khai phá dữ liệu,3,Nhóm 03,Công nghệ thông tin,2.0,50,4.5,78.2,1,53.0,68,4.7,5.3,0
SV20210295,IT4020,Hệ quản trị CSDL nâng cao,3,Nhóm 03,Công nghệ thông tin,2.0,50,5.2,51.5,1,81.0,58,7.0,4.3,1
SV20210295,IT4030,Phát triển ứng dụng Web,4,Nhóm 03,Công nghệ thông tin,2.0,50,5.7,80.2,12,87.0,50,3.2,7.5,0
SV20210295,MA2010,Xác suất thống kê ứng dụng,3,Nhóm 03,Công nghệ thông tin,2.0,50,5.2,75.2,1,73.0,60,1.2,5.6,0
SV20210296,IT4010,Học máy & Khai phá dữ liệu,3,Nhóm 04,Kinh tế số,2.7,68,7.1,80.2,14,61.5,69,9.2,5.0,0
SV20210296,IT4020,Hệ quản trị CSDL nâng cao,3,Nhóm 04,Kinh tế số,2.7,68,6.9,85.6,9,65.9,67,6.4,5.7,0
SV20210296,IT4030,Phát triển ứng dụng Web,4,Nhóm 04,Kinh tế số,2.7,68,8.4,83.0,13,90.2,72,6.5,7.8,0
SV20210296,MA2010,Xác suất thống kê ứng dụng,3,Nhóm 04,Kinh tế số,2.7,68,7.2,99.4,11,81.1,77,5.0,4.5,1
SV20210297,IT4010,Học máy & Khai phá dữ liệu,3,Nhóm 01,Công nghệ thông tin,2.0,58,7.6,67.2,10,88.2,64,3.9,6.5,0
SV20210297,IT4020,Hệ quản trị CSDL nâng cao,3,Nhóm 01,Công nghệ thông tin,2.0,58,5.8,81.1,7,73.4,74,7.4,4.7,1
SV20210297,IT4030,Phát triển ứng dụng Web,4,Nhóm 01,Công nghệ thông tin,2.0,58,6.6,72.4,8,66.2,59,4.8,6.1,0
SV20210297,MA2010,Xác suất thống kê ứng dụng,3,Nhóm 01,Công nghệ thông tin,2.0,58,7.0,77.5,7,72.9,71,5.0,7.3,0
SV20210298,IT4010,Học máy & Khai phá dữ liệu,3,Nhóm 02,Công nghệ thông tin,2.5,57,6.5,68.5,3,80.3,66,5.0,5.4,0
SV20210298,IT4020,Hệ quản trị CSDL nâng cao,3,Nhóm 02,Công nghệ thông tin,2.5,57,6.3,75.5,12,75.6,70,2.6,6.0,0
SV20210298,IT4030,Phát triển ứng dụng Web,4,Nhóm 02,Công nghệ thông tin,2.5,57,6.2,80.1,11,73.3,59,6.3,6.3,0
SV20210298,MA2010,Xác suất thống kê ứng dụng,3,Nhóm 02,Công nghệ thông tin,2.5,57,7.2,89.3,8,89.5,50,5.2,8.4,0
SV20210299,IT4010,Học máy & Khai phá dữ liệu,3,Nhóm 03,Công nghệ thông tin,3.0,98,8.0,87.5,8,92.8,88,9.4,6.8,0
SV20210299,IT4020,Hệ quản trị CSDL nâng cao,3,Nhóm 03,Công nghệ thông tin,3.0,98,8.4,79.7,10,82.8,88,5.1,5.7,0
SV20210299,IT4030,Phát triển ứng dụng Web,4,Nhóm 03,Công nghệ thông tin,3.0,98,9.5,82.7,15,100.0,74,5.1,6.4,0
SV20210299,MA2010,Xác suất thống kê ứng dụng,3,Nhóm 03,Công nghệ thông tin,3.0,98,8.5,87.3,15,70.2,58,6.9,8.9,0
SV20210300,IT4010,Học máy & Khai phá dữ liệu,3,Nhóm 04,Kỹ thuật dữ liệu,2.8,118,7.7,90.4,17,77.6,71,7.4,7.8,0
SV20210300,IT4020,Hệ quản trị CSDL nâng cao,3,Nhóm 04,Kỹ thuật dữ liệu,2.8,118,7.7,83.3,18,89.6,82,10.2,5.5,0
SV20210300,IT4030,Phát triển ứng dụng Web,4,Nhóm 04,Kỹ thuật dữ liệu,2.8,118,9.2,100.0,15,86.5,83,10.1,7.7,0
SV20210300,MA2010,Xác suất thống kê ứng dụng,3,Nhóm 04,Kỹ thuật dữ liệu,2.8,118,8.8,96.3,15,93.7,79,7.5,8.4,0
SV20210301,IT4010,Học máy & Khai phá dữ liệu,3,Nhóm 01,Kỹ thuật dữ liệu,2.4,49,7.3,72.9,6,98.5,54,6.7,6.0,0
SV20210301,IT4020,Hệ quản trị CSDL nâng cao,3,Nhóm 01,Kỹ thuật dữ liệu,2.4,49,4.4,69.9,2,57.0,71,2.5,4.1,1
SV20210301,IT4030,Phát triển ứng dụng Web,4,Nhóm 01,Kỹ thuật dữ liệu,2.4,49,5.0,77.9,5,75.7,69,3.6,6.1,0
SV20210301,MA2010,Xác suất thống kê ứng dụng,3,Nhóm 01,Kỹ thuật dữ liệu,2.4,49,6.5,83.2,11,77.8,50,6.4,5.8,0
SV20210302,IT4010,Học máy & Khai phá dữ liệu,3,Nhóm 02,Kỹ thuật dữ liệu,2.0,46,5.7,60.7,11,64.5,74,5.3,6.7,0
SV20210302,IT4020,Hệ quản trị CSDL nâng cao,3,Nhóm 02,Kỹ thuật dữ liệu,2.0,46,6.3,78.4,6,86.6,64,3.7,8.2,0
SV20210302,IT4030,Phát triển ứng dụng Web,4,Nhóm 02,Kỹ thuật dữ liệu,2.0,46,5.3,80.0,6,90.2,79,7.7,7.0,0
SV20210302,MA2010,Xác suất thống kê ứng dụng,3,Nhóm 02,Kỹ thuật dữ liệu,2.0,46,6.1,61.2,15,66.1,70,5.0,4.3,1
SV20210303,IT4010,Học máy & Khai phá dữ liệu,3,Nhóm 03,Kinh tế số,2.2,64,7.5,72.3,4,80.0,72,4.0,5.4,0
SV20210303,IT4020,Hệ quản trị CSDL nâng cao,3,Nhóm 03,Kinh tế số,2.2,64,6.8,72.1,11,79.4,75,2.1,6.4,0
SV20210303,IT4030,Phát triển ứng dụng Web,4,Nhóm 03,Kinh tế số,2.2,64,7.2,78.7,11,99.2,62,4.3,6.7,0
SV20210303,MA2010,Xác suất thống kê ứng dụng,3,Nhóm 03,Kinh tế số,2.2,64,5.6,88.2,10,75.4,67,9.5,5.9,0
SV20210304,IT4010,Học máy & Khai phá dữ liệu,3,Nhóm 04,Kỹ thuật dữ liệu,2.5,44,7.2,73.2,11,84.4,72,4.6,4.3,1
SV20210304,IT4020,Hệ quản trị CSDL nâng cao,3,Nhóm 04,Kỹ thuật dữ liệu,2.5,44,5.2,79.5,11,88.3,77,9.2,5.7,0
SV20210304,IT4030,Phát triển ứng dụng Web,4,Nhóm 04,Kỹ thuật dữ liệu,2.5,44,7.2,91.0,13,73.2,65,6.0,6.9,0
SV20210304,MA2010,Xác suất thống kê ứng dụng,3,Nhóm 04,Kỹ thuật dữ liệu,2.5,44,6.5,61.2,5,80.3,68,4.8,6.1,0
SV20210305,IT4010,Học máy & Khai phá dữ liệu,3,Nhóm 01,Công nghệ thông tin,2.5,44,6.2,68.3,9,96.1,67,2.8,4.8,1
SV20210305,IT4020,Hệ quản trị CSDL nâng cao,3,Nhóm 01,Công nghệ thông tin,2.5,44,6.7,87.2,7,81.2,58,4.6,7.1,0
SV20210305,IT4030,Phát triển ứng dụng Web,4,Nhóm 01,Công nghệ thông tin,2.5,44,5.5,66.1,11,80.7,68,4.9,5.3,0
SV20210305,MA2010,Xác suất thống kê ứng dụng,3,Nhóm 01,Công nghệ thông tin,2.5,44,6.2,68.0,6,68.2,70,6.3,3.7,1
SV20210306,IT4010,Học máy & Khai phá dữ liệu,3,Nhóm 02,Công nghệ thông tin,2.6,108,7.1,72.9,15,100.0,88,6.5,4.5,1
SV20210306,IT4020,Hệ quản trị CSDL nâng cao,3,Nhóm 02,Công nghệ thông tin,2.6,108,6.9,85.6,15,100.0,80,4.0,5.6,0
SV20210306,IT4030,Phát triển ứng dụng Web,4,Nhóm 02,Công nghệ thông tin,2.6,108,8.7,86.1,7,93.7,93,9.4,9.2,0
SV20210306,MA2010,Xác suất thống kê ứng dụng,3,Nhóm 02,Công nghệ thông tin,2.6,108,8.4,90.4,8,100.0,76,6.4,8.6,0
SV20210307,IT4010,Học máy & Khai phá dữ liệu,3,Nhóm 03,Công nghệ thông tin,2.6,78,8.5,100.0,12,82.5,80,8.1,7.3,0
SV20210307,IT4020,Hệ quản trị CSDL nâng cao,3,Nhóm 03,Công nghệ thông tin,2.6,78,6.0,72.1,10,80.7,80,4.0,6.0,0
SV20210307,IT4030,Phát triển ứng dụng Web,4,Nhóm 03,Công nghệ thông tin,2.6,78,7.0,77.7,8,85.1,81,6.1,6.9,0
SV20210307,MA2010,Xác suất thống kê ứng dụng,3,Nhóm 03,Công nghệ thông tin,2.6,78,8.0,71.0,1,71.8,71,7.5,8.3,0
SV20210308,IT4010,Học máy & Khai phá dữ liệu,3,Nhóm 04,Công nghệ thông tin,2.2,82,7.0,69.8,6,81.4,80,4.6,5.0,0
SV20210308,IT4020,Hệ quản trị CSDL nâng cao,3,Nhóm 04,Công nghệ thông tin,2.2,82,5.6,57.0,8,89.4,70,5.9,5.2,0
SV20210308,IT4030,Phát triển ứng dụng Web,4,Nhóm 04,Công nghệ thông tin,2.2,82,6.1,77.9,8,71.2,66,6.5,7.2,0
SV20210308,MA2010,Xác suất thống kê ứng dụng,3,Nhóm 04,Công nghệ thông tin,2.2,82,7.0,96.8,11,86.9,67,9.0,5.9,0
SV20210309,IT4010,Học máy & Khai phá dữ liệu,3,Nhóm 01,Công nghệ thông tin,2.4,62,7.9,70.9,9,87.9,69,7.2,5.5,0
SV20210309,IT4020,Hệ quản trị CSDL nâng cao,3,Nhóm 01,Công nghệ thông tin,2.4,62,5.9,77.3,6,91.0,68,6.1,3.9,1
SV20210309,IT4030,Phát triển ứng dụng Web,4,Nhóm 01,Công nghệ thông tin,2.4,62,8.5,82.2,5,92.2,63,5.4,7.0,0
SV20210309,MA2010,Xác suất thống kê ứng dụng,3,Nhóm 01,Công nghệ thông tin,2.4,62,7.7,84.9,16,87.5,73,4.9,5.1,0
SV20210310,IT4010,Học máy & Khai phá dữ liệu,3,Nhóm 02,Công nghệ thông tin,2.4,77,8.8,90.9,5,81.5,86,8.4,8.7,0
SV20210310,IT4020,Hệ quản trị CSDL nâng cao,3,Nhóm 02,Công nghệ thông tin,2.4,77,6.5,81.2,12,76.4,87,5.3,4.6,1
SV20210310,IT4030,Phát triển ứng dụng Web,4,Nhóm 02,Công nghệ thông tin,2.4,77,7.3,100.0,6,89.1,77,10.5,8.3,0
SV20210310,MA2010,Xác suất thống kê ứng dụng,3,Nhóm 02,Công nghệ thông tin,2.4,77,8.4,74.4,8,92.3,77,8.0,5.6,0
SV20210311,IT4010,Học máy & Khai phá dữ liệu,3,Nhóm 03,Kỹ thuật dữ liệu,3.1,106,7.7,91.5,19,99.7,87,9.3,7.5,0
SV20210311,IT4020,Hệ quản trị CSDL nâng cao,3,Nhóm 03,Kỹ thuật dữ liệu,3.1,106,8.3,83.2,11,96.8,75,10.2,7.8,0
SV20210311,IT4030,Phát triển ứng dụng Web,4,Nhóm 03,Kỹ thuật dữ liệu,3.1,106,8.3,81.3,15,95.3,86,8.0,7.0,0
SV20210311,MA2010,Xác suất thống kê ứng dụng,3,Nhóm 03,Kỹ thuật dữ liệu,3.1,106,8.8,98.5,16,78.6,93,5.8,7.0,0
SV20210312,IT4010,Học máy & Khai phá dữ liệu,3,Nhóm 04,Công nghệ thông tin,3.0,82,9.0,71.9,13,97.7,85,7.7,6.8,0
SV20210312,IT4020,Hệ quản trị CSDL nâng cao,3,Nhóm 04,Công nghệ thông tin,3.0,82,8.4,90.6,13,84.8,97,8.4,7.6,0
SV20210312,IT4030,Phát triển ứng dụng Web,4,Nhóm 04,Công nghệ thông tin,3.0,82,8.9,100.0,4,78.9,81,10.4,8.4,0
SV20210312,MA2010,Xác suất thống kê ứng dụng,3,Nhóm 04,Công nghệ thông tin,3.0,82,8.3,97.3,12,82.5,73,7.4,7.0,0
SV20210313,IT4010,Học máy & Khai phá dữ liệu,3,Nhóm 01,Công nghệ thông tin,2.1,60,5.7,65.0,13,61.5,61,5.8,5.4,0
SV20210313,IT4020,Hệ quản trị CSDL nâng cao,3,Nhóm 01,Công nghệ thông tin,2.1,60,6.6,88.9,2,86.7,74,3.8,7.7,0
SV20210313,IT4030,Phát triển ứng dụng Web,4,Nhóm 01,Công nghệ thông tin,2.1,60,7.6,83.8,10,72.7,69,1.2,6.3,0
SV20210313,MA2010,Xác suất thống kê ứng dụng,3,Nhóm 01,Công nghệ thông tin,2.1,60,6.1,62.2,7,83.5,69,5.2,3.4,1
SV20210314,IT4010,Học máy & Khai phá dữ liệu,3,Nhóm 02,Kinh tế số,3.4,118,8.5,97.4,16,100.0,81,8.2,8.1,0
SV20210314,IT4020,Hệ quản trị CSDL nâng cao,3,Nhóm 02,Kinh tế số,3.4,118,8.0,80.0,20,87.8,84,9.9,8.1,0
SV20210314,IT4030,Phát triển ứng dụng Web,4,Nhóm 02,Kinh tế số,3.4,118,10.0,97.0,16,93.4,85,5.9,9.2,0
SV20210314,MA2010,Xác suất thống kê ứng dụng,3,Nhóm 02,Kinh tế số,3.4,118,9.7,93.3,17,95.9,88,7.1,7.4,0
SV20210315,IT4010,Học máy & Khai phá dữ liệu,3,Nhóm 03,Kỹ thuật dữ liệu,2.8,48,6.8,79.4,12,83.0,74,6.4,6.5,0
SV20210315,IT4020,Hệ quản trị CSDL nâng cao,3,Nhóm 03,Kỹ thuật dữ liệu,2.8,48,6.7,94.4,11,78.5,69,7.4,7.9,0
SV20210315,IT4030,Phát triển ứng dụng Web,4,Nhóm 03,Kỹ thuật dữ liệu,2.8,48,7.3,73.5,10,83.2,65,8.1,8.3,0
SV20210315,MA2010,Xác suất thống kê ứng dụng,3,Nhóm 03,Kỹ thuật dữ liệu,2.8,48,7.5,74.5,6,67.9,83,6.8,6.5,0
SV20210316,IT4010,Học máy & Khai phá dữ liệu,3,Nhóm 04,Công nghệ thông tin,2.9,85,7.9,83.5,12,93.0,82,4.9,8.0,0
SV20210316,IT4020,Hệ quản trị CSDL nâng cao,3,Nhóm 04,Công nghệ thông tin,2.9,85,6.7,82.6,11,78.4,86,8.4,3.6,1
SV20210316,IT4030,Phát triển ứng dụng Web,4,Nhóm 04,Công nghệ thông tin,2.9,85,6.8,80.7,2,85.2,72,8.2,6.5,0
SV20210316,MA2010,Xác suất thống kê ứng dụng,3,Nhóm 04,Công nghệ thông tin,2.9,85,7.5,85.2,10,71.5,70,4.8,4.9,1
SV20210317,IT4010,Học máy & Khai phá dữ liệu,3,Nhóm 01,Công nghệ thông tin,3.2,100,7.6,84.0,6,68.3,73,5.3,4.7,1
SV20210317,IT4020,Hệ quản trị CSDL nâng cao,3,Nhóm 01,Công nghệ thông tin,3.2,100,8.8,92.7,15,97.3,75,9.5,9.3,0
SV20210317,IT4030,Phát triển ứng dụng Web,4,Nhóm 01,Công nghệ thông tin,3.2,100,8.4,78.6,10,74.6,81,6.7,8.8,0
SV20210317,MA2010,Xác suất thống kê ứng dụng,3,Nhóm 01,Công nghệ thông tin,3.2,100,7.3,88.2,14,92.8,74,9.8,6.8,0
SV20210318,IT4010,Học máy & Khai phá dữ liệu,3,Nhóm 02,Kinh tế số,2.9,67,7.6,77.4,11,81.0,77,5.4,7.0,0
SV20210318,IT4020,Hệ quản trị CSDL nâng cao,3,Nhóm 02,Kinh tế số,2.9,67,8.1,79.1,12,84.2,86,8.4,8.2,0
SV20210318,IT4030,Phát triển ứng dụng Web,4,Nhóm 02,Kinh tế số,2.9,67,9.3,82.1,7,98.5,81,8.5,8.2,0
SV20210318,MA2010,Xác suất thống kê ứng dụng,3,Nhóm 02,Kinh tế số,2.9,67,8.2,91.1,16,82.1,77,3.7,5.6,0
SV20210319,IT4010,Học máy & Khai phá dữ liệu,3,Nhóm 03,Công nghệ thông tin,3.0,96,9.0,100.0,10,96.6,76,7.3,7.7,0
SV20210319,IT4020,Hệ quản trị CSDL nâng cao,3,Nhóm 03,Công nghệ thông tin,3.0,96,7.7,90.2,8,96.5,68,7.1,6.3,0
SV20210319,IT4030,Phát triển ứng dụng Web,4,Nhóm 03,Công nghệ thông tin,3.0,96,8.2,100.0,11,77.6,80,8.3,8.0,0
SV20210319,MA2010,Xác suất thống kê ứng dụng,3,Nhóm 03,Công nghệ thông tin,3.0,96,7.9,80.1,23,89.6,70,6.6,7.3,0
SV20210320,IT4010,Học máy & Khai phá dữ liệu,3,Nhóm 04,Kỹ thuật dữ liệu,2.6,94,7.1,77.0,14,70.8,74,7.4,7.0,0
SV20210320,IT4020,Hệ quản trị CSDL nâng cao,3,Nhóm 04,Kỹ thuật dữ liệu,2.6,94,7.3,82.9,13,81.2,79,3.8,3.5,1
SV20210320,IT4030,Phát triển ứng dụng Web,4,Nhóm 04,Kỹ thuật dữ liệu,2.6,94,7.0,69.6,9,87.1,58,9.7,7.3,0
SV20210320,MA2010,Xác suất thống kê ứng dụng,3,Nhóm 04,Kỹ thuật dữ liệu,2.6,94,5.7,59.2,11,79.9,71,2.7,2.3,1
SV20210321,IT4010,Học máy & Khai phá dữ liệu,3,Nhóm 01,Công nghệ thông tin,2.5,46,6.1,79.8,10,72.1,62,7.8,3.1,1
SV20210321,IT4020,Hệ quản trị CSDL nâng cao,3,Nhóm 01,Công nghệ thông tin,2.5,46,5.4,60.0,8,66.0,65,6.1,4.7,1
SV20210321,IT4030,Phát triển ứng dụng Web,4,Nhóm 01,Công nghệ thông tin,2.5,46,6.3,71.0,8,82.0,78,6.4,7.1,0
SV20210321,MA2010,Xác suất thống kê ứng dụng,3,Nhóm 01,Công nghệ thông tin,2.5,46,5.2,91.5,15,78.2,85,5.4,5.8,0
SV20210322,IT4010,Học máy & Khai phá dữ liệu,3,Nhóm 02,Công nghệ thông tin,3.6,110,7.3,78.4,21,78.8,84,9.4,7.3,0
SV20210322,IT4020,Hệ quản trị CSDL nâng cao,3,Nhóm 02,Công nghệ thông tin,3.6,110,10.0,90.5,19,89.1,84,12.3,9.6,0
SV20210322,IT4030,Phát triển ứng dụng Web,4,Nhóm 02,Công nghệ thông tin,3.6,110,10.0,84.1,15,80.1,94,9.3,8.9,0
SV20210322,MA2010,Xác suất thống kê ứng dụng,3,Nhóm 02,Công nghệ thông tin,3.6,110,10.0,98.9,17,100.0,91,9.6,9.7,0
SV20210323,IT4010,Học máy & Khai phá dữ liệu,3,Nhóm 03,Kinh tế số,3.6,132,9.1,77.5,14,100.0,86,7.5,6.7,0
SV20210323,IT4020,Hệ quản trị CSDL nâng cao,3,Nhóm 03,Kinh tế số,3.6,132,9.7,84.9,20,95.1,88,8.2,6.9,0
SV20210323,IT4030,Phát triển ứng dụng Web,4,Nhóm 03,Kinh tế số,3.6,132,10.0,100.0,20,100.0,96,8.8,9.9,0
SV20210323,MA2010,Xác suất thống kê ứng dụng,3,Nhóm 03,Kinh tế số,3.6,132,8.4,96.4,11,93.1,94,9.1,7.6,0
SV20210324,IT4010,Học máy & Khai phá dữ liệu,3,Nhóm 04,Kỹ thuật dữ liệu,3.2,111,6.6,100.0,7,80.4,88,9.3,6.2,0
SV20210324,IT4020,Hệ quản trị CSDL nâng cao,3,Nhóm 04,Kỹ thuật dữ liệu,3.2,111,6.4,74.3,16,79.3,68,7.6,4.3,1
SV20210324,IT4030,Phát triển ứng dụng Web,4,Nhóm 04,Kỹ thuật dữ liệu,3.2,111,7.5,92.0,8,90.8,74,9.2,6.4,0
SV20210324,MA2010,Xác suất thống kê ứng dụng,3,Nhóm 04,Kỹ thuật dữ liệu,3.2,111,8.9,84.7,5,93.3,66,7.1,7.1,0
SV20210325,IT4010,Học máy & Khai phá dữ liệu,3,Nhóm 01,Công nghệ thông tin,2.3,51,4.5,69.2,7,74.6,64,5.1,3.8,1
SV20210325,IT4020,Hệ quản trị CSDL nâng cao,3,Nhóm 01,Công nghệ thông tin,2.3,51,5.5,63.8,7,98.3,60,1.3,5.5,0
SV20210325,IT4030,Phát triển ứng dụng Web,4,Nhóm 01,Công nghệ thông tin,2.3,51,7.4,75.9,11,61.1,58,3.0,6.9,0
SV20210325,MA2010,Xác suất thống kê ứng dụng,3,Nhóm 01,Công nghệ thông tin,2.3,51,6.1,79.8,9,87.1,67,5.6,4.0,1
SV20210326,IT4010,Học máy & Khai phá dữ liệu,3,Nhóm 02,Kỹ thuật dữ liệu,2.6,93,8.5,80.1,13,93.8,92,8.9,8.2,0
SV20210326,IT4020,Hệ quản trị CSDL nâng cao,3,Nhóm 02,Kỹ thuật dữ liệu,2.6,93,7.2,70.5,15,94.1,61,6.9,7.4,0
SV20210326,IT4030,Phát triển ứng dụng Web,4,Nhóm 02,Kỹ thuật dữ liệu,2.6,93,8.2,76.4,8,81.1,84,12.1,8.1,0
SV20210326,MA2010,Xác suất thống kê ứng dụng,3,Nhóm 02,Kỹ thuật dữ liệu,2.6,93,5.5,78.7,15,89.4,70,5.6,6.0,0
SV20210327,IT4010,Học máy & Khai phá dữ liệu,3,Nhóm 03,Công nghệ thông tin,3.2,115,8.7,81.2,14,94.3,69,7.3,7.3,0
SV20210327,IT4020,Hệ quản trị CSDL nâng cao,3,Nhóm 03,Công nghệ thông tin,3.2,115,7.2,85.1,18,82.3,73,5.3,7.2,0
SV20210327,IT4030,Phát triển ứng dụng Web,4,Nhóm 03,Công nghệ thông tin,3.2,115,7.8,87.1,9,92.0,74,8.2,6.6,0
SV20210327,MA2010,Xác suất thống kê ứng dụng,3,Nhóm 03,Công nghệ thông tin,3.2,115,8.1,89.9,11,67.9,65,9.3,8.2,0
SV20210328,IT4010,Học máy & Khai phá dữ liệu,3,Nhóm 04,Công nghệ thông tin,2.6,90,8.1,90.9,14,73.2,75,8.9,7.7,0
SV20210328,IT4020,Hệ quản trị CSDL nâng cao,3,Nhóm 04,Công nghệ thông tin,2.6,90,7.1,79.6,16,79.5,73,9.2,5.9,0
SV20210328,IT4030,Phát triển ứng dụng Web,4,Nhóm 04,Công nghệ thông tin,2.6,90,7.8,85.8,8,80.5,73,8.1,8.0,0
SV20210328,MA2010,Xác suất thống kê ứng dụng,3,Nhóm 04,Công nghệ thông tin,2.6,90,8.2,74.6,10,79.6,82,7.5,6.9,0
SV20210329,IT4010,Học máy & Khai phá dữ liệu,3,Nhóm 01,Công nghệ thông tin,2.1,64,6.5,75.9,9,91.5,67,4.3,5.5,0
SV20210329,IT4020,Hệ quản trị CSDL nâng cao,3,Nhóm 01,Công nghệ thông tin,2.1,64,7.5,83.5,6,71.6,66,5.1,5.8,0
SV20210329,IT4030,Phát triển ứng dụng Web,4,Nhóm 01,Công nghệ thông tin,2.1,64,5.8,67.5,10,93.0,70,5.8,5.3,0
SV20210329,MA2010,Xác suất thống kê ứng dụng,3,Nhóm 01,Công nghệ thông tin,2.1,64,8.0,75.6,8,88.9,63,6.6,6.3,0
SV20210330,IT4010,Học máy & Khai phá dữ liệu,3,Nhóm 02,Kinh tế số,3.0,71,7.6,76.3,6,85.9,78,7.9,5.6,0
SV20210330,IT4020,Hệ quản trị CSDL nâng cao,3,Nhóm 02,Kinh tế số,3.0,71,8.6,92.6,10,84.1,88,8.5,9.5,0
SV20210330,IT4030,Phát triển ứng dụng Web,4,Nhóm 02,Kinh tế số,3.0,71,9.1,81.5,11,79.4,80,8.2,6.2,0
SV20210330,MA2010,Xác suất thống kê ứng dụng,3,Nhóm 02,Kinh tế số,3.0,71,8.4,90.5,15,91.0,73,5.7,7.4,0
SV20210331,IT4010,Học máy & Khai phá dữ liệu,3,Nhóm 03,Công nghệ thông tin,2.2,74,5.9,74.9,11,82.0,86,5.1,6.1,0
SV20210331,IT4020,Hệ quản trị CSDL nâng cao,3,Nhóm 03,Công nghệ thông tin,2.2,74,7.7,58.8,14,100.0,80,6.7,7.2,0
SV20210331,IT4030,Phát triển ứng dụng Web,4,Nhóm 03,Công nghệ thông tin,2.2,74,7.2,92.5,2,69.6,64,4.0,6.3,0
SV20210331,MA2010,Xác suất thống kê ứng dụng,3,Nhóm 03,Công nghệ thông tin,2.2,74,6.8,84.8,10,96.9,80,6.1,5.7,0
SV20210332,IT4010,Học máy & Khai phá dữ liệu,3,Nhóm 04,Công nghệ thông tin,3.4,107,8.1,100.0,14,100.0,94,5.4,6.5,0
SV20210332,IT4020,Hệ quản trị CSDL nâng cao,3,Nhóm 04,Công nghệ thông tin,3.4,107,9.0,100.0,13,90.2,78,6.7,8.4,0
SV20210332,IT4030,Phát triển ứng dụng Web,4,Nhóm 04,Công nghệ thông tin,3.4,107,8.2,91.9,14,86.5,97,8.6,8.5,0
SV20210332,MA2010,Xác suất thống kê ứng dụng,3,Nhóm 04,Công nghệ thông tin,3.4,107,9.4,98.3,17,100.0,82,6.0,7.4,0
SV20210333,IT4010,Học máy & Khai phá dữ liệu,3,Nhóm 01,Công nghệ thông tin,2.5,77,6.2,59.8,8,87.5,60,7.2,5.8,0
SV20210333,IT4020,Hệ quản trị CSDL nâng cao,3,Nhóm 01,Công nghệ thông tin,2.5,77,8.5,85.5,7,91.2,71,4.9,4.9,1
SV20210333,IT4030,Phát triển ứng dụng Web,4,Nhóm 01,Công nghệ thông tin,2.5,77,7.0,74.0,7,76.6,79,7.4,7.7,0
SV20210333,MA2010,Xác suất thống kê ứng dụng,3,Nhóm 01,Công nghệ thông tin,2.5,77,8.1,87.4,12,78.3,70,4.2,7.5,0
SV20210334,IT4010,Học máy & Khai phá dữ liệu,3,Nhóm 02,Kỹ thuật dữ liệu,2.0,78,5.5,56.8,12,96.6,76,4.7,5.9,0
SV20210334,IT4020,Hệ quản trị CSDL nâng cao,3,Nhóm 02,Kỹ thuật dữ liệu,2.0,78,7.0,77.2,3,79.3,76,2.8,7.9,0
SV20210334,IT4030,Phát triển ứng dụng Web,4,Nhóm 02,Kỹ thuật dữ liệu,2.0,78,5.8,88.3,4,84.1,63,7.4,7.2,0
SV20210334,MA2010,Xác suất thống kê ứng dụng,3,Nhóm 02,Kỹ thuật dữ liệu,2.0,78,5.9,62.2,12,77.1,81,4.3,7.4,0
SV20210335,IT4010,Học máy & Khai phá dữ liệu,3,Nhóm 03,Công nghệ thông tin,2.9,87,10.0,77.5,21,82.3,90,6.3,7.3,0
SV20210335,IT4020,Hệ quản trị CSDL nâng cao,3,Nhóm 03,Công nghệ thông tin,2.9,87,8.2,81.2,13,98.8,76,5.7,7.5,0
SV20210335,IT4030,Phát triển ứng dụng Web,4,Nhóm 03,Công nghệ thông tin,2.9,87,9.0,100.0,11,100.0,62,8.3,9.2,0
SV20210335,MA2010,Xác suất thống kê ứng dụng,3,Nhóm 03,Công nghệ thông tin,2.9,87,8.6,85.4,12,88.6,77,9.4,7.3,0
SV20210336,IT4010,Học máy & Khai phá dữ liệu,3,Nhóm 04,Công nghệ thông tin,2.0,56,6.7,72.1,2,88.0,68,7.5,5.4,0
SV20210336,IT4020,Hệ quản trị CSDL nâng cao,3,Nhóm 04,Công nghệ thông tin,2.0,56,6.8,80.3,6,76.1,68,5.2,5.9,0
SV20210336,IT4030,Phát triển ứng dụng Web,4,Nhóm 04,Công nghệ thông tin,2.0,56,6.5,63.2,6,84.6,64,6.5,6.8,0
SV20210336,MA2010,Xác suất thống kê ứng dụng,3,Nhóm 04,Công nghệ thông tin,2.0,56,6.2,85.1,11,79.8,67,7.3,6.8,0
SV20210337,IT4010,Học máy & Khai phá dữ liệu,3,Nhóm 01,Kinh tế số,2.4,52,6.6,87.5,11,82.0,88,10.8,5.7,0
SV20210337,IT4020,Hệ quản trị CSDL nâng cao,3,Nhóm 01,Kinh tế số,2.4,52,6.7,94.5,9,67.6,80,7.0,6.0,0
SV20210337,IT4030,Phát triển ứng dụng Web,4,Nhóm 01,Kinh tế số,2.4,52,8.3,79.1,7,87.0,73,3.5,6.5,0
SV20210337,MA2010,Xác suất thống kê ứng dụng,3,Nhóm 01,Kinh tế số,2.4,52,7.3,94.1,7,82.2,65,6.3,6.4,0
SV20210338,IT4010,Học máy & Khai phá dữ liệu,3,Nhóm 02,Công nghệ thông tin,3.2,107,7.4,100.0,17,100.0,69,6.0,8.2,0
SV20210338,IT4020,Hệ quản trị CSDL nâng cao,3,Nhóm 02,Công nghệ thông tin,3.2,107,7.6,84.8,19,100.0,89,8.3,8.4,0
SV20210338,IT4030,Phát triển ứng dụng Web,4,Nhóm 02,Công nghệ thông tin,3.2,107,9.7,90.9,17,76.9,93,7.0,9.0,0
SV20210338,MA2010,Xác suất thống kê ứng dụng,3,Nhóm 02,Công nghệ thông tin,3.2,107,8.4,99.1,6,96.0,96,8.4,7.4,0
SV20210339,IT4010,Học máy & Khai phá dữ liệu,3,Nhóm 03,Kinh tế số,2.8,78,7.8,78.2,13,61.2,86,5.6,5.1,0
SV20210339,IT4020,Hệ quản trị CSDL nâng cao,3,Nhóm 03,Kinh tế số,2.8,78,7.2,81.5,17,100.0,88,10.2,7.9,0
SV20210339,IT4030,Phát triển ứng dụng Web,4,Nhóm 03,Kinh tế số,2.8,78,8.3,83.9,13,75.3,70,5.3,9.0,0
SV20210339,MA2010,Xác suất thống kê ứng dụng,3,Nhóm 03,Kinh tế số,2.8,78,7.3,93.5,12,95.7,79,6.8,5.3,0
SV20210340,IT4010,Học máy & Khai phá dữ liệu,3,Nhóm 04,Công nghệ thông tin,2.8,89,7.7,87.2,12,74.7,83,8.5,5.5,0
SV20210340,IT4020,Hệ quản trị CSDL nâng cao,3,Nhóm 04,Công nghệ thông tin,2.8,89,6.4,79.2,12,93.1,76,5.2,5.6,0
SV20210340,IT4030,Phát triển ứng dụng Web,4,Nhóm 04,Công nghệ thông tin,2.8,89,5.8,80.5,16,78.4,76,8.6,5.8,0
SV20210340,MA2010,Xác suất thống kê ứng dụng,3,Nhóm 04,Công nghệ thông tin,2.8,89,6.3,73.5,5,94.0,78,3.6,4.5,1
SV20210341,IT4010,Học máy & Khai phá dữ liệu,3,Nhóm 01,Kỹ thuật dữ liệu,2.2,63,7.7,84.9,13,93.5,69,6.0,8.9,0
SV20210341,IT4020,Hệ quản trị CSDL nâng cao,3,Nhóm 01,Kỹ thuật dữ liệu,2.2,63,7.1,74.5,9,91.9,97,7.1,5.5,0
SV20210341,IT4030,Phát triển ứng dụng Web,4,Nhóm 01,Kỹ thuật dữ liệu,2.2,63,7.3,90.2,7,85.9,72,4.0,7.3,0
SV20210341,MA2010,Xác suất thống kê ứng dụng,3,Nhóm 01,Kỹ thuật dữ liệu,2.2,63,7.8,96.7,11,79.7,74,4.5,7.8,0
SV20210342,IT4010,Học máy & Khai phá dữ liệu,3,Nhóm 02,Kinh tế số,2.9,68,5.4,85.0,15,80.7,83,9.7,6.5,0
SV20210342,IT4020,Hệ quản trị CSDL nâng cao,3,Nhóm 02,Kinh tế số,2.9,68,7.4,66.8,6,96.6,70,7.8,6.5,0
SV20210342,IT4030,Phát triển ứng dụng Web,4,Nhóm 02,Kinh tế số,2.9,68,7.8,93.3,8,93.0,65,4.2,7.9,0
SV20210342,MA2010,Xác suất thống kê ứng dụng,3,Nhóm 02,Kinh tế số,2.9,68,8.2,75.3,9,78.0,73,5.8,8.3,0
SV20210343,IT4010,Học máy & Khai phá dữ liệu,3,Nhóm 03,Kỹ thuật dữ liệu,3.0,96,7.6,79.5,20,80.1,67,7.4,4.3,1
SV20210343,IT4020,Hệ quản trị CSDL nâng cao,3,Nhóm 03,Kỹ thuật dữ liệu,3.0,96,7.8,96.6,16,98.6,89,6.1,6.1,0
SV20210343,IT4030,Phát triển ứng dụng Web,4,Nhóm 03,Kỹ thuật dữ liệu,3.0,96,8.9,100.0,16,79.5,85,6.9,9.2,0
SV20210343,MA2010,Xác suất thống kê ứng dụng,3,Nhóm 03,Kỹ thuật dữ liệu,3.0,96,7.4,95.3,7,100.0,83,9.6,6.2,0
SV20210344,IT4010,Học máy & Khai phá dữ liệu,3,Nhóm 04,Kinh tế số,1.8,52,6.4,64.1,5,80.4,60,6.4,6.8,0
SV20210344,IT4020,Hệ quản trị CSDL nâng cao,3,Nhóm 04,Kinh tế số,1.8,52,5.9,71.7,2,78.9,57,3.8,5.3,0
SV20210344,IT4030,Phát triển ứng dụng Web,4,Nhóm 04,Kinh tế số,1.8,52,6.8,77.9,10,63.2,61,3.2,7.2,0
SV20210344,MA2010,Xác suất thống kê ứng dụng,3,Nhóm 04,Kinh tế số,1.8,52,4.2,87.0,8,76.5,75,6.2,5.4,0
SV20210345,IT4010,Học máy & Khai phá dữ liệu,3,Nhóm 01,Kỹ thuật dữ liệu,3.6,129,9.9,100.0,17,100.0,73,9.7,10.0,0
SV20210345,IT4020,Hệ quản trị CSDL nâng cao,3,Nhóm 01,Kỹ thuật dữ liệu,3.6,129,8.6,80.7,11,91.8,83,12.8,7.8,0
SV20210345,IT4030,Phát triển ứng dụng Web,4,Nhóm 01,Kỹ thuật dữ liệu,3.6,129,10.0,87.4,17,94.4,93,8.7,8.4,0
SV20210345,MA2010,Xác suất thống kê ứng dụng,3,Nhóm 01,Kỹ thuật dữ liệu,3.6,129,9.0,89.2,15,85.1,84,10.7,8.2,0
SV20210346,IT4010,Học máy & Khai phá dữ liệu,3,Nhóm 02,Công nghệ thông tin,2.9,104,7.5,77.1,17,95.4,77,9.0,5.8,0
SV20210346,IT4020,Hệ quản trị CSDL nâng cao,3,Nhóm 02,Công nghệ thông tin,2.9,104,7.4,86.6,6,100.0,76,7.7,5.7,0
SV20210346,IT4030,Phát triển ứng dụng Web,4,Nhóm 02,Công nghệ thông tin,2.9,104,8.2,85.5,12,75.2,83,9.7,7.7,0
SV20210346,MA2010,Xác suất thống kê ứng dụng,3,Nhóm 02,Công nghệ thông tin,2.9,104,6.2,67.6,10,84.3,75,9.1,5.1,0
SV20210347,IT4010,Học máy & Khai phá dữ liệu,3,Nhóm 03,Công nghệ thông tin,3.2,126,7.7,88.6,17,81.8,71,9.0,7.5,0
SV20210347,IT4020,Hệ quản trị CSDL nâng cao,3,Nhóm 03,Công nghệ thông tin,3.2,126,7.6,87.8,17,75.0,89,7.1,5.1,0
SV20210347,IT4030,Phát triển ứng dụng Web,4,Nhóm 03,Công nghệ thông tin,3.2,126,8.8,82.5,13,79.7,80,10.0,8.7,0
SV20210347,MA2010,Xác suất thống kê ứng dụng,3,Nhóm 03,Công nghệ thông tin,3.2,126,8.8,87.3,11,75.7,73,9.5,7.9,0
SV20210348,IT4010,Học máy & Khai phá dữ liệu,3,Nhóm 04,Kinh tế số,3.0,97,8.4,89.4,12,100.0,71,10.5,8.9,0
SV20210348,IT4020,Hệ quản trị CSDL nâng cao,3,Nhóm 04,Kinh tế số,3.0,97,9.4,97.8,20,84.9,86,7.6,8.6,0
SV20210348,IT4030,Phát triển ứng dụng Web,4,Nhóm 04,Kinh tế số,3.0,97,7.8,70.9,12,100.0,89,7.4,8.9,0
SV20210348,MA2010,Xác suất thống kê ứng dụng,3,Nhóm 04,Kinh tế số,3.0,97,8.5,96.2,17,76.6,96,6.5,8.6,0
SV20210349,IT4010,Học máy & Khai phá dữ liệu,3,Nhóm 01,Công nghệ thông tin,2.5,57,5.8,52.2,11,79.0,79,4.8,6.0,0
SV20210349,IT4020,Hệ quản trị CSDL nâng cao,3,Nhóm 01,Công nghệ thông tin,2.5,57,5.2,75.2,4,80.2,52,5.4,4.5,1
SV20210349,IT4030,Phát triển ứng dụng Web,4,Nhóm 01,Công nghệ thông tin,2.5,57,7.1,71.5,1,78.1,63,4.7,7.5,0
SV20210349,MA2010,Xác suất thống kê ứng dụng,3,Nhóm 01,Công nghệ thông tin,2.5,57,7.7,81.2,7,70.0,58,5.3,5.7,0
SV20210350,IT4010,Học máy & Khai phá dữ liệu,3,Nhóm 02,Công nghệ thông tin,3.7,132,7.3,91.1,14,94.3,88,7.8,7.0,0
SV20210350,IT4020,Hệ quản trị CSDL nâng cao,3,Nhóm 02,Công nghệ thông tin,3.7,132,10.0,84.0,10,77.9,88,9.4,8.9,0
SV20210350,IT4030,Phát triển ứng dụng Web,4,Nhóm 02,Công nghệ thông tin,3.7,132,10.0,83.8,20,92.1,89,7.2,8.9,0
SV20210350,MA2010,Xác suất thống kê ứng dụng,3,Nhóm 02,Công nghệ thông tin,3.7,132,10.0,99.6,13,100.0,89,9.6,7.2,0
SV20210351,IT4010,Học máy & Khai phá dữ liệu,3,Nhóm 03,Công nghệ thông tin,2.0,61,3.7,51.7,5,78.3,74,5.3,4.2,1
SV20210351,IT4020,Hệ quản trị CSDL nâng cao,3,Nhóm 03,Công nghệ thông tin,2.0,61,6.5,86.3,7,81.0,60,5.5,5.0,0
SV20210351,IT4030,Phát triển ứng dụng Web,4,Nhóm 03,Công nghệ thông tin,2.0,61,6.9,66.9,3,76.2,62,2.9,4.4,1
SV20210351,MA2010,Xác suất thống kê ứng dụng,3,Nhóm 03,Công nghệ thông tin,2.0,61,4.5,68.6,8,56.2,66,0.8,3.8,1
SV20210352,IT4010,Học máy & Khai phá dữ liệu,3,Nhóm 04,Kỹ thuật dữ liệu,2.6,58,5.3,54.9,18,59.6,73,6.2,5.8,0
SV20210352,IT4020,Hệ quản trị CSDL nâng cao,3,Nhóm 04,Kỹ thuật dữ liệu,2.6,58,6.4,69.3,9,63.4,62,2.5,5.8,0
SV20210352,IT4030,Phát triển ứng dụng Web,4,Nhóm 04,Kỹ thuật dữ liệu,2.6,58,6.2,74.3,5,60.4,56,4.7,5.1,0
SV20210352,MA2010,Xác suất thống kê ứng dụng,3,Nhóm 04,Kỹ thuật dữ liệu,2.6,58,5.8,71.8,9,75.6,65,7.4,6.7,0
SV20210353,IT4010,Học máy & Khai phá dữ liệu,3,Nhóm 01,Công nghệ thông tin,3.3,113,9.9,89.4,22,86.7,85,6.9,9.0,0
SV20210353,IT4020,Hệ quản trị CSDL nâng cao,3,Nhóm 01,Công nghệ thông tin,3.3,113,8.7,95.4,16,99.3,93,5.4,6.0,0
SV20210353,IT4030,Phát triển ứng dụng Web,4,Nhóm 01,Công nghệ thông tin,3.3,113,9.9,100.0,10,68.1,88,7.5,8.5,0
SV20210353,MA2010,Xác suất thống kê ứng dụng,3,Nhóm 01,Công nghệ thông tin,3.3,113,9.1,100.0,9,94.7,85,8.0,7.5,0
SV20210354,IT4010,Học máy & Khai phá dữ liệu,3,Nhóm 02,Kinh tế số,2.5,64,7.2,67.4,9,82.1,62,6.5,5.6,0
SV20210354,IT4020,Hệ quản trị CSDL nâng cao,3,Nhóm 02,Kinh tế số,2.5,64,6.3,89.0,1,89.8,56,4.7,3.8,1
SV20210354,IT4030,Phát triển ứng dụng Web,4,Nhóm 02,Kinh tế số,2.5,64,7.5,78.2,7,85.3,65,4.0,7.1,0
SV20210354,MA2010,Xác suất thống kê ứng dụng,3,Nhóm 02,Kinh tế số,2.5,64,6.7,68.4,20,96.4,67,4.8,5.9,0
SV20210355,IT4010,Học máy & Khai phá dữ liệu,3,Nhóm 03,Công nghệ thông tin,2.9,80,7.8,93.0,11,100.0,68,6.5,6.1,0
SV20210355,IT4020,Hệ quản trị CSDL nâng cao,3,Nhóm 03,Công nghệ thông tin,2.9,80,9.2,98.7,11,97.8,82,5.2,8.2,0
SV20210355,IT4030,Phát triển ứng dụng Web,4,Nhóm 03,Công nghệ thông tin,2.9,80,7.3,69.7,15,83.4,87,7.2,8.1,0
SV20210355,MA2010,Xác suất thống kê ứng dụng,3,Nhóm 03,Công nghệ thông tin,2.9,80,7.1,70.7,15,68.6,74,6.9,6.8,0
SV20210356,IT4010,Học máy & Khai phá dữ liệu,3,Nhóm 04,Kỹ thuật dữ liệu,3.1,93,6.3,82.2,6,80.9,80,8.8,6.4,0
SV20210356,IT4020,Hệ quản trị CSDL nâng cao,3,Nhóm 04,Kỹ thuật dữ liệu,3.1,93,6.8,78.3,10,91.8,81,7.5,6.5,0
SV20210356,IT4030,Phát triển ứng dụng Web,4,Nhóm 04,Kỹ thuật dữ liệu,3.1,93,8.4,88.5,11,99.2,64,7.0,6.7,0
SV20210356,MA2010,Xác suất thống kê ứng dụng,3,Nhóm 04,Kỹ thuật dữ liệu,3.1,93,7.1,84.7,12,79.2,83,7.4,7.5,0
SV20210357,IT4010,Học máy & Khai phá dữ liệu,3,Nhóm 01,Công nghệ thông tin,2.8,78,6.3,78.5,16,85.7,81,6.4,7.0,0
SV20210357,IT4020,Hệ quản trị CSDL nâng cao,3,Nhóm 01,Công nghệ thông tin,2.8,78,7.7,96.2,9,89.1,75,7.6,6.2,0
SV20210357,IT4030,Phát triển ứng dụng Web,4,Nhóm 01,Công nghệ thông tin,2.8,78,7.2,76.4,10,78.1,92,7.1,8.4,0
SV20210357,MA2010,Xác suất thống kê ứng dụng,3,Nhóm 01,Công nghệ thông tin,2.8,78,6.0,74.4,10,67.5,89,8.7,6.2,0
SV20210358,IT4010,Học máy & Khai phá dữ liệu,3,Nhóm 02,Công nghệ thông tin,3.3,77,7.4,96.7,15,98.1,84,6.4,6.2,0
SV20210358,IT4020,Hệ quản trị CSDL nâng cao,3,Nhóm 02,Công nghệ thông tin,3.3,77,7.5,87.2,13,93.0,96,8.4,8.4,0
SV20210358,IT4030,Phát triển ứng dụng Web,4,Nhóm 02,Công nghệ thông tin,3.3,77,9.1,100.0,8,75.8,82,6.0,8.0,0
SV20210358,MA2010,Xác suất thống kê ứng dụng,3,Nhóm 02,Công nghệ thông tin,3.3,77,8.0,91.0,11,78.9,86,11.3,7.7,0
SV20210359,IT4010,Học máy & Khai phá dữ liệu,3,Nhóm 03,Công nghệ thông tin,2.5,58,8.2,93.7,12,95.6,74,4.9,5.9,0
SV20210359,IT4020,Hệ quản trị CSDL nâng cao,3,Nhóm 03,Công nghệ thông tin,2.5,58,6.4,73.8,9,73.4,75,6.7,5.5,0
SV20210359,IT4030,Phát triển ứng dụng Web,4,Nhóm 03,Công nghệ thông tin,2.5,58,7.1,65.0,12,96.9,74,5.6,7.0,0
SV20210359,MA2010,Xác suất thống kê ứng dụng,3,Nhóm 03,Công nghệ thông tin,2.5,58,6.2,85.0,19,100.0,74,6.4,6.7,0
SV20210360,IT4010,Học máy & Khai phá dữ liệu,3,Nhóm 04,Công nghệ thông tin,1.9,71,5.6,66.3,5,80.0,58,3.2,4.4,1
SV20210360,IT4020,Hệ quản trị CSDL nâng cao,3,Nhóm 04,Công nghệ thông tin,1.9,71,6.4,77.7,11,77.7,64,5.2,6.4,0
SV20210360,IT4030,Phát triển ứng dụng Web,4,Nhóm 04,Công nghệ thông tin,1.9,71,6.6,62.0,4,73.6,72,3.3,4.6,1
SV20210360,MA2010,Xác suất thống kê ứng dụng,3,Nhóm 04,Công nghệ thông tin,1.9,71,6.6,71.9,5,59.5,82,6.9,6.5,0
SV20210361,IT4010,Học máy & Khai phá dữ liệu,3,Nhóm 01,Công nghệ thông tin,3.2,97,8.4,95.1,14,85.3,84,9.6,7.7,0
SV20210361,IT4020,Hệ quản trị CSDL nâng cao,3,Nhóm 01,Công nghệ thông tin,3.2,97,8.5,94.9,10,84.9,66,8.9,8.6,0
SV20210361,IT4030,Phát triển ứng dụng Web,4,Nhóm 01,Công nghệ thông tin,3.2,97,7.6,94.9,12,87.1,73,6.8,8.3,0
SV20210361,MA2010,Xác suất thống kê ứng dụng,3,Nhóm 01,Công nghệ thông tin,3.2,97,7.4,77.8,17,99.6,81,8.6,9.4,0
SV20210362,IT4010,Học máy & Khai phá dữ liệu,3,Nhóm 02,Kinh tế số,2.4,83,7.4,79.2,11,80.3,77,8.8,8.4,0
SV20210362,IT4020,Hệ quản trị CSDL nâng cao,3,Nhóm 02,Kinh tế số,2.4,83,5.8,87.2,11,88.3,81,7.7,6.7,0
SV20210362,IT4030,Phát triển ứng dụng Web,4,Nhóm 02,Kinh tế số,2.4,83,8.6,82.4,6,73.2,67,6.1,6.5,0
SV20210362,MA2010,Xác suất thống kê ứng dụng,3,Nhóm 02,Kinh tế số,2.4,83,8.7,82.3,3,77.3,78,8.3,7.4,0
SV20210363,IT4010,Học máy & Khai phá dữ liệu,3,Nhóm 03,Kinh tế số,3.0,103,10.0,94.8,6,86.8,76,5.3,8.9,0
SV20210363,IT4020,Hệ quản trị CSDL nâng cao,3,Nhóm 03,Kinh tế số,3.0,103,7.1,77.7,10,78.0,78,7.5,5.4,0
SV20210363,IT4030,Phát triển ứng dụng Web,4,Nhóm 03,Kinh tế số,3.0,103,7.6,78.7,19,86.1,72,7.2,7.8,0
SV20210363,MA2010,Xác suất thống kê ứng dụng,3,Nhóm 03,Kinh tế số,3.0,103,8.1,80.8,8,100.0,71,8.2,8.5,0
SV20210364,IT4010,Học máy & Khai phá dữ liệu,3,Nhóm 04,Kinh tế số,3.2,85,8.6,90.1,24,90.8,87,8.8,8.0,0
SV20210364,IT4020,Hệ quản trị CSDL nâng cao,3,Nhóm 04,Kinh tế số,3.2,85,9.6,83.3,14,95.3,94,5.2,7.3,0
SV20210364,IT4030,Phát triển ứng dụng Web,4,Nhóm 04,Kinh tế số,3.2,85,7.3,84.2,19,88.5,75,8.8,7.3,0
SV20210364,MA2010,Xác suất thống kê ứng dụng,3,Nhóm 04,Kinh tế số,3.2,85,9.5,100.0,19,94.8,88,8.1,7.1,0
SV20210365,IT4010,Học máy & Khai phá dữ liệu,3,Nhóm 01,Công nghệ thông tin,2.2,38,5.9,73.2,7,80.3,77,3.0,6.7,0
SV20210365,IT4020,Hệ quản trị CSDL nâng cao,3,Nhóm 01,Công nghệ thông tin,2.2,38,5.7,66.1,10,70.4,67,4.1,4.3,1
SV20210365,IT4030,Phát triển ứng dụng Web,4,Nhóm 01,Công nghệ thông tin,2.2,38,5.3,77.8,6,83.1,76,3.5,5.3,0
SV20210365,MA2010,Xác suất thống kê ứng dụng,3,Nhóm 01,Công nghệ thông tin,2.2,38,6.3,85.0,6,75.9,71,7.1,7.0,0
SV20210366,IT4010,Học máy & Khai phá dữ liệu,3,Nhóm 02,Công nghệ thông tin,2.9,74,9.1,80.0,15,100.0,63,7.5,6.6,0
SV20210366,IT4020,Hệ quản trị CSDL nâng cao,3,Nhóm 02,Công nghệ thông tin,2.9,74,7.1,96.9,10,80.0,62,8.0,6.3,0
SV20210366,IT4030,Phát triển ứng dụng Web,4,Nhóm 02,Công nghệ thông tin,2.9,74,7.9,87.3,9,84.6,69,7.3,8.9,0
SV20210366,MA2010,Xác suất thống kê ứng dụng,3,Nhóm 02,Công nghệ thông tin,2.9,74,7.7,78.3,9,85.6,74,8.3,6.7,0
SV20210367,IT4010,Học máy & Khai phá dữ liệu,3,Nhóm 03,Kinh tế số,2.5,80,7.6,97.3,14,82.1,78,4.1,5.8,0
SV20210367,IT4020,Hệ quản trị CSDL nâng cao,3,Nhóm 03,Kinh tế số,2.5,80,6.9,79.1,1,90.2,60,7.5,6.0,0
SV20210367,IT4030,Phát triển ứng dụng Web,4,Nhóm 03,Kinh tế số,2.5,80,6.4,80.3,11,76.1,72,7.1,6.8,0
SV20210367,MA2010,Xác suất thống kê ứng dụng,3,Nhóm 03,Kinh tế số,2.5,80,8.0,85.3,8,100.0,82,4.2,5.9,0
SV20210368,IT4010,Học máy & Khai phá dữ liệu,3,Nhóm 04,Công nghệ thông tin,3.5,114,9.5,95.6,16,100.0,90,9.9,7.6,0
SV20210368,IT4020,Hệ quản trị CSDL nâng cao,3,Nhóm 04,Công nghệ thông tin,3.5,114,7.7,80.0,13,87.6,86,9.9,7.0,0
SV20210368,IT4030,Phát triển ứng dụng Web,4,Nhóm 04,Công nghệ thông tin,3.5,114,7.7,95.9,12,72.7,85,7.7,6.2,0
SV20210368,MA2010,Xác suất thống kê ứng dụng,3,Nhóm 04,Công nghệ thông tin,3.5,114,9.3,86.9,8,97.0,95,13.2,8.6,0
SV20210369,IT4010,Học máy & Khai phá dữ liệu,3,Nhóm 01,Công nghệ thông tin,2.6,72,7.2,77.0,16,82.6,70,4.5,5.8,0
SV20210369,IT4020,Hệ quản trị CSDL nâng cao,3,Nhóm 01,Công nghệ thông tin,2.6,72,7.3,76.2,17,80.5,75,5.0,4.9,1
SV20210369,IT4030,Phát triển ứng dụng Web,4,Nhóm 01,Công nghệ thông tin,2.6,72,7.5,79.8,12,96.1,67,7.5,5.3,0
SV20210369,MA2010,Xác suất thống kê ứng dụng,3,Nhóm 01,Công nghệ thông tin,2.6,72,8.6,78.9,9,61.3,60,6.3,7.6,0
SV20210370,IT4010,Học máy & Khai phá dữ liệu,3,Nhóm 02,Kỹ thuật dữ liệu,1.6,36,5.0,73.9,3,69.6,60,2.5,5.9,0
SV20210370,IT4020,Hệ quản trị CSDL nâng cao,3,Nhóm 02,Kỹ thuật dữ liệu,1.6,36,3.8,61.5,7,63.3,70,3.1,2.9,1
SV20210370,IT4030,Phát triển ứng dụng Web,4,Nhóm 02,Kỹ thuật dữ liệu,1.6,36,5.0,74.9,1,60.7,68,4.0,3.8,1
SV20210370,MA2010,Xác suất thống kê ứng dụng,3,Nhóm 02,Kỹ thuật dữ liệu,1.6,36,5.6,64.2,6,76.1,50,3.1,7.0,0
SV20210371,IT4010,Học máy & Khai phá dữ liệu,3,Nhóm 03,Công nghệ thông tin,3.4,81,9.0,80.6,13,90.2,69,8.6,7.2,0
SV20210371,IT4020,Hệ quản trị CSDL nâng cao,3,Nhóm 03,Công nghệ thông tin,3.4,81,8.0,90.9,12,83.8,83,9.5,7.2,0
SV20210371,IT4030,Phát triển ứng dụng Web,4,Nhóm 03,Công nghệ thông tin,3.4,81,9.6,94.2,19,92.7,77,4.3,6.6,0
SV20210371,MA2010,Xác suất thống kê ứng dụng,3,Nhóm 03,Công nghệ thông tin,3.4,81,8.5,82.2,18,92.6,79,9.8,7.9,0
SV20210372,IT4010,Học máy & Khai phá dữ liệu,3,Nhóm 04,Công nghệ thông tin,3.3,118,8.6,93.9,12,87.2,78,8.3,7.4,0
SV20210372,IT4020,Hệ quản trị CSDL nâng cao,3,Nhóm 04,Công nghệ thông tin,3.3,118,8.4,71.5,7,79.0,82,6.3,5.4,0
SV20210372,IT4030,Phát triển ứng dụng Web,4,Nhóm 04,Công nghệ thông tin,3.3,118,8.5,75.4,9,80.8,73,8.6,7.5,0
SV20210372,MA2010,Xác suất thống kê ứng dụng,3,Nhóm 04,Công nghệ thông tin,3.3,118,7.8,90.2,11,91.5,72,8.1,6.8,0
SV20210373,IT4010,Học máy & Khai phá dữ liệu,3,Nhóm 01,Công nghệ thông tin,2.6,81,7.3,83.8,6,87.8,74,7.0,6.7,0
SV20210373,IT4020,Hệ quản trị CSDL nâng cao,3,Nhóm 01,Công nghệ thông tin,2.6,81,6.3,78.5,9,90.9,75,9.4,7.4,0
SV20210373,IT4030,Phát triển ứng dụng Web,4,Nhóm 01,Công nghệ thông tin,2.6,81,7.5,80.3,13,84.8,78,8.5,6.8,0
SV20210373,MA2010,Xác suất thống kê ứng dụng,3,Nhóm 01,Công nghệ thông tin,2.6,81,7.6,81.7,10,91.5,78,4.3,4.3,1
SV20210374,IT4010,Học máy & Khai phá dữ liệu,3,Nhóm 02,Kỹ thuật dữ liệu,3.0,90,7.9,92.4,8,98.8,93,7.7,6.2,0
SV20210374,IT4020,Hệ quản trị CSDL nâng cao,3,Nhóm 02,Kỹ thuật dữ liệu,3.0,90,7.8,99.1,17,89.0,77,11.6,8.3,0
SV20210374,IT4030,Phát triển ứng dụng Web,4,Nhóm 02,Kỹ thuật dữ liệu,3.0,90,8.6,98.1,16,92.9,75,8.1,5.8,0
SV20210374,MA2010,Xác suất thống kê ứng dụng,3,Nhóm 02,Kỹ thuật dữ liệu,3.0,90,7.3,97.2,8,84.6,73,7.1,6.1,0
SV20210375,IT4010,Học máy & Khai phá dữ liệu,3,Nhóm 03,Kinh tế số,2.4,86,6.7,92.8,9,62.3,70,5.4,6.3,0
SV20210375,IT4020,Hệ quản trị CSDL nâng cao,3,Nhóm 03,Kinh tế số,2.4,86,6.0,86.1,5,93.8,73,7.7,6.5,0
SV20210375,IT4030,Phát triển ứng dụng Web,4,Nhóm 03,Kinh tế số,2.4,86,8.2,73.8,7,79.4,70,5.1,8.5,0
SV20210375,MA2010,Xác suất thống kê ứng dụng,3,Nhóm 03,Kinh tế số,2.4,86,5.5,90.6,3,60.8,69,3.8,6.1,0
SV20210376,IT4010,Học máy & Khai phá dữ liệu,3,Nhóm 04,Kỹ thuật dữ liệu,2.7,94,8.4,77.9,14,71.4,85,6.7,8.1,0
SV20210376,IT4020,Hệ quản trị CSDL nâng cao,3,Nhóm 04,Kỹ thuật dữ liệu,2.7,94,7.6,94.9,12,82.8,82,5.8,4.9,1
SV20210376,IT4030,Phát triển ứng dụng Web,4,Nhóm 04,Kỹ thuật dữ liệu,2.7,94,7.7,86.9,10,93.6,95,8.8,6.5,0
SV20210376,MA2010,Xác suất thống kê ứng dụng,3,Nhóm 04,Kỹ thuật dữ liệu,2.7,94,7.5,76.1,16,77.0,81,6.8,6.6,0
SV20210377,IT4010,Học máy & Khai phá dữ liệu,3,Nhóm 01,Công nghệ thông tin,3.1,86,8.5,75.0,16,93.0,80,6.5,7.8,0
SV20210377,IT4020,Hệ quản trị CSDL nâng cao,3,Nhóm 01,Công nghệ thông tin,3.1,86,7.5,86.8,16,93.4,77,4.5,7.2,0
SV20210377,IT4030,Phát triển ứng dụng Web,4,Nhóm 01,Công nghệ thông tin,3.1,86,8.1,77.8,11,100.0,67,6.3,7.6,0
SV20210377,MA2010,Xác suất thống kê ứng dụng,3,Nhóm 01,Công nghệ thông tin,3.1,86,8.4,92.8,15,82.0,78,5.0,6.4,0
SV20210378,IT4010,Học máy & Khai phá dữ liệu,3,Nhóm 02,Công nghệ thông tin,2.8,91,6.3,88.0,11,88.7,71,7.5,7.2,0
SV20210378,IT4020,Hệ quản trị CSDL nâng cao,3,Nhóm 02,Công nghệ thông tin,2.8,91,8.3,72.7,1,80.1,91,4.8,7.1,0
SV20210378,IT4030,Phát triển ứng dụng Web,4,Nhóm 02,Công nghệ thông tin,2.8,91,8.3,66.8,15,79.6,79,3.0,8.7,0
SV20210378,MA2010,Xác suất thống kê ứng dụng,3,Nhóm 02,Công nghệ thông tin,2.8,91,7.6,62.8,17,97.3,77,6.3,8.1,0
SV20210379,IT4010,Học máy & Khai phá dữ liệu,3,Nhóm 03,Kỹ thuật dữ liệu,2.4,62,7.1,85.3,11,72.3,72,6.7,4.6,1
SV20210379,IT4020,Hệ quản trị CSDL nâng cao,3,Nhóm 03,Kỹ thuật dữ liệu,2.4,62,6.9,65.0,4,73.5,72,3.4,3.6,1
SV20210379,IT4030,Phát triển ứng dụng Web,4,Nhóm 03,Kỹ thuật dữ liệu,2.4,62,8.8,77.9,9,100.0,65,2.7,5.9,0
SV20210379,MA2010,Xác suất thống kê ứng dụng,3,Nhóm 03,Kỹ thuật dữ liệu,2.4,62,6.6,86.9,14,74.7,72,3.0,7.1,0
SV20210380,IT4010,Học máy & Khai phá dữ liệu,3,Nhóm 04,Kỹ thuật dữ liệu,1.9,44,4.5,65.2,1,73.7,57,2.5,5.7,0
SV20210380,IT4020,Hệ quản trị CSDL nâng cao,3,Nhóm 04,Kỹ thuật dữ liệu,1.9,44,5.4,76.5,9,77.3,69,3.5,7.1,0
SV20210380,IT4030,Phát triển ứng dụng Web,4,Nhóm 04,Kỹ thuật dữ liệu,1.9,44,6.5,69.2,11,56.6,50,4.5,5.8,0
SV20210380,MA2010,Xác suất thống kê ứng dụng,3,Nhóm 04,Kỹ thuật dữ liệu,1.9,44,6.6,78.7,7,84.7,54,1.9,6.1,0
SV20210381,IT4010,Học máy & Khai phá dữ liệu,3,Nhóm 01,Công nghệ thông tin,2.6,86,7.1,63.5,6,67.4,73,8.9,7.4,0
SV20210381,IT4020,Hệ quản trị CSDL nâng cao,3,Nhóm 01,Công nghệ thông tin,2.6,86,8.0,78.1,7,80.2,73,6.7,9.3,0
SV20210381,IT4030,Phát triển ứng dụng Web,4,Nhóm 01,Công nghệ thông tin,2.6,86,8.9,88.1,15,89.8,83,7.8,9.3,0
SV20210381,MA2010,Xác suất thống kê ứng dụng,3,Nhóm 01,Công nghệ thông tin,2.6,86,7.1,89.5,19,84.6,88,7.1,6.3,0
SV20210382,IT4010,Học máy & Khai phá dữ liệu,3,Nhóm 02,Công nghệ thông tin,2.9,89,8.5,96.2,12,72.7,72,6.7,7.0,0
SV20210382,IT4020,Hệ quản trị CSDL nâng cao,3,Nhóm 02,Công nghệ thông tin,2.9,89,8.0,90.4,10,76.4,69,4.5,6.5,0
SV20210382,IT4030,Phát triển ứng dụng Web,4,Nhóm 02,Công nghệ thông tin,2.9,89,8.5,81.4,11,67.5,84,9.2,7.7,0
SV20210382,MA2010,Xác suất thống kê ứng dụng,3,Nhóm 02,Công nghệ thông tin,2.9,89,6.7,84.8,12,100.0,71,6.7,6.4,0
SV20210383,IT4010,Học máy & Khai phá dữ liệu,3,Nhóm 03,Công nghệ thông tin,3.0,95,7.0,75.8,12,82.1,77,8.3,6.3,0
SV20210383,IT4020,Hệ quản trị CSDL nâng cao,3,Nhóm 03,Công nghệ thông tin,3.0,95,8.0,91.1,11,87.1,65,7.0,6.8,0
SV20210383,IT4030,Phát triển ứng dụng Web,4,Nhóm 03,Công nghệ thông tin,3.0,95,8.3,95.4,16,93.3,64,9.2,7.5,0
SV20210383,MA2010,Xác suất thống kê ứng dụng,3,Nhóm 03,Công nghệ thông tin,3.0,95,7.4,79.2,16,79.4,82,4.5,5.4,0
SV20210384,IT4010,Học máy & Khai phá dữ liệu,3,Nhóm 04,Kỹ thuật dữ liệu,2.0,87,6.0,89.0,10,88.7,68,3.5,6.9,0
SV20210384,IT4020,Hệ quản trị CSDL nâng cao,3,Nhóm 04,Kỹ thuật dữ liệu,2.0,87,5.7,85.4,6,81.6,55,5.2,5.9,0
SV20210384,IT4030,Phát triển ứng dụng Web,4,Nhóm 04,Kỹ thuật dữ liệu,2.0,87,6.0,69.7,5,79.5,56,4.4,7.2,0
SV20210384,MA2010,Xác suất thống kê ứng dụng,3,Nhóm 04,Kỹ thuật dữ liệu,2.0,87,7.2,77.8,13,72.5,66,6.0,6.7,0
SV20210385,IT4010,Học máy & Khai phá dữ liệu,3,Nhóm 01,Công nghệ thông tin,2.8,97,8.1,85.5,9,83.4,80,7.2,7.4,0
SV20210385,IT4020,Hệ quản trị CSDL nâng cao,3,Nhóm 01,Công nghệ thông tin,2.8,97,8.0,71.8,15,93.9,78,8.5,6.5,0
SV20210385,IT4030,Phát triển ứng dụng Web,4,Nhóm 01,Công nghệ thông tin,2.8,97,9.2,96.1,13,100.0,73,7.9,6.9,0
SV20210385,MA2010,Xác suất thống kê ứng dụng,3,Nhóm 01,Công nghệ thông tin,2.8,97,8.3,88.8,15,92.0,80,8.8,8.3,0
SV20210386,IT4010,Học máy & Khai phá dữ liệu,3,Nhóm 02,Kỹ thuật dữ liệu,2.2,65,8.3,77.2,8,69.2,68,4.1,7.3,0
SV20210386,IT4020,Hệ quản trị CSDL nâng cao,3,Nhóm 02,Kỹ thuật dữ liệu,2.2,65,7.1,93.6,13,81.2,69,4.0,7.2,0
SV20210386,IT4030,Phát triển ứng dụng Web,4,Nhóm 02,Kỹ thuật dữ liệu,2.2,65,7.6,91.6,10,58.4,62,5.5,5.3,0
SV20210386,MA2010,Xác suất thống kê ứng dụng,3,Nhóm 02,Kỹ thuật dữ liệu,2.2,65,7.1,91.9,6,83.7,82,6.1,7.8,0
SV20210387,IT4010,Học máy & Khai phá dữ liệu,3,Nhóm 03,Công nghệ thông tin,2.9,129,8.4,89.4,15,88.9,63,5.7,6.8,0
SV20210387,IT4020,Hệ quản trị CSDL nâng cao,3,Nhóm 03,Công nghệ thông tin,2.9,129,8.8,100.0,12,89.4,81,10.3,5.9,0
SV20210387,IT4030,Phát triển ứng dụng Web,4,Nhóm 03,Công nghệ thông tin,2.9,129,8.1,94.8,14,84.7,73,10.6,7.6,0
SV20210387,MA2010,Xác suất thống kê ứng dụng,3,Nhóm 03,Công nghệ thông tin,2.9,129,7.5,79.2,13,89.0,78,5.6,5.2,0
SV20210388,IT4010,Học máy & Khai phá dữ liệu,3,Nhóm 04,Công nghệ thông tin,2.3,49,7.7,82.0,5,74.7,76,6.2,7.1,0
SV20210388,IT4020,Hệ quản trị CSDL nâng cao,3,Nhóm 04,Công nghệ thông tin,2.3,49,6.3,84.3,4,81.5,56,5.3,4.8,1
SV20210388,IT4030,Phát triển ứng dụng Web,4,Nhóm 04,Công nghệ thông tin,2.3,49,7.3,88.7,13,94.1,80,8.1,7.2,0
SV20210388,MA2010,Xác suất thống kê ứng dụng,3,Nhóm 04,Công nghệ thông tin,2.3,49,5.7,84.3,8,86.7,81,5.6,4.5,1
SV20210389,IT4010,Học máy & Khai phá dữ liệu,3,Nhóm 01,Công nghệ thông tin,3.0,95,7.6,85.6,10,89.1,70,7.9,6.5,0
SV20210389,IT4020,Hệ quản trị CSDL nâng cao,3,Nhóm 01,Công nghệ thông tin,3.0,95,7.8,84.8,9,90.5,92,5.5,6.8,0
SV20210389,IT4030,Phát triển ứng dụng Web,4,Nhóm 01,Công nghệ thông tin,3.0,95,9.4,100.0,22,90.9,84,9.0,7.6,0
SV20210389,MA2010,Xác suất thống kê ứng dụng,3,Nhóm 01,Công nghệ thông tin,3.0,95,8.2,80.2,16,95.0,96,7.5,7.6,0
SV20210390,IT4010,Học máy & Khai phá dữ liệu,3,Nhóm 02,Công nghệ thông tin,2.7,79,5.8,85.7,10,82.5,73,8.3,4.5,1
SV20210390,IT4020,Hệ quản trị CSDL nâng cao,3,Nhóm 02,Công nghệ thông tin,2.7,79,7.3,85.7,16,67.4,90,8.4,5.7,0
SV20210390,IT4030,Phát triển ứng dụng Web,4,Nhóm 02,Công nghệ thông tin,2.7,79,7.7,68.9,5,78.2,76,7.4,7.9,0
SV20210390,MA2010,Xác suất thống kê ứng dụng,3,Nhóm 02,Công nghệ thông tin,2.7,79,7.4,83.1,6,88.3,78,8.2,7.6,0
SV20210391,IT4010,Học máy & Khai phá dữ liệu,3,Nhóm 03,Công nghệ thông tin,2.2,76,6.6,81.9,13,83.5,83,4.4,5.8,0
SV20210391,IT4020,Hệ quản trị CSDL nâng cao,3,Nhóm 03,Công nghệ thông tin,2.2,76,7.8,86.3,10,69.4,70,7.6,6.7,0
SV20210391,IT4030,Phát triển ứng dụng Web,4,Nhóm 03,Công nghệ thông tin,2.2,76,6.8,88.6,6,62.3,70,4.1,4.8,1
SV20210391,MA2010,Xác suất thống kê ứng dụng,3,Nhóm 03,Công nghệ thông tin,2.2,76,6.6,83.2,6,94.0,57,7.8,6.7,0
SV20210392,IT4010,Học máy & Khai phá dữ liệu,3,Nhóm 04,Kinh tế số,2.8,69,7.0,95.5,4,85.7,85,4.4,7.6,0
SV20210392,IT4020,Hệ quản trị CSDL nâng cao,3,Nhóm 04,Kinh tế số,2.8,69,7.1,84.9,13,81.6,75,5.0,5.2,0
SV20210392,IT4030,Phát triển ứng dụng Web,4,Nhóm 04,Kinh tế số,2.8,69,6.2,93.9,11,75.7,75,9.0,8.4,0
SV20210392,MA2010,Xác suất thống kê ứng dụng,3,Nhóm 04,Kinh tế số,2.8,69,8.1,100.0,14,78.6,74,6.0,6.1,0
SV20210393,IT4010,Học máy & Khai phá dữ liệu,3,Nhóm 01,Công nghệ thông tin,2.4,77,7.6,91.9,10,82.1,81,4.9,8.0,0
SV20210393,IT4020,Hệ quản trị CSDL nâng cao,3,Nhóm 01,Công nghệ thông tin,2.4,77,6.2,84.9,9,92.6,85,5.8,4.9,1
SV20210393,IT4030,Phát triển ứng dụng Web,4,Nhóm 01,Công nghệ thông tin,2.4,77,7.2,80.4,5,84.3,69,7.1,8.0,0
SV20210393,MA2010,Xác suất thống kê ứng dụng,3,Nhóm 01,Công nghệ thông tin,2.4,77,7.8,91.6,6,79.6,65,5.3,5.1,0
SV20210394,IT4010,Học máy & Khai phá dữ liệu,3,Nhóm 02,Kỹ thuật dữ liệu,2.8,86,8.1,93.2,14,79.0,72,5.9,7.4,0
SV20210394,IT4020,Hệ quản trị CSDL nâng cao,3,Nhóm 02,Kỹ thuật dữ liệu,2.8,86,6.9,75.7,11,78.9,69,5.7,5.7,0
SV20210394,IT4030,Phát triển ứng dụng Web,4,Nhóm 02,Kỹ thuật dữ liệu,2.8,86,6.7,93.0,9,66.4,80,6.2,6.6,0
SV20210394,MA2010,Xác suất thống kê ứng dụng,3,Nhóm 02,Kỹ thuật dữ liệu,2.8,86,6.8,89.1,8,88.5,79,6.8,6.1,0
SV20210395,IT4010,Học máy & Khai phá dữ liệu,3,Nhóm 03,Công nghệ thông tin,3.3,72,8.2,88.2,16,83.7,70,11.7,4.8,1
SV20210395,IT4020,Hệ quản trị CSDL nâng cao,3,Nhóm 03,Công nghệ thông tin,3.3,72,8.6,98.2,14,87.8,77,8.1,7.5,0
SV20210395,IT4030,Phát triển ứng dụng Web,4,Nhóm 03,Công nghệ thông tin,3.3,72,8.7,89.4,10,74.8,71,9.4,7.6,0
SV20210395,MA2010,Xác suất thống kê ứng dụng,3,Nhóm 03,Công nghệ thông tin,3.3,72,9.2,96.1,21,96.6,84,9.7,9.4,0
SV20210396,IT4010,Học máy & Khai phá dữ liệu,3,Nhóm 04,Công nghệ thông tin,3.0,102,9.6,76.1,15,66.6,76,10.5,9.3,0
SV20210396,IT4020,Hệ quản trị CSDL nâng cao,3,Nhóm 04,Công nghệ thông tin,3.0,102,7.9,87.7,11,86.8,98,9.1,6.5,0
SV20210396,IT4030,Phát triển ứng dụng Web,4,Nhóm 04,Công nghệ thông tin,3.0,102,6.9,98.9,16,93.0,75,9.2,6.5,0
SV20210396,MA2010,Xác suất thống kê ứng dụng,3,Nhóm 04,Công nghệ thông tin,3.0,102,10.0,89.7,14,84.8,76,8.5,9.6,0
SV20210397,IT4010,Học máy & Khai phá dữ liệu,3,Nhóm 01,Công nghệ thông tin,3.1,111,8.0,82.4,20,90.1,92,8.1,6.4,0
SV20210397,IT4020,Hệ quản trị CSDL nâng cao,3,Nhóm 01,Công nghệ thông tin,3.1,111,8.2,88.4,17,99.9,83,7.6,6.8,0
SV20210397,IT4030,Phát triển ứng dụng Web,4,Nhóm 01,Công nghệ thông tin,3.1,111,9.5,90.2,11,89.3,88,7.0,10.0,0
SV20210397,MA2010,Xác suất thống kê ứng dụng,3,Nhóm 01,Công nghệ thông tin,3.1,111,8.7,100.0,19,100.0,97,9.9,8.5,0
SV20210398,IT4010,Học máy & Khai phá dữ liệu,3,Nhóm 02,Công nghệ thông tin,3.1,100,7.3,71.1,22,80.3,75,9.4,6.4,0
SV20210398,IT4020,Hệ quản trị CSDL nâng cao,3,Nhóm 02,Công nghệ thông tin,3.1,100,7.4,86.6,11,73.9,58,8.3,4.5,1
SV20210398,IT4030,Phát triển ứng dụng Web,4,Nhóm 02,Công nghệ thông tin,3.1,100,7.9,70.1,6,89.0,77,6.8,6.3,0
SV20210398,MA2010,Xác suất thống kê ứng dụng,3,Nhóm 02,Công nghệ thông tin,3.1,100,8.5,89.3,8,89.7,81,5.1,8.3,0
SV20210399,IT4010,Học máy & Khai phá dữ liệu,3,Nhóm 03,Kỹ thuật dữ liệu,2.0,60,6.9,84.2,6,79.6,68,7.1,6.3,0
SV20210399,IT4020,Hệ quản trị CSDL nâng cao,3,Nhóm 03,Kỹ thuật dữ liệu,2.0,60,6.4,70.7,1,72.4,67,3.1,5.5,0
SV20210399,IT4030,Phát triển ứng dụng Web,4,Nhóm 03,Kỹ thuật dữ liệu,2.0,60,7.7,75.1,11,70.0,90,3.1,9.0,0
SV20210399,MA2010,Xác suất thống kê ứng dụng,3,Nhóm 03,Kỹ thuật dữ liệu,2.0,60,7.5,89.9,7,84.5,66,5.8,6.6,0
SV20210400,IT4010,Học máy & Khai phá dữ liệu,3,Nhóm 04,Kinh tế số,2.7,63,7.1,73.8,11,65.2,74,7.9,7.5,0
SV20210400,IT4020,Hệ quản trị CSDL nâng cao,3,Nhóm 04,Kinh tế số,2.7,63,6.1,82.1,3,83.7,82,6.2,6.3,0
SV20210400,IT4030,Phát triển ứng dụng Web,4,Nhóm 04,Kinh tế số,2.7,63,8.7,88.8,17,80.2,76,4.4,6.7,0
SV20210400,MA2010,Xác suất thống kê ứng dụng,3,Nhóm 04,Kinh tế số,2.7,63,6.8,77.2,10,69.7,61,6.8,6.9,0
SV20210401,IT4010,Học máy & Khai phá dữ liệu,3,Nhóm 01,Kinh tế số,3.6,132,8.7,100.0,21,100.0,87,9.7,6.3,0
SV20210401,IT4020,Hệ quản trị CSDL nâng cao,3,Nhóm 01,Kinh tế số,3.6,132,9.0,97.9,14,95.1,77,13.2,9.7,0
SV20210401,IT4030,Phát triển ứng dụng Web,4,Nhóm 01,Kinh tế số,3.6,132,10.0,96.7,18,100.0,90,8.6,10.0,0
SV20210401,MA2010,Xác suất thống kê ứng dụng,3,Nhóm 01,Kinh tế số,3.6,132,9.3,99.3,13,100.0,85,8.7,7.7,0
SV20210402,IT4010,Học máy & Khai phá dữ liệu,3,Nhóm 02,Kinh tế số,2.4,55,6.2,68.4,8,66.6,69,4.9,5.6,0
SV20210402,IT4020,Hệ quản trị CSDL nâng cao,3,Nhóm 02,Kinh tế số,2.4,55,4.8,65.8,3,84.9,68,7.4,6.0,0
SV20210402,IT4030,Phát triển ứng dụng Web,4,Nhóm 02,Kinh tế số,2.4,55,7.7,99.5,11,74.4,75,4.9,5.6,0
SV20210402,MA2010,Xác suất thống kê ứng dụng,3,Nhóm 02,Kinh tế số,2.4,55,6.0,86.1,8,51.5,75,6.4,4.5,1
SV20210403,IT4010,Học máy & Khai phá dữ liệu,3,Nhóm 03,Kinh tế số,2.6,66,5.4,90.6,11,75.6,79,4.4,6.8,0
SV20210403,IT4020,Hệ quản trị CSDL nâng cao,3,Nhóm 03,Kinh tế số,2.6,66,6.7,81.5,5,82.0,71,9.7,6.3,0
SV20210403,IT4030,Phát triển ứng dụng Web,4,Nhóm 03,Kinh tế số,2.6,66,8.0,81.6,11,87.7,76,5.7,7.5,0
SV20210403,MA2010,Xác suất thống kê ứng dụng,3,Nhóm 03,Kinh tế số,2.6,66,8.0,76.1,6,86.3,80,9.1,9.3,0
SV20210404,IT4010,Học máy & Khai phá dữ liệu,3,Nhóm 04,Kinh tế số,1.7,43,6.0,68.9,1,68.3,52,5.5,4.9,1
SV20210404,IT4020,Hệ quản trị CSDL nâng cao,3,Nhóm 04,Kinh tế số,1.7,43,4.4,60.8,4,91.7,60,1.6,4.7,1
SV20210404,IT4030,Phát triển ứng dụng Web,4,Nhóm 04,Kinh tế số,1.7,43,5.6,77.2,9,61.5,64,1.0,5.8,0
SV20210404,MA2010,Xác suất thống kê ứng dụng,3,Nhóm 04,Kinh tế số,1.7,43,5.8,64.0,7,75.3,68,4.4,5.0,0
SV20210405,IT4010,Học máy & Khai phá dữ liệu,3,Nhóm 01,Kỹ thuật dữ liệu,3.4,108,10.0,100.0,10,90.8,95,8.1,7.0,0
SV20210405,IT4020,Hệ quản trị CSDL nâng cao,3,Nhóm 01,Kỹ thuật dữ liệu,3.4,108,8.6,93.8,10,86.2,70,7.2,8.0,0
SV20210405,IT4030,Phát triển ứng dụng Web,4,Nhóm 01,Kỹ thuật dữ liệu,3.4,108,8.5,95.6,20,89.2,74,7.7,8.1,0
SV20210405,MA2010,Xác suất thống kê ứng dụng,3,Nhóm 01,Kỹ thuật dữ liệu,3.4,108,8.7,98.7,14,90.6,85,8.7,6.8,0
SV20210406,IT4010,Học máy & Khai phá dữ liệu,3,Nhóm 02,Công nghệ thông tin,2.8,79,8.0,89.9,6,88.7,80,10.7,5.9,0
SV20210406,IT4020,Hệ quản trị CSDL nâng cao,3,Nhóm 02,Công nghệ thông tin,2.8,79,8.0,77.4,9,76.0,80,7.3,6.7,0
SV20210406,IT4030,Phát triển ứng dụng Web,4,Nhóm 02,Công nghệ thông tin,2.8,79,7.7,85.0,19,100.0,68,5.9,8.7,0
SV20210406,MA2010,Xác suất thống kê ứng dụng,3,Nhóm 02,Công nghệ thông tin,2.8,79,7.5,78.9,13,82.4,74,10.4,10.0,0
SV20210407,IT4010,Học máy & Khai phá dữ liệu,3,Nhóm 03,Công nghệ thông tin,2.6,107,5.9,71.2,11,74.5,76,6.3,5.9,0
SV20210407,IT4020,Hệ quản trị CSDL nâng cao,3,Nhóm 03,Công nghệ thông tin,2.6,107,6.2,76.5,15,81.4,82,7.8,4.4,1
SV20210407,IT4030,Phát triển ứng dụng Web,4,Nhóm 03,Công nghệ thông tin,2.6,107,6.4,84.5,11,78.3,57,4.0,8.1,0
SV20210407,MA2010,Xác suất thống kê ứng dụng,3,Nhóm 03,Công nghệ thông tin,2.6,107,7.6,98.0,14,78.5,64,7.0,6.8,0
SV20210408,IT4010,Học máy & Khai phá dữ liệu,3,Nhóm 04,Công nghệ thông tin,2.8,82,7.4,100.0,9,86.2,82,10.6,6.8,0
SV20210408,IT4020,Hệ quản trị CSDL nâng cao,3,Nhóm 04,Công nghệ thông tin,2.8,82,7.6,72.2,13,82.7,76,5.4,7.8,0
SV20210408,IT4030,Phát triển ứng dụng Web,4,Nhóm 04,Công nghệ thông tin,2.8,82,6.6,83.5,10,90.4,70,6.8,5.3,0
SV20210408,MA2010,Xác suất thống kê ứng dụng,3,Nhóm 04,Công nghệ thông tin,2.8,82,6.2,64.4,6,78.4,80,7.5,5.2,0
SV20210409,IT4010,Học máy & Khai phá dữ liệu,3,Nhóm 01,Kinh tế số,3.1,86,9.4,97.7,12,93.3,82,5.9,7.6,0
SV20210409,IT4020,Hệ quản trị CSDL nâng cao,3,Nhóm 01,Kinh tế số,3.1,86,8.4,77.4,20,80.6,78,9.4,5.9,0
SV20210409,IT4030,Phát triển ứng dụng Web,4,Nhóm 01,Kinh tế số,3.1,86,10.0,90.2,10,95.8,73,10.0,8.2,0
SV20210409,MA2010,Xác suất thống kê ứng dụng,3,Nhóm 01,Kinh tế số,3.1,86,7.8,85.8,15,84.3,85,7.3,7.5,0
SV20210410,IT4010,Học máy & Khai phá dữ liệu,3,Nhóm 02,Công nghệ thông tin,1.9,28,4.2,58.8,6,72.8,70,9.3,4.6,1
SV20210410,IT4020,Hệ quản trị CSDL nâng cao,3,Nhóm 02,Công nghệ thông tin,1.9,28,4.7,77.3,4,72.1,65,3.6,5.7,0
SV20210410,IT4030,Phát triển ứng dụng Web,4,Nhóm 02,Công nghệ thông tin,1.9,28,6.6,75.1,8,74.1,63,2.8,7.1,0
SV20210410,MA2010,Xác suất thống kê ứng dụng,3,Nhóm 02,Công nghệ thông tin,1.9,28,3.8,59.4,1,68.4,70,4.9,5.4,0
SV20210411,IT4010,Học máy & Khai phá dữ liệu,3,Nhóm 03,Kinh tế số,3.0,96,8.5,100.0,15,67.9,81,7.5,8.2,0
SV20210411,IT4020,Hệ quản trị CSDL nâng cao,3,Nhóm 03,Kinh tế số,3.0,96,7.1,96.5,3,100.0,84,10.3,7.8,0
SV20210411,IT4030,Phát triển ứng dụng Web,4,Nhóm 03,Kinh tế số,3.0,96,9.4,86.5,8,100.0,75,6.4,8.3,0
SV20210411,MA2010,Xác suất thống kê ứng dụng,3,Nhóm 03,Kinh tế số,3.0,96,8.8,100.0,17,80.8,70,5.8,9.2,0
SV20210412,IT4010,Học máy & Khai phá dữ liệu,3,Nhóm 04,Công nghệ thông tin,2.2,70,7.7,89.2,5,76.0,65,7.0,7.5,0
SV20210412,IT4020,Hệ quản trị CSDL nâng cao,3,Nhóm 04,Công nghệ thông tin,2.2,70,6.0,81.6,2,69.3,66,5.8,7.2,0
SV20210412,IT4030,Phát triển ứng dụng Web,4,Nhóm 04,Công nghệ thông tin,2.2,70,7.0,72.3,7,82.0,63,4.8,6.4,0
SV20210412,MA2010,Xác suất thống kê ứng dụng,3,Nhóm 04,Công nghệ thông tin,2.2,70,6.1,93.9,7,77.2,78,6.5,7.7,0
SV20210413,IT4010,Học máy & Khai phá dữ liệu,3,Nhóm 01,Công nghệ thông tin,2.2,69,5.4,81.6,3,74.1,71,5.5,5.2,0
SV20210413,IT4020,Hệ quản trị CSDL nâng cao,3,Nhóm 01,Công nghệ thông tin,2.2,69,5.3,64.9,7,59.7,73,2.5,3.3,1
SV20210413,IT4030,Phát triển ứng dụng Web,4,Nhóm 01,Công nghệ thông tin,2.2,69,6.0,85.1,10,63.7,55,3.3,5.7,0
SV20210413,MA2010,Xác suất thống kê ứng dụng,3,Nhóm 01,Công nghệ thông tin,2.2,69,6.0,83.3,3,72.2,63,4.6,5.8,0
SV20210414,IT4010,Học máy & Khai phá dữ liệu,3,Nhóm 02,Công nghệ thông tin,2.4,65,6.2,87.1,6,91.1,66,5.1,5.9,0
SV20210414,IT4020,Hệ quản trị CSDL nâng cao,3,Nhóm 02,Công nghệ thông tin,2.4,65,6.3,72.2,7,75.5,82,2.5,5.1,0
SV20210414,IT4030,Phát triển ứng dụng Web,4,Nhóm 02,Công nghệ thông tin,2.4,65,6.1,90.0,15,89.9,69,3.2,6.7,0
SV20210414,MA2010,Xác suất thống kê ứng dụng,3,Nhóm 02,Công nghệ thông tin,2.4,65,5.0,72.1,10,82.6,71,6.7,4.7,1
SV20210415,IT4010,Học máy & Khai phá dữ liệu,3,Nhóm 03,Công nghệ thông tin,2.5,60,6.1,88.3,15,68.7,68,6.9,6.6,0
SV20210415,IT4020,Hệ quản trị CSDL nâng cao,3,Nhóm 03,Công nghệ thông tin,2.5,60,6.9,98.7,6,67.9,61,5.0,6.2,0
SV20210415,IT4030,Phát triển ứng dụng Web,4,Nhóm 03,Công nghệ thông tin,2.5,60,7.5,81.9,1,86.2,63,6.8,6.7,0
SV20210415,MA2010,Xác suất thống kê ứng dụng,3,Nhóm 03,Công nghệ thông tin,2.5,60,7.1,90.6,11,75.3,60,6.9,8.6,0
SV20210416,IT4010,Học máy & Khai phá dữ liệu,3,Nhóm 04,Công nghệ thông tin,2.1,70,7.9,81.6,8,91.7,54,6.5,9.0,0
SV20210416,IT4020,Hệ quản trị CSDL nâng cao,3,Nhóm 04,Công nghệ thông tin,2.1,70,4.9,72.3,8,88.2,67,7.8,4.0,1
SV20210416,IT4030,Phát triển ứng dụng Web,4,Nhóm 04,Công nghệ thông tin,2.1,70,6.1,68.0,10,81.0,71,5.7,6.2,0
SV20210416,MA2010,Xác suất thống kê ứng dụng,3,Nhóm 04,Công nghệ thông tin,2.1,70,4.0,86.8,5,68.6,86,6.1,6.3,0
SV20210417,IT4010,Học máy & Khai phá dữ liệu,3,Nhóm 01,Công nghệ thông tin,2.0,39,6.9,88.8,5,71.0,55,3.4,5.0,0
SV20210417,IT4020,Hệ quản trị CSDL nâng cao,3,Nhóm 01,Công nghệ thông tin,2.0,39,5.1,75.2,12,84.3,50,6.6,5.6,0
SV20210417,IT4030,Phát triển ứng dụng Web,4,Nhóm 01,Công nghệ thông tin,2.0,39,7.3,85.2,1,81.0,73,3.7,6.4,0
SV20210417,MA2010,Xác suất thống kê ứng dụng,3,Nhóm 01,Công nghệ thông tin,2.0,39,6.1,62.3,9,65.3,72,3.4,3.7,1
SV20210418,IT4010,Học máy & Khai phá dữ liệu,3,Nhóm 02,Công nghệ thông tin,3.2,105,9.1,100.0,17,100.0,71,6.8,8.7,0
SV20210418,IT4020,Hệ quản trị CSDL nâng cao,3,Nhóm 02,Công nghệ thông tin,3.2,105,9.6,89.1,10,93.2,81,8.7,7.5,0
SV20210418,IT4030,Phát triển ứng dụng Web,4,Nhóm 02,Công nghệ thông tin,3.2,105,8.3,79.5,12,85.3,84,10.4,8.4,0
SV20210418,MA2010,Xác suất thống kê ứng dụng,3,Nhóm 02,Công nghệ thông tin,3.2,105,9.0,89.9,17,77.7,90,9.0,6.8,0
SV20210419,IT4010,Học máy & Khai phá dữ liệu,3,Nhóm 03,Công nghệ thông tin,2.6,108,7.5,74.3,11,83.4,64,5.8,7.6,0
SV20210419,IT4020,Hệ quản trị CSDL nâng cao,3,Nhóm 03,Công nghệ thông tin,2.6,108,6.3,78.4,14,82.6,79,10.3,7.3,0
SV20210419,IT4030,Phát triển ứng dụng Web,4,Nhóm 03,Công nghệ thông tin,2.6,108,8.3,78.5,13,95.4,65,8.9,6.0,0
SV20210419,MA2010,Xác suất thống kê ứng dụng,3,Nhóm 03,Công nghệ thông tin,2.6,108,7.8,72.5,15,100.0,73,6.8,7.3,0
SV20210420,IT4010,Học máy & Khai phá dữ liệu,3,Nhóm 04,Công nghệ thông tin,2.4,73,7.5,83.5,12,63.1,66,6.8,7.8,0
SV20210420,IT4020,Hệ quản trị CSDL nâng cao,3,Nhóm 04,Công nghệ thông tin,2.4,73,4.8,77.5,8,77.7,62,4.3,5.3,0
SV20210420,IT4030,Phát triển ứng dụng Web,4,Nhóm 04,Công nghệ thông tin,2.4,73,7.4,92.8,9,84.9,66,2.7,4.4,1
SV20210420,MA2010,Xác suất thống kê ứng dụng,3,Nhóm 04,Công nghệ thông tin,2.4,73,7.6,62.9,10,71.6,61,3.7,6.1,0
SV20210421,IT4010,Học máy & Khai phá dữ liệu,3,Nhóm 01,Công nghệ thông tin,2.0,48,7.8,75.5,12,87.7,69,6.3,7.7,0
SV20210421,IT4020,Hệ quản trị CSDL nâng cao,3,Nhóm 01,Công nghệ thông tin,2.0,48,5.9,85.6,3,79.5,73,6.6,5.2,0
SV20210421,IT4030,Phát triển ứng dụng Web,4,Nhóm 01,Công nghệ thông tin,2.0,48,6.8,83.9,6,88.3,66,8.1,7.2,0
SV20210421,MA2010,Xác suất thống kê ứng dụng,3,Nhóm 01,Công nghệ thông tin,2.0,48,7.2,91.2,7,85.8,61,5.5,6.9,0
SV20210422,IT4010,Học máy & Khai phá dữ liệu,3,Nhóm 02,Kinh tế số,3.4,92,8.7,89.0,13,81.3,88,7.4,8.6,0
SV20210422,IT4020,Hệ quản trị CSDL nâng cao,3,Nhóm 02,Kinh tế số,3.4,92,6.7,87.1,16,100.0,82,10.5,6.6,0
SV20210422,IT4030,Phát triển ứng dụng Web,4,Nhóm 02,Kinh tế số,3.4,92,9.9,83.7,15,85.1,88,10.3,9.5,0
SV20210422,MA2010,Xác suất thống kê ứng dụng,3,Nhóm 02,Kinh tế số,3.4,92,8.3,82.8,13,99.3,100,5.6,7.3,0
SV20210423,IT4010,Học máy & Khai phá dữ liệu,3,Nhóm 03,Công nghệ thông tin,2.1,69,7.5,70.2,5,69.1,60,7.7,5.7,0
SV20210423,IT4020,Hệ quản trị CSDL nâng cao,3,Nhóm 03,Công nghệ thông tin,2.1,69,5.5,82.8,8,68.6,74,8.8,6.3,0
SV20210423,IT4030,Phát triển ứng dụng Web,4,Nhóm 03,Công nghệ thông tin,2.1,69,7.4,59.5,8,69.4,83,3.5,6.1,0
SV20210423,MA2010,Xác suất thống kê ứng dụng,3,Nhóm 03,Công nghệ thông tin,2.1,69,6.5,81.9,6,62.9,82,5.2,6.6,0
SV20210424,IT4010,Học máy & Khai phá dữ liệu,3,Nhóm 04,Kinh tế số,3.0,107,6.8,79.1,18,79.2,76,5.7,7.0,0
SV20210424,IT4020,Hệ quản trị CSDL nâng cao,3,Nhóm 04,Kinh tế số,3.0,107,7.0,82.8,14,66.3,85,9.1,7.7,0
SV20210424,IT4030,Phát triển ứng dụng Web,4,Nhóm 04,Kinh tế số,3.0,107,6.6,96.3,7,76.8,76,8.2,8.0,0
SV20210424,MA2010,Xác suất thống kê ứng dụng,3,Nhóm 04,Kinh tế số,3.0,107,6.5,81.8,16,85.2,68,5.7,4.7,1
SV20210425,IT4010,Học máy & Khai phá dữ liệu,3,Nhóm 01,Công nghệ thông tin,3.4,85,9.2,87.7,6,77.3,85,8.5,7.4,0
SV20210425,IT4020,Hệ quản trị CSDL nâng cao,3,Nhóm 01,Công nghệ thông tin,3.4,85,8.4,89.7,9,85.0,74,9.1,7.4,0
SV20210425,IT4030,Phát triển ứng dụng Web,4,Nhóm 01,Công nghệ thông tin,3.4,85,7.6,85.5,12,77.2,80,9.1,8.4,0
SV20210425,MA2010,Xác suất thống kê ứng dụng,3,Nhóm 01,Công nghệ thông tin,3.4,85,8.8,99.8,19,91.5,83,4.6,6.5,0
SV20210426,IT4010,Học máy & Khai phá dữ liệu,3,Nhóm 02,Công nghệ thông tin,1.9,57,4.8,76.7,2,72.7,50,4.2,5.4,0
SV20210426,IT4020,Hệ quản trị CSDL nâng cao,3,Nhóm 02,Công nghệ thông tin,1.9,57,6.4,78.1,6,66.1,67,6.7,5.5,0
SV20210426,IT4030,Phát triển ứng dụng Web,4,Nhóm 02,Công nghệ thông tin,1.9,57,6.1,76.7,2,77.2,63,4.1,4.8,1
SV20210426,MA2010,Xác suất thống kê ứng dụng,3,Nhóm 02,Công nghệ thông tin,1.9,57,5.4,65.2,10,82.3,67,4.6,6.1,0
SV20210427,IT4010,Học máy & Khai phá dữ liệu,3,Nhóm 03,Công nghệ thông tin,3.6,103,10.0,79.8,9,100.0,80,9.8,9.0,0
SV20210427,IT4020,Hệ quản trị CSDL nâng cao,3,Nhóm 03,Công nghệ thông tin,3.6,103,7.6,93.3,16,100.0,87,7.4,7.6,0
SV20210427,IT4030,Phát triển ứng dụng Web,4,Nhóm 03,Công nghệ thông tin,3.6,103,10.0,82.3,15,98.6,72,9.3,8.3,0
SV20210427,MA2010,Xác suất thống kê ứng dụng,3,Nhóm 03,Công nghệ thông tin,3.6,103,10.0,100.0,20,95.7,66,11.8,9.5,0
SV20210428,IT4010,Học máy & Khai phá dữ liệu,3,Nhóm 04,Công nghệ thông tin,2.4,82,6.8,74.2,2,66.8,76,10.1,7.6,0
SV20210428,IT4020,Hệ quản trị CSDL nâng cao,3,Nhóm 04,Công nghệ thông tin,2.4,82,6.9,68.2,12,99.2,72,5.9,3.5,1
SV20210428,IT4030,Phát triển ứng dụng Web,4,Nhóm 04,Công nghệ thông tin,2.4,82,7.1,100.0,8,85.0,66,6.7,5.5,0
SV20210428,MA2010,Xác suất thống kê ứng dụng,3,Nhóm 04,Công nghệ thông tin,2.4,82,8.6,82.0,10,90.3,69,3.8,5.6,0
SV20210429,IT4010,Học máy & Khai phá dữ liệu,3,Nhóm 01,Công nghệ thông tin,2.1,51,6.2,70.5,2,59.3,72,8.5,6.0,0
SV20210429,IT4020,Hệ quản trị CSDL nâng cao,3,Nhóm 01,Công nghệ thông tin,2.1,51,5.8,74.5,7,68.2,64,1.5,4.6,1
SV20210429,IT4030,Phát triển ứng dụng Web,4,Nhóm 01,Công nghệ thông tin,2.1,51,6.9,80.2,7,69.4,74,6.2,6.3,0
SV20210429,MA2010,Xác suất thống kê ứng dụng,3,Nhóm 01,Công nghệ thông tin,2.1,51,7.7,100.0,6,79.2,61,5.1,6.0,0
SV20210430,IT4010,Học máy & Khai phá dữ liệu,3,Nhóm 02,Kỹ thuật dữ liệu,2.6,88,7.5,92.2,13,71.7,81,9.3,7.8,0
SV20210430,IT4020,Hệ quản trị CSDL nâng cao,3,Nhóm 02,Kỹ thuật dữ liệu,2.6,88,7.8,81.4,14,80.0,78,4.9,5.4,0
SV20210430,IT4030,Phát triển ứng dụng Web,4,Nhóm 02,Kỹ thuật dữ liệu,2.6,88,8.7,96.6,14,96.6,89,7.4,6.4,0
SV20210430,MA2010,Xác suất thống kê ứng dụng,3,Nhóm 02,Kỹ thuật dữ liệu,2.6,88,8.7,87.4,18,77.9,79,8.3,9.1,0
SV20210431,IT4010,Học máy & Khai phá dữ liệu,3,Nhóm 03,Công nghệ thông tin,2.8,80,8.4,75.1,16,81.4,92,4.5,5.1,0
SV20210431,IT4020,Hệ quản trị CSDL nâng cao,3,Nhóm 03,Công nghệ thông tin,2.8,80,6.2,79.0,12,83.7,76,7.0,6.9,0
SV20210431,IT4030,Phát triển ứng dụng Web,4,Nhóm 03,Công nghệ thông tin,2.8,80,8.1,88.5,12,67.5,66,9.2,8.5,0
SV20210431,MA2010,Xác suất thống kê ứng dụng,3,Nhóm 03,Công nghệ thông tin,2.8,80,6.1,83.6,7,85.9,78,10.3,5.0,0
SV20210432,IT4010,Học máy & Khai phá dữ liệu,3,Nhóm 04,Công nghệ thông tin,2.2,83,7.8,80.2,6,90.7,81,5.9,3.8,1
SV20210432,IT4020,Hệ quản trị CSDL nâng cao,3,Nhóm 04,Công nghệ thông tin,2.2,83,7.0,97.9,6,96.7,61,6.7,4.5,1
SV20210432,IT4030,Phát triển ứng dụng Web,4,Nhóm 04,Công nghệ thông tin,2.2,83,8.1,84.6,17,61.5,56,7.3,6.7,0
SV20210432,MA2010,Xác suất thống kê ứng dụng,3,Nhóm 04,Công nghệ thông tin,2.2,83,5.8,73.8,6,63.3,79,8.0,5.6,0
SV20210433,IT4010,Học máy & Khai phá dữ liệu,3,Nhóm 01,Công nghệ thông tin,2.8,104,7.1,97.3,3,70.6,60,6.1,7.7,0
SV20210433,IT4020,Hệ quản trị CSDL nâng cao,3,Nhóm 01,Công nghệ thông tin,2.8,104,6.9,63.5,10,82.2,69,6.8,5.2,0
SV20210433,IT4030,Phát triển ứng dụng Web,4,Nhóm 01,Công nghệ thông tin,2.8,104,9.3,100.0,8,56.2,77,5.2,7.8,0
SV20210433,MA2010,Xác suất thống kê ứng dụng,3,Nhóm 01,Công nghệ thông tin,2.8,104,5.8,80.3,2,86.2,57,5.0,6.4,0
SV20210434,IT4010,Học máy & Khai phá dữ liệu,3,Nhóm 02,Kỹ thuật dữ liệu,2.4,57,7.0,84.5,7,94.4,66,2.6,3.3,1
SV20210434,IT4020,Hệ quản trị CSDL nâng cao,3,Nhóm 02,Kỹ thuật dữ liệu,2.4,57,7.3,69.5,12,83.0,63,4.7,5.2,0
SV20210434,IT4030,Phát triển ứng dụng Web,4,Nhóm 02,Kỹ thuật dữ liệu,2.4,57,9.5,99.3,10,100.0,81,4.2,7.0,0
SV20210434,MA2010,Xác suất thống kê ứng dụng,3,Nhóm 02,Kỹ thuật dữ liệu,2.4,57,5.7,65.6,9,64.6,80,4.9,4.9,1
SV20210435,IT4010,Học máy & Khai phá dữ liệu,3,Nhóm 03,Kinh tế số,3.0,91,6.9,69.2,11,78.1,94,4.5,4.2,1
SV20210435,IT4020,Hệ quản trị CSDL nâng cao,3,Nhóm 03,Kinh tế số,3.0,91,7.5,75.5,7,72.8,61,6.6,7.1,0
SV20210435,IT4030,Phát triển ứng dụng Web,4,Nhóm 03,Kinh tế số,3.0,91,6.2,84.8,20,81.9,71,7.3,5.9,0
SV20210435,MA2010,Xác suất thống kê ứng dụng,3,Nhóm 03,Kinh tế số,3.0,91,8.0,92.9,5,85.4,65,5.1,8.3,0
SV20210436,IT4010,Học máy & Khai phá dữ liệu,3,Nhóm 04,Kỹ thuật dữ liệu,2.2,87,7.3,90.5,11,73.4,61,6.7,6.3,0
SV20210436,IT4020,Hệ quản trị CSDL nâng cao,3,Nhóm 04,Kỹ thuật dữ liệu,2.2,87,7.0,79.2,10,93.8,73,5.8,5.3,0
SV20210436,IT4030,Phát triển ứng dụng Web,4,Nhóm 04,Kỹ thuật dữ liệu,2.2,87,7.0,93.6,9,64.9,78,8.6,8.8,0
SV20210436,MA2010,Xác suất thống kê ứng dụng,3,Nhóm 04,Kỹ thuật dữ liệu,2.2,87,7.5,93.8,8,91.1,63,5.9,7.6,0
SV20210437,IT4010,Học máy & Khai phá dữ liệu,3,Nhóm 01,Kinh tế số,2.6,76,5.6,79.7,8,89.0,56,4.3,5.9,0
SV20210437,IT4020,Hệ quản trị CSDL nâng cao,3,Nhóm 01,Kinh tế số,2.6,76,6.7,69.9,10,92.8,70,7.5,4.1,1
SV20210437,IT4030,Phát triển ứng dụng Web,4,Nhóm 01,Kinh tế số,2.6,76,6.0,74.9,10,80.1,84,8.8,6.2,0
SV20210437,MA2010,Xác suất thống kê ứng dụng,3,Nhóm 01,Kinh tế số,2.6,76,7.2,88.4,14,87.4,58,7.5,4.6,1
SV20210438,IT4010,Học máy & Khai phá dữ liệu,3,Nhóm 02,Kỹ thuật dữ liệu,2.8,76,8.4,93.3,11,82.6,70,10.2,6.3,0
SV20210438,IT4020,Hệ quản trị CSDL nâng cao,3,Nhóm 02,Kỹ thuật dữ liệu,2.8,76,9.4,86.4,11,78.4,80,5.0,8.3,0
SV20210438,IT4030,Phát triển ứng dụng Web,4,Nhóm 02,Kỹ thuật dữ liệu,2.8,76,7.8,100.0,16,78.9,76,7.3,8.1,0
SV20210438,MA2010,Xác suất thống kê ứng dụng,3,Nhóm 02,Kỹ thuật dữ liệu,2.8,76,6.3,76.0,10,82.1,80,8.1,6.5,0
SV20210439,IT4010,Học máy & Khai phá dữ liệu,3,Nhóm 03,Công nghệ thông tin,3.1,100,6.8,82.8,20,97.2,74,9.5,8.0,0
SV20210439,IT4020,Hệ quản trị CSDL nâng cao,3,Nhóm 03,Công nghệ thông tin,3.1,100,9.0,87.1,11,88.3,70,7.1,6.1,0
SV20210439,IT4030,Phát triển ứng dụng Web,4,Nhóm 03,Công nghệ thông tin,3.1,100,8.0,90.1,11,89.8,71,9.0,7.9,0
SV20210439,MA2010,Xác suất thống kê ứng dụng,3,Nhóm 03,Công nghệ thông tin,3.1,100,8.4,90.7,6,83.5,84,8.3,5.6,0
SV20210440,IT4010,Học máy & Khai phá dữ liệu,3,Nhóm 04,Công nghệ thông tin,2.1,67,5.3,56.5,10,73.6,74,7.9,3.3,1
SV20210440,IT4020,Hệ quản trị CSDL nâng cao,3,Nhóm 04,Công nghệ thông tin,2.1,67,6.1,72.3,1,75.5,68,4.4,6.4,0
SV20210440,IT4030,Phát triển ứng dụng Web,4,Nhóm 04,Công nghệ thông tin,2.1,67,6.2,85.2,14,78.9,65,7.5,5.3,0
SV20210440,MA2010,Xác suất thống kê ứng dụng,3,Nhóm 04,Công nghệ thông tin,2.1,67,7.3,75.0,14,80.0,73,4.7,9.0,0
SV20210441,IT4010,Học máy & Khai phá dữ liệu,3,Nhóm 01,Kinh tế số,2.9,68,5.9,73.1,14,73.8,78,7.8,5.5,0
SV20210441,IT4020,Hệ quản trị CSDL nâng cao,3,Nhóm 01,Kinh tế số,2.9,68,5.8,89.6,14,85.6,72,7.2,5.8,0
SV20210441,IT4030,Phát triển ứng dụng Web,4,Nhóm 01,Kinh tế số,2.9,68,7.0,79.4,3,91.3,74,6.4,8.1,0
SV20210441,MA2010,Xác suất thống kê ứng dụng,3,Nhóm 01,Kinh tế số,2.9,68,6.7,75.6,18,75.9,85,6.7,5.1,0
SV20210442,IT4010,Học máy & Khai phá dữ liệu,3,Nhóm 02,Công nghệ thông tin,3.1,96,7.9,89.4,8,87.0,86,8.2,7.9,0
SV20210442,IT4020,Hệ quản trị CSDL nâng cao,3,Nhóm 02,Công nghệ thông tin,3.1,96,5.8,78.0,15,82.0,86,6.0,5.8,0
SV20210442,IT4030,Phát triển ứng dụng Web,4,Nhóm 02,Công nghệ thông tin,3.1,96,8.7,97.8,18,71.7,74,7.0,7.8,0
SV20210442,MA2010,Xác suất thống kê ứng dụng,3,Nhóm 02,Công nghệ thông tin,3.1,96,7.5,82.0,5,83.8,83,4.5,8.3,0
SV20210443,IT4010,Học máy & Khai phá dữ liệu,3,Nhóm 03,Kỹ thuật dữ liệu,2.1,33,5.4,92.8,13,81.8,73,3.1,5.6,0
SV20210443,IT4020,Hệ quản trị CSDL nâng cao,3,Nhóm 03,Kỹ thuật dữ liệu,2.1,33,5.0,70.7,3,93.0,53,4.6,5.7,0
SV20210443,IT4030,Phát triển ứng dụng Web,4,Nhóm 03,Kỹ thuật dữ liệu,2.1,33,6.0,62.4,4,66.9,59,3.3,7.0,0
SV20210443,MA2010,Xác suất thống kê ứng dụng,3,Nhóm 03,Kỹ thuật dữ liệu,2.1,33,5.1,60.5,1,82.6,62,4.3,5.3,0
SV20210444,IT4010,Học máy & Khai phá dữ liệu,3,Nhóm 04,Công nghệ thông tin,2.5,83,7.0,96.5,15,88.1,81,9.3,4.7,1
SV20210444,IT4020,Hệ quản trị CSDL nâng cao,3,Nhóm 04,Công nghệ thông tin,2.5,83,7.0,89.4,4,67.6,88,7.4,6.9,0
SV20210444,IT4030,Phát triển ứng dụng Web,4,Nhóm 04,Công nghệ thông tin,2.5,83,6.6,82.6,8,100.0,80,6.9,5.8,0
SV20210444,MA2010,Xác suất thống kê ứng dụng,3,Nhóm 04,Công nghệ thông tin,2.5,83,7.2,77.5,7,69.0,83,6.7,6.2,0
SV20210445,IT4010,Học máy & Khai phá dữ liệu,3,Nhóm 01,Kỹ thuật dữ liệu,3.5,121,7.6,91.8,21,95.6,75,8.8,8.8,0
SV20210445,IT4020,Hệ quản trị CSDL nâng cao,3,Nhóm 01,Kỹ thuật dữ liệu,3.5,121,8.3,100.0,13,87.5,99,9.0,8.5,0
SV20210445,IT4030,Phát triển ứng dụng Web,4,Nhóm 01,Kỹ thuật dữ liệu,3.5,121,9.3,92.9,14,98.0,87,14.7,9.1,0
SV20210445,MA2010,Xác suất thống kê ứng dụng,3,Nhóm 01,Kỹ thuật dữ liệu,3.5,121,8.9,92.8,16,95.4,82,6.8,6.1,0
SV20210446,IT4010,Học máy & Khai phá dữ liệu,3,Nhóm 02,Kỹ thuật dữ liệu,2.3,59,6.7,85.0,4,69.3,78,6.3,5.8,0
SV20210446,IT4020,Hệ quản trị CSDL nâng cao,3,Nhóm 02,Kỹ thuật dữ liệu,2.3,59,5.3,84.2,10,74.0,68,2.1,5.0,0
SV20210446,IT4030,Phát triển ứng dụng Web,4,Nhóm 02,Kỹ thuật dữ liệu,2.3,59,7.5,74.1,1,66.3,77,5.6,7.7,0
SV20210446,MA2010,Xác suất thống kê ứng dụng,3,Nhóm 02,Kỹ thuật dữ liệu,2.3,59,7.8,67.0,13,67.5,90,3.8,6.4,0
SV20210447,IT4010,Học máy & Khai phá dữ liệu,3,Nhóm 03,Kinh tế số,1.7,52,6.0,76.6,1,87.9,70,4.0,4.9,1
SV20210447,IT4020,Hệ quản trị CSDL nâng cao,3,Nhóm 03,Kinh tế số,1.7,52,5.1,64.7,9,71.9,73,4.2,6.8,0
SV20210447,IT4030,Phát triển ứng dụng Web,4,Nhóm 03,Kinh tế số,1.7,52,6.6,70.9,9,80.2,59,3.5,7.7,0
SV20210447,MA2010,Xác suất thống kê ứng dụng,3,Nhóm 03,Kinh tế số,1.7,52,5.8,64.2,2,75.3,62,1.8,6.7,0
SV20210448,IT4010,Học máy & Khai phá dữ liệu,3,Nhóm 04,Công nghệ thông tin,2.4,58,7.2,84.3,11,90.3,66,2.0,6.3,0
SV20210448,IT4020,Hệ quản trị CSDL nâng cao,3,Nhóm 04,Công nghệ thông tin,2.4,58,7.0,71.6,12,97.5,52,4.4,5.5,0
SV20210448,IT4030,Phát triển ứng dụng Web,4,Nhóm 04,Công nghệ thông tin,2.4,58,7.1,88.9,8,64.3,62,3.9,6.0,0
SV20210448,MA2010,Xác suất thống kê ứng dụng,3,Nhóm 04,Công nghệ thông tin,2.4,58,7.8,95.2,12,69.4,74,3.7,6.7,0
SV20210449,IT4010,Học máy & Khai phá dữ liệu,3,Nhóm 01,Công nghệ thông tin,1.9,49,6.7,84.5,8,82.5,82,4.1,5.9,0
SV20210449,IT4020,Hệ quản trị CSDL nâng cao,3,Nhóm 01,Công nghệ thông tin,1.9,49,7.4,78.4,8,80.6,76,6.0,8.1,0
SV20210449,IT4030,Phát triển ứng dụng Web,4,Nhóm 01,Công nghệ thông tin,1.9,49,6.2,80.0,8,78.6,62,5.6,7.3,0
SV20210449,MA2010,Xác suất thống kê ứng dụng,3,Nhóm 01,Công nghệ thông tin,1.9,49,6.9,78.5,12,77.3,69,4.1,6.4,0
SV20210450,IT4010,Học máy & Khai phá dữ liệu,3,Nhóm 02,Công nghệ thông tin,3.3,96,7.4,92.1,12,91.6,69,7.2,7.4,0
SV20210450,IT4020,Hệ quản trị CSDL nâng cao,3,Nhóm 02,Công nghệ thông tin,3.3,96,8.2,83.4,18,80.9,70,10.2,7.9,0
SV20210450,IT4030,Phát triển ứng dụng Web,4,Nhóm 02,Công nghệ thông tin,3.3,96,7.3,84.9,13,100.0,77,5.2,8.6,0
SV20210450,MA2010,Xác suất thống kê ứng dụng,3,Nhóm 02,Công nghệ thông tin,3.3,96,6.4,65.5,6,84.0,66,5.1,5.0,0
SV20210451,IT4010,Học máy & Khai phá dữ liệu,3,Nhóm 03,Công nghệ thông tin,2.4,65,7.9,82.5,14,78.4,67,6.4,5.0,0
SV20210451,IT4020,Hệ quản trị CSDL nâng cao,3,Nhóm 03,Công nghệ thông tin,2.4,65,7.9,82.0,8,85.0,61,5.0,4.9,1
SV20210451,IT4030,Phát triển ứng dụng Web,4,Nhóm 03,Công nghệ thông tin,2.4,65,6.2,80.3,6,72.2,87,3.6,4.7,1
SV20210451,MA2010,Xác suất thống kê ứng dụng,3,Nhóm 03,Công nghệ thông tin,2.4,65,7.3,80.6,10,100.0,65,8.9,6.8,0
SV20210452,IT4010,Học máy & Khai phá dữ liệu,3,Nhóm 04,Công nghệ thông tin,3.4,105,7.3,91.5,12,72.2,81,7.0,9.0,0
SV20210452,IT4020,Hệ quản trị CSDL nâng cao,3,Nhóm 04,Công nghệ thông tin,3.4,105,5.9,87.9,15,78.0,80,7.2,5.7,0
SV20210452,IT4030,Phát triển ứng dụng Web,4,Nhóm 04,Công nghệ thông tin,3.4,105,8.9,92.6,18,81.4,93,8.4,8.2,0
SV20210452,MA2010,Xác suất thống kê ứng dụng,3,Nhóm 04,Công nghệ thông tin,3.4,105,10.0,100.0,12,85.0,79,8.5,7.9,0
SV20210453,IT4010,Học máy & Khai phá dữ liệu,3,Nhóm 01,Kinh tế số,2.7,89,7.7,75.4,7,89.7,64,6.0,6.2,0
SV20210453,IT4020,Hệ quản trị CSDL nâng cao,3,Nhóm 01,Kinh tế số,2.7,89,7.2,92.8,10,76.6,76,4.8,6.6,0
SV20210453,IT4030,Phát triển ứng dụng Web,4,Nhóm 01,Kinh tế số,2.7,89,8.3,93.6,23,96.6,84,7.6,8.6,0
SV20210453,MA2010,Xác suất thống kê ứng dụng,3,Nhóm 01,Kinh tế số,2.7,89,7.3,81.5,14,77.9,72,8.4,6.5,0
SV20210454,IT4010,Học máy & Khai phá dữ liệu,3,Nhóm 02,Công nghệ thông tin,2.2,61,6.4,78.7,15,97.7,69,6.4,4.6,1
SV20210454,IT4020,Hệ quản trị CSDL nâng cao,3,Nhóm 02,Công nghệ thông tin,2.2,61,6.6,86.8,4,50.7,64,3.2,4.5,1
SV20210454,IT4030,Phát triển ứng dụng Web,4,Nhóm 02,Công nghệ thông tin,2.2,61,6.7,81.9,7,77.7,69,4.4,4.5,1
SV20210454,MA2010,Xác suất thống kê ứng dụng,3,Nhóm 02,Công nghệ thông tin,2.2,61,6.6,87.9,11,88.5,74,3.7,5.6,0
SV20210455,IT4010,Học máy & Khai phá dữ liệu,3,Nhóm 03,Công nghệ thông tin,3.2,105,9.1,94.9,12,93.6,86,8.2,10.0,0
SV20210455,IT4020,Hệ quản trị CSDL nâng cao,3,Nhóm 03,Công nghệ thông tin,3.2,105,7.7,81.8,9,100.0,81,9.9,6.6,0
SV20210455,IT4030,Phát triển ứng dụng Web,4,Nhóm 03,Công nghệ thông tin,3.2,105,9.1,85.4,13,91.7,74,6.8,8.9,0
SV20210455,MA2010,Xác suất thống kê ứng dụng,3,Nhóm 03,Công nghệ thông tin,3.2,105,7.0,89.1,10,99.6,88,9.0,8.5,0
SV20210456,IT4010,Học máy & Khai phá dữ liệu,3,Nhóm 04,Kỹ thuật dữ liệu,2.5,92,6.9,79.1,9,53.6,67,9.8,6.3,0
SV20210456,IT4020,Hệ quản trị CSDL nâng cao,3,Nhóm 04,Kỹ thuật dữ liệu,2.5,92,7.8,81.9,8,81.0,73,2.8,6.0,0
SV20210456,IT4030,Phát triển ứng dụng Web,4,Nhóm 04,Kỹ thuật dữ liệu,2.5,92,7.6,82.0,6,67.5,80,5.2,9.0,0
SV20210456,MA2010,Xác suất thống kê ứng dụng,3,Nhóm 04,Kỹ thuật dữ liệu,2.5,92,7.5,69.2,10,84.9,76,5.0,6.8,0
SV20210457,IT4010,Học máy & Khai phá dữ liệu,3,Nhóm 01,Kỹ thuật dữ liệu,3.1,79,6.3,93.6,14,68.9,89,4.3,4.5,1
SV20210457,IT4020,Hệ quản trị CSDL nâng cao,3,Nhóm 01,Kỹ thuật dữ liệu,3.1,79,7.1,81.0,13,73.7,83,5.3,6.1,0
SV20210457,IT4030,Phát triển ứng dụng Web,4,Nhóm 01,Kỹ thuật dữ liệu,3.1,79,6.6,85.5,7,70.3,65,7.0,4.8,1
SV20210457,MA2010,Xác suất thống kê ứng dụng,3,Nhóm 01,Kỹ thuật dữ liệu,3.1,79,7.2,91.2,8,100.0,77,5.4,5.4,0
SV20210458,IT4010,Học máy & Khai phá dữ liệu,3,Nhóm 02,Kỹ thuật dữ liệu,2.6,82,6.1,91.8,3,76.6,68,6.9,4.6,1
SV20210458,IT4020,Hệ quản trị CSDL nâng cao,3,Nhóm 02,Kỹ thuật dữ liệu,2.6,82,6.6,80.6,9,69.3,79,7.3,8.2,0
SV20210458,IT4030,Phát triển ứng dụng Web,4,Nhóm 02,Kỹ thuật dữ liệu,2.6,82,6.5,73.0,10,82.7,78,4.4,7.4,0
SV20210458,MA2010,Xác suất thống kê ứng dụng,3,Nhóm 02,Kỹ thuật dữ liệu,2.6,82,5.8,80.8,4,85.4,71,6.4,5.0,0
SV20210459,IT4010,Học máy & Khai phá dữ liệu,3,Nhóm 03,Kinh tế số,3.2,105,10.0,100.0,13,100.0,97,8.3,8.0,0
SV20210459,IT4020,Hệ quản trị CSDL nâng cao,3,Nhóm 03,Kinh tế số,3.2,105,10.0,89.7,10,100.0,68,8.9,9.3,0
SV20210459,IT4030,Phát triển ứng dụng Web,4,Nhóm 03,Kinh tế số,3.2,105,8.9,98.6,14,83.6,89,5.6,9.9,0
SV20210459,MA2010,Xác suất thống kê ứng dụng,3,Nhóm 03,Kinh tế số,3.2,105,8.3,97.2,13,99.6,76,8.4,8.4,0
SV20210460,IT4010,Học máy & Khai phá dữ liệu,3,Nhóm 04,Công nghệ thông tin,2.0,88,4.4,67.8,4,65.8,70,0.7,4.2,1
SV20210460,IT4020,Hệ quản trị CSDL nâng cao,3,Nhóm 04,Công nghệ thông tin,2.0,88,5.6,80.2,13,78.7,66,5.1,6.9,0
SV20210460,IT4030,Phát triển ứng dụng Web,4,Nhóm 04,Công nghệ thông tin,2.0,88,6.1,50.0,5,86.2,63,3.1,5.1,0
SV20210460,MA2010,Xác suất thống kê ứng dụng,3,Nhóm 04,Công nghệ thông tin,2.0,88,7.2,67.7,6,65.5,60,3.4,5.8,0
SV20210461,IT4010,Học máy & Khai phá dữ liệu,3,Nhóm 01,Kinh tế số,3.0,87,8.2,96.4,8,100.0,89,10.0,6.8,0
SV20210461,IT4020,Hệ quản trị CSDL nâng cao,3,Nhóm 01,Kinh tế số,3.0,87,8.6,95.4,15,80.2,74,8.1,8.4,0
SV20210461,IT4030,Phát triển ứng dụng Web,4,Nhóm 01,Kinh tế số,3.0,87,10.0,98.3,12,100.0,84,8.4,9.2,0
SV20210461,MA2010,Xác suất thống kê ứng dụng,3,Nhóm 01,Kinh tế số,3.0,87,7.8,92.1,17,85.3,95,4.3,5.8,0
SV20210462,IT4010,Học máy & Khai phá dữ liệu,3,Nhóm 02,Kỹ thuật dữ liệu,2.9,87,9.4,91.7,12,88.7,89,9.6,10.0,0
SV20210462,IT4020,Hệ quản trị CSDL nâng cao,3,Nhóm 02,Kỹ thuật dữ liệu,2.9,87,8.5,87.2,9,84.5,86,7.1,6.9,0
SV20210462,IT4030,Phát triển ứng dụng Web,4,Nhóm 02,Kỹ thuật dữ liệu,2.9,87,8.4,96.8,18,84.0,73,8.2,9.1,0
SV20210462,MA2010,Xác suất thống kê ứng dụng,3,Nhóm 02,Kỹ thuật dữ liệu,2.9,87,8.0,75.9,14,95.5,72,5.2,7.7,0
SV20210463,IT4010,Học máy & Khai phá dữ liệu,3,Nhóm 03,Kỹ thuật dữ liệu,3.0,100,6.4,70.5,5,79.9,63,7.0,7.2,0
SV20210463,IT4020,Hệ quản trị CSDL nâng cao,3,Nhóm 03,Kỹ thuật dữ liệu,3.0,100,7.1,89.8,14,100.0,79,7.5,6.8,0
SV20210463,IT4030,Phát triển ứng dụng Web,4,Nhóm 03,Kỹ thuật dữ liệu,3.0,100,9.1,88.3,17,72.1,63,6.2,7.0,0
SV20210463,MA2010,Xác suất thống kê ứng dụng,3,Nhóm 03,Kỹ thuật dữ liệu,3.0,100,7.1,85.1,15,86.6,75,10.2,8.5,0
SV20210464,IT4010,Học máy & Khai phá dữ liệu,3,Nhóm 04,Kỹ thuật dữ liệu,2.4,79,6.2,77.8,12,77.4,70,3.4,6.1,0
SV20210464,IT4020,Hệ quản trị CSDL nâng cao,3,Nhóm 04,Kỹ thuật dữ liệu,2.4,79,7.1,100.0,4,90.0,69,7.9,7.0,0
SV20210464,IT4030,Phát triển ứng dụng Web,4,Nhóm 04,Kỹ thuật dữ liệu,2.4,79,6.9,85.8,2,100.0,80,4.8,6.1,0
SV20210464,MA2010,Xác suất thống kê ứng dụng,3,Nhóm 04,Kỹ thuật dữ liệu,2.4,79,6.8,72.0,3,65.3,71,5.9,5.4,0
SV20210465,IT4010,Học máy & Khai phá dữ liệu,3,Nhóm 01,Kỹ thuật dữ liệu,2.8,79,7.6,79.8,15,82.7,75,4.6,4.7,1
SV20210465,IT4020,Hệ quản trị CSDL nâng cao,3,Nhóm 01,Kỹ thuật dữ liệu,2.8,79,6.6,100.0,7,93.4,76,4.9,4.9,1
SV20210465,IT4030,Phát triển ứng dụng Web,4,Nhóm 01,Kỹ thuật dữ liệu,2.8,79,8.0,73.3,5,80.8,62,5.6,6.4,0
SV20210465,MA2010,Xác suất thống kê ứng dụng,3,Nhóm 01,Kỹ thuật dữ liệu,2.8,79,6.4,90.3,13,100.0,71,9.7,7.4,0
SV20210466,IT4010,Học máy & Khai phá dữ liệu,3,Nhóm 02,Kinh tế số,2.6,60,8.1,73.8,6,79.1,80,5.4,7.8,0
SV20210466,IT4020,Hệ quản trị CSDL nâng cao,3,Nhóm 02,Kinh tế số,2.6,60,6.1,81.0,13,84.8,74,4.7,4.5,1
SV20210466,IT4030,Phát triển ứng dụng Web,4,Nhóm 02,Kinh tế số,2.6,60,6.9,78.2,6,72.6,74,4.9,6.9,0
SV20210466,MA2010,Xác suất thống kê ứng dụng,3,Nhóm 02,Kinh tế số,2.6,60,7.9,79.7,3,75.5,66,7.4,7.2,0
SV20210467,IT4010,Học máy & Khai phá dữ liệu,3,Nhóm 03,Công nghệ thông tin,3.3,99,7.3,81.9,10,85.4,70,8.0,6.4,0
SV20210467,IT4020,Hệ quản trị CSDL nâng cao,3,Nhóm 03,Công nghệ thông tin,3.3,99,9.2,78.2,16,88.9,69,7.2,6.9,0
SV20210467,IT4030,Phát triển ứng dụng Web,4,Nhóm 03,Công nghệ thông tin,3.3,99,7.8,88.8,12,76.9,83,7.9,7.0,0
SV20210467,MA2010,Xác suất thống kê ứng dụng,3,Nhóm 03,Công nghệ thông tin,3.3,99,9.1,100.0,9,83.3,81,11.3,7.9,0
SV20210468,IT4010,Học máy & Khai phá dữ liệu,3,Nhóm 04,Kỹ thuật dữ liệu,2.1,56,5.8,78.3,4,74.7,58,1.7,4.8,1
SV20210468,IT4020,Hệ quản trị CSDL nâng cao,3,Nhóm 04,Kỹ thuật dữ liệu,2.1,56,6.2,74.5,7,68.3,71,4.0,4.6,1
SV20210468,IT4030,Phát triển ứng dụng Web,4,Nhóm 04,Kỹ thuật dữ liệu,2.1,56,5.0,76.4,2,59.4,58,5.9,7.0,0
SV20210468,MA2010,Xác suất thống kê ứng dụng,3,Nhóm 04,Kỹ thuật dữ liệu,2.1,56,4.3,61.9,2,72.5,50,5.5,5.4,0
SV20210469,IT4010,Học máy & Khai phá dữ liệu,3,Nhóm 01,Công nghệ thông tin,3.3,88,8.6,78.1,12,80.0,72,7.9,7.3,0
SV20210469,IT4020,Hệ quản trị CSDL nâng cao,3,Nhóm 01,Công nghệ thông tin,3.3,88,8.3,82.6,20,100.0,73,5.1,7.1,0
SV20210469,IT4030,Phát triển ứng dụng Web,4,Nhóm 01,Công nghệ thông tin,3.3,88,10.0,89.4,10,88.5,86,7.3,9.0,0
SV20210469,MA2010,Xác suất thống kê ứng dụng,3,Nhóm 01,Công nghệ thông tin,3.3,88,8.3,100.0,13,84.8,76,5.6,6.9,0
SV20210470,IT4010,Học máy & Khai phá dữ liệu,3,Nhóm 02,Công nghệ thông tin,2.9,81,7.2,79.8,15,84.9,84,7.3,8.6,0
SV20210470,IT4020,Hệ quản trị CSDL nâng cao,3,Nhóm 02,Công nghệ thông tin,2.9,81,7.5,70.0,10,87.7,75,6.9,5.3,0
SV20210470,IT4030,Phát triển ứng dụng Web,4,Nhóm 02,Công nghệ thông tin,2.9,81,8.7,90.8,10,100.0,75,7.2,6.4,0
SV20210470,MA2010,Xác suất thống kê ứng dụng,3,Nhóm 02,Công nghệ thông tin,2.9,81,7.0,72.3,9,90.6,72,5.8,6.8,0
SV20210471,IT4010,Học máy & Khai phá dữ liệu,3,Nhóm 03,Kinh tế số,2.6,104,7.6,80.6,11,67.8,82,7.0,7.6,0
SV20210471,IT4020,Hệ quản trị CSDL nâng cao,3,Nhóm 03,Kinh tế số,2.6,104,6.5,78.7,12,77.6,69,7.1,7.3,0
SV20210471,IT4030,Phát triển ứng dụng Web,4,Nhóm 03,Kinh tế số,2.6,104,6.9,82.4,10,96.8,75,6.4,5.3,0
SV20210471,MA2010,Xác suất thống kê ứng dụng,3,Nhóm 03,Kinh tế số,2.6,104,7.2,88.8,11,68.0,64,7.4,5.6,0
SV20210472,IT4010,Học máy & Khai phá dữ liệu,3,Nhóm 04,Công nghệ thông tin,2.6,61,6.3,65.5,12,80.8,87,6.3,6.5,0
SV20210472,IT4020,Hệ quản trị CSDL nâng cao,3,Nhóm 04,Công nghệ thông tin,2.6,61,6.4,76.3,10,79.1,83,5.1,6.0,0
SV20210472,IT4030,Phát triển ứng dụng Web,4,Nhóm 04,Công nghệ thông tin,2.6,61,8.3,88.7,14,90.2,67,4.7,6.1,0
SV20210472,MA2010,Xác suất thống kê ứng dụng,3,Nhóm 04,Công nghệ thông tin,2.6,61,8.2,88.4,13,100.0,67,3.3,9.0,0
SV20210473,IT4010,Học máy & Khai phá dữ liệu,3,Nhóm 01,Công nghệ thông tin,2.3,71,6.1,73.4,6,85.5,71,3.9,7.1,0
SV20210473,IT4020,Hệ quản trị CSDL nâng cao,3,Nhóm 01,Công nghệ thông tin,2.3,71,7.0,84.7,11,96.6,69,3.7,5.5,0
SV20210473,IT4030,Phát triển ứng dụng Web,4,Nhóm 01,Công nghệ thông tin,2.3,71,7.5,84.6,8,93.0,86,9.5,7.4,0
SV20210473,MA2010,Xác suất thống kê ứng dụng,3,Nhóm 01,Công nghệ thông tin,2.3,71,6.8,88.2,7,88.3,69,6.8,7.0,0
SV20210474,IT4010,Học máy & Khai phá dữ liệu,3,Nhóm 02,Kinh tế số,3.1,76,8.3,84.7,8,100.0,93,6.0,6.9,0
SV20210474,IT4020,Hệ quản trị CSDL nâng cao,3,Nhóm 02,Kinh tế số,3.1,76,8.9,100.0,15,96.4,76,7.4,7.9,0
SV20210474,IT4030,Phát triển ứng dụng Web,4,Nhóm 02,Kinh tế số,3.1,76,7.9,76.6,15,82.0,74,10.8,7.2,0
SV20210474,MA2010,Xác suất thống kê ứng dụng,3,Nhóm 02,Kinh tế số,3.1,76,8.2,91.1,11,84.1,84,8.1,6.8,0
SV20210475,IT4010,Học máy & Khai phá dữ liệu,3,Nhóm 03,Kỹ thuật dữ liệu,3.0,100,7.0,78.6,13,65.9,79,11.9,6.0,0
SV20210475,IT4020,Hệ quản trị CSDL nâng cao,3,Nhóm 03,Kỹ thuật dữ liệu,3.0,100,8.5,91.2,11,87.2,88,3.5,6.3,0
SV20210475,IT4030,Phát triển ứng dụng Web,4,Nhóm 03,Kỹ thuật dữ liệu,3.0,100,8.5,94.6,12,78.6,87,8.4,8.0,0
SV20210475,MA2010,Xác suất thống kê ứng dụng,3,Nhóm 03,Kỹ thuật dữ liệu,3.0,100,9.1,88.7,8,81.2,66,6.0,7.6,0
SV20210476,IT4010,Học máy & Khai phá dữ liệu,3,Nhóm 04,Công nghệ thông tin,3.3,130,8.0,88.9,12,81.2,87,8.2,6.9,0
SV20210476,IT4020,Hệ quản trị CSDL nâng cao,3,Nhóm 04,Công nghệ thông tin,3.3,130,9.6,98.4,14,97.7,88,7.0,8.4,0
SV20210476,IT4030,Phát triển ứng dụng Web,4,Nhóm 04,Công nghệ thông tin,3.3,130,7.0,92.5,16,100.0,76,8.9,8.0,0
SV20210476,MA2010,Xác suất thống kê ứng dụng,3,Nhóm 04,Công nghệ thông tin,3.3,130,9.4,100.0,10,85.1,82,7.2,8.3,0
SV20210477,IT4010,Học máy & Khai phá dữ liệu,3,Nhóm 01,Công nghệ thông tin,3.6,118,9.7,85.8,9,100.0,89,10.8,7.1,0
SV20210477,IT4020,Hệ quản trị CSDL nâng cao,3,Nhóm 01,Công nghệ thông tin,3.6,118,8.0,97.3,19,88.7,84,8.9,6.4,0
SV20210477,IT4030,Phát triển ứng dụng Web,4,Nhóm 01,Công nghệ thông tin,3.6,118,10.0,92.0,15,88.7,76,8.7,7.4,0
SV20210477,MA2010,Xác suất thống kê ứng dụng,3,Nhóm 01,Công nghệ thông tin,3.6,118,10.0,100.0,15,100.0,99,9.5,7.5,0
SV20210478,IT4010,Học máy & Khai phá dữ liệu,3,Nhóm 02,Công nghệ thông tin,3.3,80,7.5,88.0,17,90.3,85,5.4,7.4,0
SV20210478,IT4020,Hệ quản trị CSDL nâng cao,3,Nhóm 02,Công nghệ thông tin,3.3,80,6.6,89.9,13,99.7,73,10.4,4.4,1
SV20210478,IT4030,Phát triển ứng dụng Web,4,Nhóm 02,Công nghệ thông tin,3.3,80,8.8,100.0,12,94.9,72,4.7,8.6,0
SV20210478,MA2010,Xác suất thống kê ứng dụng,3,Nhóm 02,Công nghệ thông tin,3.3,80,9.9,97.2,11,96.5,93,10.4,9.8,0
SV20210479,IT4010,Học máy & Khai phá dữ liệu,3,Nhóm 03,Công nghệ thông tin,3.0,114,7.3,83.0,17,86.6,82,8.8,8.7,0
SV20210479,IT4020,Hệ quản trị CSDL nâng cao,3,Nhóm 03,Công nghệ thông tin,3.0,114,7.8,91.9,17,83.5,70,10.1,7.5,0
SV20210479,IT4030,Phát triển ứng dụng Web,4,Nhóm 03,Công nghệ thông tin,3.0,114,10.0,89.1,14,99.0,61,8.7,10.0,0
SV20210479,MA2010,Xác suất thống kê ứng dụng,3,Nhóm 03,Công nghệ thông tin,3.0,114,8.6,89.6,11,86.2,85,6.7,8.5,0
SV20210480,IT4010,Học máy & Khai phá dữ liệu,3,Nhóm 04,Kỹ thuật dữ liệu,2.4,64,8.2,97.0,11,86.0,76,8.9,7.2,0
SV20210480,IT4020,Hệ quản trị CSDL nâng cao,3,Nhóm 04,Kỹ thuật dữ liệu,2.4,64,8.5,96.0,18,93.6,65,7.1,6.2,0
SV20210480,IT4030,Phát triển ứng dụng Web,4,Nhóm 04,Kỹ thuật dữ liệu,2.4,64,7.6,80.1,16,100.0,83,3.5,8.0,0
SV20210480,MA2010,Xác suất thống kê ứng dụng,3,Nhóm 04,Kỹ thuật dữ liệu,2.4,64,6.2,98.8,8,84.3,66,8.8,6.2,0
SV20210481,IT4010,Học máy & Khai phá dữ liệu,3,Nhóm 01,Kỹ thuật dữ liệu,2.6,87,7.6,71.6,6,92.8,71,6.8,6.2,0
SV20210481,IT4020,Hệ quản trị CSDL nâng cao,3,Nhóm 01,Kỹ thuật dữ liệu,2.6,87,6.9,90.5,3,82.8,74,6.7,5.8,0
SV20210481,IT4030,Phát triển ứng dụng Web,4,Nhóm 01,Kỹ thuật dữ liệu,2.6,87,6.6,80.1,9,82.7,76,6.5,6.5,0
SV20210481,MA2010,Xác suất thống kê ứng dụng,3,Nhóm 01,Kỹ thuật dữ liệu,2.6,87,6.7,76.6,13,100.0,76,5.2,6.9,0
SV20210482,IT4010,Học máy & Khai phá dữ liệu,3,Nhóm 02,Công nghệ thông tin,1.9,47,5.0,80.1,2,75.0,59,1.3,4.3,1
SV20210482,IT4020,Hệ quản trị CSDL nâng cao,3,Nhóm 02,Công nghệ thông tin,1.9,47,2.5,53.9,1,62.6,50,4.3,3.3,1
SV20210482,IT4030,Phát triển ứng dụng Web,4,Nhóm 02,Công nghệ thông tin,1.9,47,4.0,47.9,7,80.3,64,4.1,4.9,1
SV20210482,MA2010,Xác suất thống kê ứng dụng,3,Nhóm 02,Công nghệ thông tin,1.9,47,5.5,80.7,1,88.3,60,1.2,4.0,1
SV20210483,IT4010,Học máy & Khai phá dữ liệu,3,Nhóm 03,Công nghệ thông tin,2.0,57,6.9,77.0,7,72.7,61,3.5,4.7,1
SV20210483,IT4020,Hệ quản trị CSDL nâng cao,3,Nhóm 03,Công nghệ thông tin,2.0,57,7.1,74.8,8,66.2,68,4.4,7.4,0
SV20210483,IT4030,Phát triển ứng dụng Web,4,Nhóm 03,Công nghệ thông tin,2.0,57,9.3,78.4,11,77.4,74,4.9,9.9,0
SV20210483,MA2010,Xác suất thống kê ứng dụng,3,Nhóm 03,Công nghệ thông tin,2.0,57,6.5,76.8,5,88.2,65,5.2,5.2,0
SV20210484,IT4010,Học máy & Khai phá dữ liệu,3,Nhóm 04,Công nghệ thông tin,2.1,54,4.1,67.1,5,79.1,63,4.2,4.1,1
SV20210484,IT4020,Hệ quản trị CSDL nâng cao,3,Nhóm 04,Công nghệ thông tin,2.1,54,4.6,66.0,2,73.3,72,3.2,4.0,1
SV20210484,IT4030,Phát triển ứng dụng Web,4,Nhóm 04,Công nghệ thông tin,2.1,54,6.9,73.4,8,85.2,58,4.9,6.1,0
SV20210484,MA2010,Xác suất thống kê ứng dụng,3,Nhóm 04,Công nghệ thông tin,2.1,54,5.1,64.4,1,67.8,67,3.8,5.8,0
SV20210485,IT4010,Học máy & Khai phá dữ liệu,3,Nhóm 01,Kinh tế số,2.0,53,5.8,71.7,10,80.7,77,1.5,8.2,0
SV20210485,IT4020,Hệ quản trị CSDL nâng cao,3,Nhóm 01,Kinh tế số,2.0,53,6.3,66.0,10,80.7,70,5.6,6.4,0
SV20210485,IT4030,Phát triển ứng dụng Web,4,Nhóm 01,Kinh tế số,2.0,53,7.2,76.5,5,63.5,68,4.7,6.9,0
SV20210485,MA2010,Xác suất thống kê ứng dụng,3,Nhóm 01,Kinh tế số,2.0,53,7.0,59.2,2,87.9,73,1.4,6.4,0
SV20210486,IT4010,Học máy & Khai phá dữ liệu,3,Nhóm 02,Kinh tế số,2.6,66,6.1,83.0,5,74.5,66,2.4,7.3,0
SV20210486,IT4020,Hệ quản trị CSDL nâng cao,3,Nhóm 02,Kinh tế số,2.6,66,7.9,82.4,4,82.6,81,7.5,5.1,0
SV20210486,IT4030,Phát triển ứng dụng Web,4,Nhóm 02,Kinh tế số,2.6,66,6.5,83.3,15,69.3,70,6.5,7.4,0
SV20210486,MA2010,Xác suất thống kê ứng dụng,3,Nhóm 02,Kinh tế số,2.6,66,8.3,74.9,9,84.4,81,7.8,6.6,0
SV20210487,IT4010,Học máy & Khai phá dữ liệu,3,Nhóm 03,Kinh tế số,2.3,44,6.9,94.4,3,97.0,68,7.4,5.7,0
SV20210487,IT4020,Hệ quản trị CSDL nâng cao,3,Nhóm 03,Kinh tế số,2.3,44,5.9,90.4,7,89.2,62,4.3,3.6,1
SV20210487,IT4030,Phát triển ứng dụng Web,4,Nhóm 03,Kinh tế số,2.3,44,6.8,69.0,9,86.8,65,7.0,4.9,1
SV20210487,MA2010,Xác suất thống kê ứng dụng,3,Nhóm 03,Kinh tế số,2.3,44,8.4,83.6,15,78.6,61,4.9,9.0,0
SV20210488,IT4010,Học máy & Khai phá dữ liệu,3,Nhóm 04,Kinh tế số,2.1,73,6.2,87.2,15,83.0,74,3.6,5.3,0
SV20210488,IT4020,Hệ quản trị CSDL nâng cao,3,Nhóm 04,Kinh tế số,2.1,73,6.8,94.5,17,88.9,56,5.7,5.1,0
SV20210488,IT4030,Phát triển ứng dụng Web,4,Nhóm 04,Kinh tế số,2.1,73,6.6,73.9,6,99.0,67,6.0,8.0,0
SV20210488,MA2010,Xác suất thống kê ứng dụng,3,Nhóm 04,Kinh tế số,2.1,73,4.9,57.2,6,68.2,61,7.0,5.2,0
SV20210489,IT4010,Học máy & Khai phá dữ liệu,3,Nhóm 01,Kinh tế số,3.0,100,8.2,89.9,10,85.4,86,7.9,7.1,0
SV20210489,IT4020,Hệ quản trị CSDL nâng cao,3,Nhóm 01,Kinh tế số,3.0,100,7.1,86.5,9,67.2,70,5.2,4.9,1
SV20210489,IT4030,Phát triển ứng dụng Web,4,Nhóm 01,Kinh tế số,3.0,100,8.4,95.3,8,93.3,72,5.0,7.7,0
SV20210489,MA2010,Xác suất thống kê ứng dụng,3,Nhóm 01,Kinh tế số,3.0,100,7.7,65.7,18,80.0,79,7.2,7.6,0
SV20210490,IT4010,Học máy & Khai phá dữ liệu,3,Nhóm 02,Công nghệ thông tin,2.5,81,7.6,77.5,10,91.0,72,6.1,6.2,0
SV20210490,IT4020,Hệ quản trị CSDL nâng cao,3,Nhóm 02,Công nghệ thông tin,2.5,81,7.4,80.6,9,100.0,90,6.7,6.4,0
SV20210490,IT4030,Phát triển ứng dụng Web,4,Nhóm 02,Công nghệ thông tin,2.5,81,7.7,96.6,9,78.4,76,7.7,4.9,1
SV20210490,MA2010,Xác suất thống kê ứng dụng,3,Nhóm 02,Công nghệ thông tin,2.5,81,5.7,79.6,13,87.0,73,7.3,6.3,0
SV20210491,IT4010,Học máy & Khai phá dữ liệu,3,Nhóm 03,Công nghệ thông tin,2.8,94,7.7,91.7,18,84.6,83,6.0,6.8,0
SV20210491,IT4020,Hệ quản trị CSDL nâng cao,3,Nhóm 03,Công nghệ thông tin,2.8,94,6.5,93.2,16,91.8,83,11.3,7.9,0
SV20210491,IT4030,Phát triển ứng dụng Web,4,Nhóm 03,Công nghệ thông tin,2.8,94,8.9,80.7,14,88.3,82,6.2,7.1,0
SV20210491,MA2010,Xác suất thống kê ứng dụng,3,Nhóm 03,Công nghệ thông tin,2.8,94,8.4,93.9,1,87.0,83,8.0,9.0,0
SV20210492,IT4010,Học máy & Khai phá dữ liệu,3,Nhóm 04,Công nghệ thông tin,2.3,45,5.5,85.8,8,81.4,59,6.0,8.1,0
SV20210492,IT4020,Hệ quản trị CSDL nâng cao,3,Nhóm 04,Công nghệ thông tin,2.3,45,4.5,60.7,1,67.2,66,4.3,3.0,1
SV20210492,IT4030,Phát triển ứng dụng Web,4,Nhóm 04,Công nghệ thông tin,2.3,45,4.7,45.8,10,67.1,54,4.6,3.8,1
SV20210492,MA2010,Xác suất thống kê ứng dụng,3,Nhóm 04,Công nghệ thông tin,2.3,45,5.5,72.7,7,86.2,64,9.4,6.5,0
SV20210493,IT4010,Học máy & Khai phá dữ liệu,3,Nhóm 01,Công nghệ thông tin,3.1,83,7.9,80.1,8,92.2,83,4.1,4.9,1
SV20210493,IT4020,Hệ quản trị CSDL nâng cao,3,Nhóm 01,Công nghệ thông tin,3.1,83,8.3,89.0,12,83.8,79,7.5,5.9,0
SV20210493,IT4030,Phát triển ứng dụng Web,4,Nhóm 01,Công nghệ thông tin,3.1,83,8.8,100.0,10,100.0,80,4.8,7.2,0
SV20210493,MA2010,Xác suất thống kê ứng dụng,3,Nhóm 01,Công nghệ thông tin,3.1,83,9.4,96.3,15,97.1,78,8.8,8.2,0
SV20210494,IT4010,Học máy & Khai phá dữ liệu,3,Nhóm 02,Công nghệ thông tin,2.7,86,9.1,69.9,4,82.5,80,2.6,8.1,0
SV20210494,IT4020,Hệ quản trị CSDL nâng cao,3,Nhóm 02,Công nghệ thông tin,2.7,86,7.5,97.4,12,87.1,84,4.8,6.9,0
SV20210494,IT4030,Phát triển ứng dụng Web,4,Nhóm 02,Công nghệ thông tin,2.7,86,7.5,93.5,10,92.7,77,7.5,8.2,0
SV20210494,MA2010,Xác suất thống kê ứng dụng,3,Nhóm 02,Công nghệ thông tin,2.7,86,8.5,85.4,17,86.6,78,8.2,5.0,0
SV20210495,IT4010,Học máy & Khai phá dữ liệu,3,Nhóm 03,Công nghệ thông tin,3.5,98,9.4,91.1,13,100.0,75,7.8,7.0,0
SV20210495,IT4020,Hệ quản trị CSDL nâng cao,3,Nhóm 03,Công nghệ thông tin,3.5,98,7.0,100.0,10,97.1,71,7.8,7.1,0
SV20210495,IT4030,Phát triển ứng dụng Web,4,Nhóm 03,Công nghệ thông tin,3.5,98,8.6,97.5,10,87.7,78,9.6,8.8,0
SV20210495,MA2010,Xác suất thống kê ứng dụng,3,Nhóm 03,Công nghệ thông tin,3.5,98,9.9,97.1,18,100.0,90,8.1,9.9,0
SV20210496,IT4010,Học máy & Khai phá dữ liệu,3,Nhóm 04,Kinh tế số,2.3,61,6.7,74.6,6,70.5,67,5.7,6.5,0
SV20210496,IT4020,Hệ quản trị CSDL nâng cao,3,Nhóm 04,Kinh tế số,2.3,61,4.9,85.6,10,90.2,77,5.9,3.9,1
SV20210496,IT4030,Phát triển ứng dụng Web,4,Nhóm 04,Kinh tế số,2.3,61,6.9,65.8,6,76.4,74,0.0,4.7,1
SV20210496,MA2010,Xác suất thống kê ứng dụng,3,Nhóm 04,Kinh tế số,2.3,61,7.0,71.3,4,87.6,60,3.4,5.8,0
SV20210497,IT4010,Học máy & Khai phá dữ liệu,3,Nhóm 01,Công nghệ thông tin,2.4,78,7.6,83.4,7,86.3,68,4.7,6.3,0
SV20210497,IT4020,Hệ quản trị CSDL nâng cao,3,Nhóm 01,Công nghệ thông tin,2.4,78,6.8,84.1,6,83.6,79,5.2,6.6,0
SV20210497,IT4030,Phát triển ứng dụng Web,4,Nhóm 01,Công nghệ thông tin,2.4,78,7.3,76.4,10,83.4,71,4.8,6.2,0
SV20210497,MA2010,Xác suất thống kê ứng dụng,3,Nhóm 01,Công nghệ thông tin,2.4,78,7.2,84.0,7,79.1,80,4.7,7.6,0
SV20210498,IT4010,Học máy & Khai phá dữ liệu,3,Nhóm 02,Công nghệ thông tin,2.9,102,7.5,79.6,14,87.8,67,5.8,5.1,0
SV20210498,IT4020,Hệ quản trị CSDL nâng cao,3,Nhóm 02,Công nghệ thông tin,2.9,102,7.2,86.3,13,96.4,76,10.3,7.1,0
SV20210498,IT4030,Phát triển ứng dụng Web,4,Nhóm 02,Công nghệ thông tin,2.9,102,7.2,96.5,9,88.6,86,10.8,6.7,0
SV20210498,MA2010,Xác suất thống kê ứng dụng,3,Nhóm 02,Công nghệ thông tin,2.9,102,8.9,98.4,13,82.0,73,5.1,9.8,0
SV20210499,IT4010,Học máy & Khai phá dữ liệu,3,Nhóm 03,Kinh tế số,2.4,62,6.1,81.9,12,80.3,77,4.7,7.0,0
SV20210499,IT4020,Hệ quản trị CSDL nâng cao,3,Nhóm 03,Kinh tế số,2.4,62,6.1,95.6,8,76.5,75,6.7,5.6,0
SV20210499,IT4030,Phát triển ứng dụng Web,4,Nhóm 03,Kinh tế số,2.4,62,7.2,75.8,5,90.6,86,2.6,6.9,0
SV20210499,MA2010,Xác suất thống kê ứng dụng,3,Nhóm 03,Kinh tế số,2.4,62,6.6,72.6,4,80.5,71,7.3,7.0,0
SV20210500,IT4010,Học máy & Khai phá dữ liệu,3,Nhóm 04,Công nghệ thông tin,2.4,103,6.9,92.4,15,87.1,75,7.4,6.5,0
SV20210500,IT4020,Hệ quản trị CSDL nâng cao,3,Nhóm 04,Công nghệ thông tin,2.4,103,6.0,75.6,12,79.7,75,5.2,5.6,0
SV20210500,IT4030,Phát triển ứng dụng Web,4,Nhóm 04,Công nghệ thông tin,2.4,103,6.7,82.3,13,80.4,85,4.6,6.6,0
SV20210500,MA2010,Xác suất thống kê ứng dụng,3,Nhóm 04,Công nghệ thông tin,2.4,103,7.6,92.1,12,96.8,76,5.3,5.8,0
SV20210501,IT4010,Học máy & Khai phá dữ liệu,3,Nhóm 01,Công nghệ thông tin,2.8,93,6.5,80.0,8,76.2,86,2.8,4.8,1
SV20210501,IT4020,Hệ quản trị CSDL nâng cao,3,Nhóm 01,Công nghệ thông tin,2.8,93,7.7,82.0,10,86.0,65,5.5,7.5,0
SV20210501,IT4030,Phát triển ứng dụng Web,4,Nhóm 01,Công nghệ thông tin,2.8,93,7.7,82.5,10,82.8,65,4.1,8.7,0
SV20210501,MA2010,Xác suất thống kê ứng dụng,3,Nhóm 01,Công nghệ thông tin,2.8,93,6.4,86.5,15,91.5,72,3.3,5.8,0
SV20210502,IT4010,Học máy & Khai phá dữ liệu,3,Nhóm 02,Kinh tế số,2.8,97,8.6,80.8,19,96.9,74,7.7,7.4,0
SV20210502,IT4020,Hệ quản trị CSDL nâng cao,3,Nhóm 02,Kinh tế số,2.8,97,7.7,88.7,21,83.7,68,6.1,7.1,0
SV20210502,IT4030,Phát triển ứng dụng Web,4,Nhóm 02,Kinh tế số,2.8,97,7.7,93.2,7,75.5,76,4.6,6.1,0
SV20210502,MA2010,Xác suất thống kê ứng dụng,3,Nhóm 02,Kinh tế số,2.8,97,6.9,80.0,12,75.5,58,5.5,6.3,0
SV20210503,IT4010,Học máy & Khai phá dữ liệu,3,Nhóm 03,Kỹ thuật dữ liệu,3.0,116,8.1,100.0,16,85.6,81,12.3,6.7,0
SV20210503,IT4020,Hệ quản trị CSDL nâng cao,3,Nhóm 03,Kỹ thuật dữ liệu,3.0,116,8.5,90.9,11,92.6,92,6.7,8.7,0
SV20210503,IT4030,Phát triển ứng dụng Web,4,Nhóm 03,Kỹ thuật dữ liệu,3.0,116,9.8,98.3,13,88.9,87,7.9,8.3,0
SV20210503,MA2010,Xác suất thống kê ứng dụng,3,Nhóm 03,Kỹ thuật dữ liệu,3.0,116,7.5,90.1,22,82.1,87,7.8,6.6,0
SV20210504,IT4010,Học máy & Khai phá dữ liệu,3,Nhóm 04,Công nghệ thông tin,2.1,51,6.3,81.5,12,83.3,77,6.4,7.3,0
SV20210504,IT4020,Hệ quản trị CSDL nâng cao,3,Nhóm 04,Công nghệ thông tin,2.1,51,7.9,81.2,3,69.8,69,5.6,4.0,1
SV20210504,IT4030,Phát triển ứng dụng Web,4,Nhóm 04,Công nghệ thông tin,2.1,51,5.9,88.0,7,84.6,80,5.4,5.7,0
SV20210504,MA2010,Xác suất thống kê ứng dụng,3,Nhóm 04,Công nghệ thông tin,2.1,51,7.1,76.7,11,56.3,82,8.8,7.2,0
SV20210505,IT4010,Học máy & Khai phá dữ liệu,3,Nhóm 01,Công nghệ thông tin,2.7,100,7.0,79.1,15,95.9,81,6.8,6.2,0
SV20210505,IT4020,Hệ quản trị CSDL nâng cao,3,Nhóm 01,Công nghệ thông tin,2.7,100,6.7,83.9,9,98.2,78,7.0,4.8,1
SV20210505,IT4030,Phát triển ứng dụng Web,4,Nhóm 01,Công nghệ thông tin,2.7,100,8.2,84.5,9,85.0,80,3.9,6.7,0
SV20210505,MA2010,Xác suất thống kê ứng dụng,3,Nhóm 01,Công nghệ thông tin,2.7,100,8.5,97.6,15,83.1,71,8.0,5.4,0
SV20210506,IT4010,Học máy & Khai phá dữ liệu,3,Nhóm 02,Kỹ thuật dữ liệu,2.8,116,7.4,76.8,13,100.0,74,6.6,6.0,0
SV20210506,IT4020,Hệ quản trị CSDL nâng cao,3,Nhóm 02,Kỹ thuật dữ liệu,2.8,116,6.5,89.3,16,95.2,72,8.0,5.2,0
SV20210506,IT4030,Phát triển ứng dụng Web,4,Nhóm 02,Kỹ thuật dữ liệu,2.8,116,8.8,95.3,14,83.7,70,8.7,8.9,0
SV20210506,MA2010,Xác suất thống kê ứng dụng,3,Nhóm 02,Kỹ thuật dữ liệu,2.8,116,8.1,71.0,16,81.3,69,5.8,7.9,0
SV20210507,IT4010,Học máy & Khai phá dữ liệu,3,Nhóm 03,Công nghệ thông tin,1.7,44,5.0,75.9,14,70.7,69,3.9,3.4,1
SV20210507,IT4020,Hệ quản trị CSDL nâng cao,3,Nhóm 03,Công nghệ thông tin,1.7,44,5.5,81.3,11,83.1,64,1.4,4.6,1
SV20210507,IT4030,Phát triển ứng dụng Web,4,Nhóm 03,Công nghệ thông tin,1.7,44,7.0,65.2,6,67.2,67,4.2,6.0,0
SV20210507,MA2010,Xác suất thống kê ứng dụng,3,Nhóm 03,Công nghệ thông tin,1.7,44,5.3,80.5,11,77.4,65,4.5,7.1,0
SV20210508,IT4010,Học máy & Khai phá dữ liệu,3,Nhóm 04,Kinh tế số,2.0,43,6.8,75.8,6,87.0,67,3.7,7.0,0
SV20210508,IT4020,Hệ quản trị CSDL nâng cao,3,Nhóm 04,Kinh tế số,2.0,43,7.0,84.6,7,79.9,69,4.1,7.1,0
SV20210508,IT4030,Phát triển ứng dụng Web,4,Nhóm 04,Kinh tế số,2.0,43,5.4,52.4,7,59.5,55,3.1,4.8,1
SV20210508,MA2010,Xác suất thống kê ứng dụng,3,Nhóm 04,Kinh tế số,2.0,43,4.7,63.2,10,76.5,57,3.0,5.7,0
SV20210509,IT4010,Học máy & Khai phá dữ liệu,3,Nhóm 01,Công nghệ thông tin,2.8,77,7.6,76.1,6,79.4,71,5.1,5.6,0
SV20210509,IT4020,Hệ quản trị CSDL nâng cao,3,Nhóm 01,Công nghệ thông tin,2.8,77,7.5,74.3,12,70.4,63,6.2,6.0,0
SV20210509,IT4030,Phát triển ứng dụng Web,4,Nhóm 01,Công nghệ thông tin,2.8,77,8.2,66.7,12,68.0,66,9.0,7.9,0
SV20210509,MA2010,Xác suất thống kê ứng dụng,3,Nhóm 01,Công nghệ thông tin,2.8,77,7.5,71.8,18,79.2,68,6.3,8.3,0
SV20210510,IT4010,Học máy & Khai phá dữ liệu,3,Nhóm 02,Kinh tế số,2.3,31,6.1,56.4,9,72.0,62,0.7,5.4,0
SV20210510,IT4020,Hệ quản trị CSDL nâng cao,3,Nhóm 02,Kinh tế số,2.3,31,6.9,72.4,6,88.3,61,2.4,4.6,1
SV20210510,IT4030,Phát triển ứng dụng Web,4,Nhóm 02,Kinh tế số,2.3,31,7.4,66.6,5,61.8,72,4.9,6.9,0
SV20210510,MA2010,Xác suất thống kê ứng dụng,3,Nhóm 02,Kinh tế số,2.3,31,5.3,72.9,8,84.3,52,3.1,5.4,0
SV20210511,IT4010,Học máy & Khai phá dữ liệu,3,Nhóm 03,Kinh tế số,2.9,70,8.7,83.4,17,76.7,69,3.8,5.4,0
SV20210511,IT4020,Hệ quản trị CSDL nâng cao,3,Nhóm 03,Kinh tế số,2.9,70,7.1,77.9,11,72.4,71,4.9,5.2,0
SV20210511,IT4030,Phát triển ứng dụng Web,4,Nhóm 03,Kinh tế số,2.9,70,7.8,68.1,13,88.5,68,7.5,6.4,0
SV20210511,MA2010,Xác suất thống kê ứng dụng,3,Nhóm 03,Kinh tế số,2.9,70,9.3,80.4,10,95.1,85,9.2,6.4,0
SV20210512,IT4010,Học máy & Khai phá dữ liệu,3,Nhóm 04,Công nghệ thông tin,2.7,63,7.2,80.4,8,98.7,67,8.8,8.1,0
SV20210512,IT4020,Hệ quản trị CSDL nâng cao,3,Nhóm 04,Công nghệ thông tin,2.7,63,7.1,88.3,6,93.5,77,5.3,8.5,0
SV20210512,IT4030,Phát triển ứng dụng Web,4,Nhóm 04,Công nghệ thông tin,2.7,63,6.6,90.0,8,84.9,74,9.9,6.3,0
SV20210512,MA2010,Xác suất thống kê ứng dụng,3,Nhóm 04,Công nghệ thông tin,2.7,63,9.2,96.6,8,100.0,86,7.1,6.1,0
SV20210513,IT4010,Học máy & Khai phá dữ liệu,3,Nhóm 01,Công nghệ thông tin,2.6,95,7.9,82.0,9,81.0,71,3.7,7.7,0
SV20210513,IT4020,Hệ quản trị CSDL nâng cao,3,Nhóm 01,Công nghệ thông tin,2.6,95,8.8,74.9,7,97.4,85,7.3,6.7,0
SV20210513,IT4030,Phát triển ứng dụng Web,4,Nhóm 01,Công nghệ thông tin,2.6,95,8.0,84.9,12,92.5,83,4.8,7.4,0
SV20210513,MA2010,Xác suất thống kê ứng dụng,3,Nhóm 01,Công nghệ thông tin,2.6,95,7.1,85.6,7,94.3,78,7.3,4.7,1
SV20210514,IT4010,Học máy & Khai phá dữ liệu,3,Nhóm 02,Kỹ thuật dữ liệu,2.2,86,5.3,62.9,7,76.6,76,7.6,6.1,0
SV20210514,IT4020,Hệ quản trị CSDL nâng cao,3,Nhóm 02,Kỹ thuật dữ liệu,2.2,86,7.2,60.7,12,77.1,67,5.5,4.8,1
SV20210514,IT4030,Phát triển ứng dụng Web,4,Nhóm 02,Kỹ thuật dữ liệu,2.2,86,5.6,66.1,11,81.9,76,3.9,5.9,0
SV20210514,MA2010,Xác suất thống kê ứng dụng,3,Nhóm 02,Kỹ thuật dữ liệu,2.2,86,6.9,97.2,18,70.2,79,2.5,4.8,1
SV20210515,IT4010,Học máy & Khai phá dữ liệu,3,Nhóm 03,Công nghệ thông tin,2.7,77,8.5,96.8,11,91.0,70,7.5,7.3,0
SV20210515,IT4020,Hệ quản trị CSDL nâng cao,3,Nhóm 03,Công nghệ thông tin,2.7,77,7.7,86.1,17,83.3,94,7.5,4.7,1
SV20210515,IT4030,Phát triển ứng dụng Web,4,Nhóm 03,Công nghệ thông tin,2.7,77,8.6,98.1,12,72.3,75,6.0,9.9,0
SV20210515,MA2010,Xác suất thống kê ứng dụng,3,Nhóm 03,Công nghệ thông tin,2.7,77,8.0,98.2,1,100.0,84,6.4,7.8,0
SV20210516,IT4010,Học máy & Khai phá dữ liệu,3,Nhóm 04,Kinh tế số,3.1,63,6.6,95.4,11,83.5,86,6.2,5.6,0
SV20210516,IT4020,Hệ quản trị CSDL nâng cao,3,Nhóm 04,Kinh tế số,3.1,63,7.6,100.0,6,75.3,69,7.9,7.8,0
SV20210516,IT4030,Phát triển ứng dụng Web,4,Nhóm 04,Kinh tế số,3.1,63,6.1,79.2,8,51.7,73,4.1,5.5,0
SV20210516,MA2010,Xác suất thống kê ứng dụng,3,Nhóm 04,Kinh tế số,3.1,63,6.3,89.8,12,73.5,82,8.0,7.6,0
SV20210517,IT4010,Học máy & Khai phá dữ liệu,3,Nhóm 01,Công nghệ thông tin,3.4,102,8.3,85.8,17,100.0,78,7.7,7.0,0
SV20210517,IT4020,Hệ quản trị CSDL nâng cao,3,Nhóm 01,Công nghệ thông tin,3.4,102,7.6,100.0,13,96.2,93,9.0,6.9,0
SV20210517,IT4030,Phát triển ứng dụng Web,4,Nhóm 01,Công nghệ thông tin,3.4,102,8.6,88.0,25,80.2,66,7.0,9.1,0
SV20210517,MA2010,Xác suất thống kê ứng dụng,3,Nhóm 01,Công nghệ thông tin,3.4,102,8.5,83.6,11,100.0,75,9.5,7.0,0
SV20210518,IT4010,Học máy & Khai phá dữ liệu,3,Nhóm 02,Công nghệ thông tin,2.9,87,8.3,74.6,10,80.5,89,6.6,7.5,0
SV20210518,IT4020,Hệ quản trị CSDL nâng cao,3,Nhóm 02,Công nghệ thông tin,2.9,87,6.6,95.5,4,78.0,84,8.0,6.9,0
SV20210518,IT4030,Phát triển ứng dụng Web,4,Nhóm 02,Công nghệ thông tin,2.9,87,6.5,75.6,13,79.6,81,8.7,7.2,0
SV20210518,MA2010,Xác suất thống kê ứng dụng,3,Nhóm 02,Công nghệ thông tin,2.9,87,7.4,93.3,16,91.7,77,7.3,6.2,0
SV20210519,IT4010,Học máy & Khai phá dữ liệu,3,Nhóm 03,Kinh tế số,3.2,96,8.5,91.3,12,89.9,86,8.1,5.6,0
SV20210519,IT4020,Hệ quản trị CSDL nâng cao,3,Nhóm 03,Kinh tế số,3.2,96,9.3,82.7,9,100.0,65,8.9,6.8,0
SV20210519,IT4030,Phát triển ứng dụng Web,4,Nhóm 03,Kinh tế số,3.2,96,8.2,94.5,21,100.0,76,7.2,7.8,0
SV20210519,MA2010,Xác suất thống kê ứng dụng,3,Nhóm 03,Kinh tế số,3.2,96,9.1,98.1,12,81.5,79,7.2,9.2,0
SV20210520,IT4010,Học máy & Khai phá dữ liệu,3,Nhóm 04,Công nghệ thông tin,3.3,121,9.2,70.8,18,93.6,100,11.1,7.6,0
SV20210520,IT4020,Hệ quản trị CSDL nâng cao,3,Nhóm 04,Công nghệ thông tin,3.3,121,8.4,95.4,11,97.4,93,9.3,7.8,0
SV20210520,IT4030,Phát triển ứng dụng Web,4,Nhóm 04,Công nghệ thông tin,3.3,121,9.3,100.0,11,93.6,91,9.2,8.2,0
SV20210520,MA2010,Xác suất thống kê ứng dụng,3,Nhóm 04,Công nghệ thông tin,3.3,121,8.1,94.7,9,87.6,95,13.5,7.5,0
SV20210521,IT4010,Học máy & Khai phá dữ liệu,3,Nhóm 01,Công nghệ thông tin,3.0,106,9.2,96.4,9,94.6,84,7.9,7.9,0
SV20210521,IT4020,Hệ quản trị CSDL nâng cao,3,Nhóm 01,Công nghệ thông tin,3.0,106,7.6,85.9,10,100.0,63,3.8,6.5,0
SV20210521,IT4030,Phát triển ứng dụng Web,4,Nhóm 01,Công nghệ thông tin,3.0,106,9.3,93.0,15,82.6,76,8.9,8.9,0
SV20210521,MA2010,Xác suất thống kê ứng dụng,3,Nhóm 01,Công nghệ thông tin,3.0,106,8.4,93.2,12,94.1,70,7.0,6.9,0
SV20210522,IT4010,Học máy & Khai phá dữ liệu,3,Nhóm 02,Công nghệ thông tin,2.9,92,8.4,89.9,15,75.0,83,7.9,4.4,1
SV20210522,IT4020,Hệ quản trị CSDL nâng cao,3,Nhóm 02,Công nghệ thông tin,2.9,92,8.2,100.0,13,100.0,75,8.7,6.7,0
SV20210522,IT4030,Phát triển ứng dụng Web,4,Nhóm 02,Công nghệ thông tin,2.9,92,8.4,95.1,9,87.3,79,2.0,7.4,0
SV20210522,MA2010,Xác suất thống kê ứng dụng,3,Nhóm 02,Công nghệ thông tin,2.9,92,7.2,83.5,9,92.6,80,5.9,5.6,0
SV20210523,IT4010,Học máy & Khai phá dữ liệu,3,Nhóm 03,Công nghệ thông tin,2.8,90,7.5,95.2,10,81.5,80,6.3,7.9,0
SV20210523,IT4020,Hệ quản trị CSDL nâng cao,3,Nhóm 03,Công nghệ thông tin,2.8,90,7.9,81.7,14,75.6,65,5.8,6.0,0
SV20210523,IT4030,Phát triển ứng dụng Web,4,Nhóm 03,Công nghệ thông tin,2.8,90,8.3,78.0,13,82.0,84,8.8,7.8,0
SV20210523,MA2010,Xác suất thống kê ứng dụng,3,Nhóm 03,Công nghệ thông tin,2.8,90,6.4,69.0,8,61.9,63,7.0,6.5,0
SV20210524,IT4010,Học máy & Khai phá dữ liệu,3,Nhóm 04,Công nghệ thông tin,2.4,78,7.7,73.8,12,84.9,68,6.0,6.1,0
SV20210524,IT4020,Hệ quản trị CSDL nâng cao,3,Nhóm 04,Công nghệ thông tin,2.4,78,5.9,74.0,1,86.9,79,6.6,5.0,0
SV20210524,IT4030,Phát triển ứng dụng Web,4,Nhóm 04,Công nghệ thông tin,2.4,78,7.8,84.4,12,93.3,70,7.5,8.6,0
SV20210524,MA2010,Xác suất thống kê ứng dụng,3,Nhóm 04,Công nghệ thông tin,2.4,78,7.1,90.4,14,90.9,61,5.2,9.9,0
SV20210525,IT4010,Học máy & Khai phá dữ liệu,3,Nhóm 01,Công nghệ thông tin,2.4,65,6.4,83.9,15,88.8,75,4.7,4.7,1
SV20210525,IT4020,Hệ quản trị CSDL nâng cao,3,Nhóm 01,Công nghệ thông tin,2.4,65,7.6,85.9,11,72.2,68,5.1,6.7,0
SV20210525,IT4030,Phát triển ứng dụng Web,4,Nhóm 01,Công nghệ thông tin,2.4,65,6.9,84.1,6,99.3,78,8.9,5.8,0
SV20210525,MA2010,Xác suất thống kê ứng dụng,3,Nhóm 01,Công nghệ thông tin,2.4,65,6.2,59.4,6,82.9,55,6.4,6.8,0
SV20210526,IT4010,Học máy & Khai phá dữ liệu,3,Nhóm 02,Công nghệ thông tin,2.1,90,7.4,67.1,13,78.3,59,5.6,5.7,0
SV20210526,IT4020,Hệ quản trị CSDL nâng cao,3,Nhóm 02,Công nghệ thông tin,2.1,90,5.5,86.7,10,77.0,69,9.0,3.3,1
SV20210526,IT4030,Phát triển ứng dụng Web,4,Nhóm 02,Công nghệ thông tin,2.1,90,7.5,69.0,14,81.6,67,5.4,6.3,0
SV20210526,MA2010,Xác suất thống kê ứng dụng,3,Nhóm 02,Công nghệ thông tin,2.1,90,5.0,84.1,6,78.4,68,6.6,5.1,0
SV20210527,IT4010,Học máy & Khai phá dữ liệu,3,Nhóm 03,Công nghệ thông tin,2.7,64,8.0,69.1,13,93.5,78,7.8,5.0,0
SV20210527,IT4020,Hệ quản trị CSDL nâng cao,3,Nhóm 03,Công nghệ thông tin,2.7,64,8.6,92.3,10,87.5,59,9.0,9.2,0
SV20210527,IT4030,Phát triển ứng dụng Web,4,Nhóm 03,Công nghệ thông tin,2.7,64,7.1,71.3,7,80.2,81,4.6,7.4,0
SV20210527,MA2010,Xác suất thống kê ứng dụng,3,Nhóm 03,Công nghệ thông tin,2.7,64,6.9,86.0,19,73.5,74,6.2,8.7,0
SV20210528,IT4010,Học máy & Khai phá dữ liệu,3,Nhóm 04,Công nghệ thông tin,1.7,28,5.7,81.6,5,66.1,67,4.7,5.3,0
SV20210528,IT4020,Hệ quản trị CSDL nâng cao,3,Nhóm 04,Công nghệ thông tin,1.7,28,5.7,65.0,10,73.1,62,5.2,5.1,0
SV20210528,IT4030,Phát triển ứng dụng Web,4,Nhóm 04,Công nghệ thông tin,1.7,28,7.1,58.9,2,90.1,76,3.6,7.2,0
SV20210528,MA2010,Xác suất thống kê ứng dụng,3,Nhóm 04,Công nghệ thông tin,1.7,28,6.1,76.1,4,57.4,64,3.7,6.2,0
SV20210529,IT4010,Học máy & Khai phá dữ liệu,3,Nhóm 01,Công nghệ thông tin,3.6,92,8.3,86.5,20,87.0,87,9.7,7.1,0
SV20210529,IT4020,Hệ quản trị CSDL nâng cao,3,Nhóm 01,Công nghệ thông tin,3.6,92,8.1,75.3,20,85.1,92,9.3,7.6,0
SV20210529,IT4030,Phát triển ứng dụng Web,4,Nhóm 01,Công nghệ thông tin,3.6,92,7.8,86.7,17,82.1,73,9.1,10.0,0
SV20210529,MA2010,Xác suất thống kê ứng dụng,3,Nhóm 01,Công nghệ thông tin,3.6,92,8.4,78.5,23,100.0,79,6.5,5.7,0
SV20210530,IT4010,Học máy & Khai phá dữ liệu,3,Nhóm 02,Công nghệ thông tin,2.3,59,6.5,87.9,7,85.5,69,4.7,6.5,0
SV20210530,IT4020,Hệ quản trị CSDL nâng cao,3,Nhóm 02,Công nghệ thông tin,2.3,59,6.3,74.0,8,90.2,75,5.9,5.3,0
SV20210530,IT4030,Phát triển ứng dụng Web,4,Nhóm 02,Công nghệ thông tin,2.3,59,7.0,70.6,11,71.3,73,6.2,5.0,0
SV20210530,MA2010,Xác suất thống kê ứng dụng,3,Nhóm 02,Công nghệ thông tin,2.3,59,7.4,77.2,5,79.9,65,5.8,6.5,0
SV20210531,IT4010,Học máy & Khai phá dữ liệu,3,Nhóm 03,Công nghệ thông tin,3.4,72,9.3,78.3,11,95.5,85,5.3,7.4,0
SV20210531,IT4020,Hệ quản trị CSDL nâng cao,3,Nhóm 03,Công nghệ thông tin,3.4,72,8.5,96.3,13,90.4,65,8.7,7.3,0
SV20210531,IT4030,Phát triển ứng dụng Web,4,Nhóm 03,Công nghệ thông tin,3.4,72,8.9,96.2,19,78.8,79,6.1,8.3,0
SV20210531,MA2010,Xác suất thống kê ứng dụng,3,Nhóm 03,Công nghệ thông tin,3.4,72,8.3,93.3,14,83.5,71,11.5,6.0,0
SV20210532,IT4010,Học máy & Khai phá dữ liệu,3,Nhóm 04,Công nghệ thông tin,2.5,66,5.5,71.9,12,98.6,69,6.6,5.9,0
SV20210532,IT4020,Hệ quản trị CSDL nâng cao,3,Nhóm 04,Công nghệ thông tin,2.5,66,6.5,75.8,6,70.1,70,5.5,6.2,0
SV20210532,IT4030,Phát triển ứng dụng Web,4,Nhóm 04,Công nghệ thông tin,2.5,66,5.2,66.3,12,75.4,73,6.2,4.6,1
SV20210532,MA2010,Xác suất thống kê ứng dụng,3,Nhóm 04,Công nghệ thông tin,2.5,66,5.9,85.3,7,92.6,75,5.6,3.3,1
SV20210533,IT4010,Học máy & Khai phá dữ liệu,3,Nhóm 01,Công nghệ thông tin,2.9,75,8.5,81.0,19,74.3,60,6.0,7.2,0
SV20210533,IT4020,Hệ quản trị CSDL nâng cao,3,Nhóm 01,Công nghệ thông tin,2.9,75,8.7,94.7,13,96.6,72,5.6,7.3,0
SV20210533,IT4030,Phát triển ứng dụng Web,4,Nhóm 01,Công nghệ thông tin,2.9,75,8.6,99.0,12,74.7,76,3.9,4.9,1
SV20210533,MA2010,Xác suất thống kê ứng dụng,3,Nhóm 01,Công nghệ thông tin,2.9,75,8.3,95.4,15,89.0,75,6.1,5.9,0
SV20210534,IT4010,Học máy & Khai phá dữ liệu,3,Nhóm 02,Kinh tế số,2.6,55,7.3,93.0,8,66.9,69,6.7,7.1,0
SV20210534,IT4020,Hệ quản trị CSDL nâng cao,3,Nhóm 02,Kinh tế số,2.6,55,5.7,79.6,3,84.7,62,7.5,3.0,1
SV20210534,IT4030,Phát triển ứng dụng Web,4,Nhóm 02,Kinh tế số,2.6,55,7.6,81.6,3,67.1,71,4.9,7.5,0
SV20210534,MA2010,Xác suất thống kê ứng dụng,3,Nhóm 02,Kinh tế số,2.6,55,6.2,79.8,2,78.1,60,4.2,6.1,0
SV20210535,IT4010,Học máy & Khai phá dữ liệu,3,Nhóm 03,Kinh tế số,2.7,57,7.4,90.8,8,82.8,70,3.0,6.4,0
SV20210535,IT4020,Hệ quản trị CSDL nâng cao,3,Nhóm 03,Kinh tế số,2.7,57,6.3,89.1,10,95.6,73,4.4,4.0,1
SV20210535,IT4030,Phát triển ứng dụng Web,4,Nhóm 03,Kinh tế số,2.7,57,7.1,92.7,9,83.6,63,8.2,5.8,0
SV20210535,MA2010,Xác suất thống kê ứng dụng,3,Nhóm 03,Kinh tế số,2.7,57,7.4,61.7,12,81.1,84,7.8,6.0,0
SV20210536,IT4010,Học máy & Khai phá dữ liệu,3,Nhóm 04,Kỹ thuật dữ liệu,2.3,65,5.3,74.2,14,74.2,73,3.4,4.7,1
SV20210536,IT4020,Hệ quản trị CSDL nâng cao,3,Nhóm 04,Kỹ thuật dữ liệu,2.3,65,6.8,67.6,8,74.2,81,5.7,6.7,0
SV20210536,IT4030,Phát triển ứng dụng Web,4,Nhóm 04,Kỹ thuật dữ liệu,2.3,65,7.6,85.0,9,76.7,82,6.8,7.1,0
SV20210536,MA2010,Xác suất thống kê ứng dụng,3,Nhóm 04,Kỹ thuật dữ liệu,2.3,65,6.6,80.6,7,78.3,71,6.1,7.6,0
SV20210537,IT4010,Học máy & Khai phá dữ liệu,3,Nhóm 01,Kinh tế số,2.8,84,7.8,87.9,6,83.3,82,8.6,8.4,0
SV20210537,IT4020,Hệ quản trị CSDL nâng cao,3,Nhóm 01,Kinh tế số,2.8,84,8.3,84.8,13,99.3,71,8.7,7.7,0
SV20210537,IT4030,Phát triển ứng dụng Web,4,Nhóm 01,Kinh tế số,2.8,84,9.3,87.8,6,93.0,61,8.5,9.0,0
SV20210537,MA2010,Xác suất thống kê ứng dụng,3,Nhóm 01,Kinh tế số,2.8,84,8.8,91.7,15,93.9,72,6.1,8.3,0
SV20210538,IT4010,Học máy & Khai phá dữ liệu,3,Nhóm 02,Công nghệ thông tin,2.3,62,6.2,70.1,1,78.3,62,0.9,5.5,0
SV20210538,IT4020,Hệ quản trị CSDL nâng cao,3,Nhóm 02,Công nghệ thông tin,2.3,62,6.7,70.4,2,77.5,74,6.0,5.4,0
SV20210538,IT4030,Phát triển ứng dụng Web,4,Nhóm 02,Công nghệ thông tin,2.3,62,6.8,67.6,9,100.0,61,3.6,5.6,0
SV20210538,MA2010,Xác suất thống kê ứng dụng,3,Nhóm 02,Công nghệ thông tin,2.3,62,5.2,59.0,5,94.1,76,5.7,3.8,1
SV20210539,IT4010,Học máy & Khai phá dữ liệu,3,Nhóm 03,Kinh tế số,3.1,94,7.3,73.3,14,92.1,79,6.0,5.8,0
SV20210539,IT4020,Hệ quản trị CSDL nâng cao,3,Nhóm 03,Kinh tế số,3.1,94,6.7,100.0,19,82.5,81,7.8,4.3,1
SV20210539,IT4030,Phát triển ứng dụng Web,4,Nhóm 03,Kinh tế số,3.1,94,9.5,82.7,5,90.2,79,7.6,7.6,0
SV20210539,MA2010,Xác suất thống kê ứng dụng,3,Nhóm 03,Kinh tế số,3.1,94,8.1,94.5,14,100.0,84,7.2,5.3,0
SV20210540,IT4010,Học máy & Khai phá dữ liệu,3,Nhóm 04,Công nghệ thông tin,2.9,112,9.3,97.4,15,85.3,81,4.0,9.4,0
SV20210540,IT4020,Hệ quản trị CSDL nâng cao,3,Nhóm 04,Công nghệ thông tin,2.9,112,8.6,100.0,10,89.4,89,5.1,7.2,0
SV20210540,IT4030,Phát triển ứng dụng Web,4,Nhóm 04,Công nghệ thông tin,2.9,112,8.6,76.0,17,88.1,76,6.4,9.7,0
SV20210540,MA2010,Xác suất thống kê ứng dụng,3,Nhóm 04,Công nghệ thông tin,2.9,112,8.0,77.9,15,91.0,92,10.2,7.6,0
SV20210541,IT4010,Học máy & Khai phá dữ liệu,3,Nhóm 01,Công nghệ thông tin,3.0,83,8.3,93.9,12,93.1,74,3.5,6.6,0
SV20210541,IT4020,Hệ quản trị CSDL nâng cao,3,Nhóm 01,Công nghệ thông tin,3.0,83,7.2,99.7,12,75.9,75,6.5,6.5,0
SV20210541,IT4030,Phát triển ứng dụng Web,4,Nhóm 01,Công nghệ thông tin,3.0,83,8.6,85.0,17,80.1,76,6.4,9.1,0
SV20210541,MA2010,Xác suất thống kê ứng dụng,3,Nhóm 01,Công nghệ thông tin,3.0,83,8.4,84.6,14,100.0,74,8.9,5.0,0
SV20210542,IT4010,Học máy & Khai phá dữ liệu,3,Nhóm 02,Công nghệ thông tin,2.3,92,5.9,74.7,17,100.0,79,6.8,7.8,0
SV20210542,IT4020,Hệ quản trị CSDL nâng cao,3,Nhóm 02,Công nghệ thông tin,2.3,92,6.7,93.3,6,71.1,83,5.2,4.2,1
SV20210542,IT4030,Phát triển ứng dụng Web,4,Nhóm 02,Công nghệ thông tin,2.3,92,8.8,88.5,10,79.3,64,5.1,9.3,0
SV20210542,MA2010,Xác suất thống kê ứng dụng,3,Nhóm 02,Công nghệ thông tin,2.3,92,9.1,92.8,10,100.0,65,6.8,8.0,0
SV20210543,IT4010,Học máy & Khai phá dữ liệu,3,Nhóm 03,Công nghệ thông tin,2.9,98,7.5,79.0,11,71.5,71,9.7,6.1,0
SV20210543,IT4020,Hệ quản trị CSDL nâng cao,3,Nhóm 03,Công nghệ thông tin,2.9,98,8.0,89.9,14,84.3,83,9.7,8.2,0
SV20210543,IT4030,Phát triển ứng dụng Web,4,Nhóm 03,Công nghệ thông tin,2.9,98,6.8,89.8,13,59.8,80,7.6,6.6,0
SV20210543,MA2010,Xác suất thống kê ứng dụng,3,Nhóm 03,Công nghệ thông tin,2.9,98,6.2,93.7,6,84.5,68,7.2,4.7,1
SV20210544,IT4010,Học máy & Khai phá dữ liệu,3,Nhóm 04,Công nghệ thông tin,3.1,71,6.8,70.6,17,71.4,74,7.2,5.2,0
SV20210544,IT4020,Hệ quản trị CSDL nâng cao,3,Nhóm 04,Công nghệ thông tin,3.1,71,7.8,81.0,23,83.4,82,7.5,7.5,0
SV20210544,IT4030,Phát triển ứng dụng Web,4,Nhóm 04,Công nghệ thông tin,3.1,71,8.6,94.0,12,93.4,75,8.4,6.6,0
SV20210544,MA2010,Xác suất thống kê ứng dụng,3,Nhóm 04,Công nghệ thông tin,3.1,71,6.6,83.1,11,93.1,79,4.8,6.6,0
SV20210545,IT4010,Học máy & Khai phá dữ liệu,3,Nhóm 01,Kỹ thuật dữ liệu,2.2,56,6.3,75.6,9,80.6,61,3.9,5.4,0
SV20210545,IT4020,Hệ quản trị CSDL nâng cao,3,Nhóm 01,Kỹ thuật dữ liệu,2.2,56,5.7,80.4,1,71.5,67,3.6,6.3,0
SV20210545,IT4030,Phát triển ứng dụng Web,4,Nhóm 01,Kỹ thuật dữ liệu,2.2,56,6.9,76.5,4,76.5,62,6.6,5.2,0
SV20210545,MA2010,Xác suất thống kê ứng dụng,3,Nhóm 01,Kỹ thuật dữ liệu,2.2,56,6.6,70.1,8,60.0,63,2.9,5.6,0
SV20210546,IT4010,Học máy & Khai phá dữ liệu,3,Nhóm 02,Công nghệ thông tin,3.4,119,9.0,92.6,19,89.4,82,9.3,6.6,0
SV20210546,IT4020,Hệ quản trị CSDL nâng cao,3,Nhóm 02,Công nghệ thông tin,3.4,119,9.3,98.7,15,91.2,74,10.1,6.9,0
SV20210546,IT4030,Phát triển ứng dụng Web,4,Nhóm 02,Công nghệ thông tin,3.4,119,10.0,87.2,20,84.5,86,9.5,8.5,0
SV20210546,MA2010,Xác suất thống kê ứng dụng,3,Nhóm 02,Công nghệ thông tin,3.4,119,10.0,100.0,19,100.0,88,9.1,8.1,0
SV20210547,IT4010,Học máy & Khai phá dữ liệu,3,Nhóm 03,Kỹ thuật dữ liệu,3.4,86,7.8,86.8,7,97.2,78,6.9,8.4,0
SV20210547,IT4020,Hệ quản trị CSDL nâng cao,3,Nhóm 03,Kỹ thuật dữ liệu,3.4,86,7.6,82.8,8,100.0,79,9.3,8.5,0
SV20210547,IT4030,Phát triển ứng dụng Web,4,Nhóm 03,Kỹ thuật dữ liệu,3.4,86,9.0,85.5,9,85.3,77,10.8,7.1,0
SV20210547,MA2010,Xác suất thống kê ứng dụng,3,Nhóm 03,Kỹ thuật dữ liệu,3.4,86,8.1,92.1,14,90.9,78,9.4,6.8,0
SV20210548,IT4010,Học máy & Khai phá dữ liệu,3,Nhóm 04,Công nghệ thông tin,2.3,78,6.3,80.3,13,88.6,73,2.0,5.0,0
SV20210548,IT4020,Hệ quản trị CSDL nâng cao,3,Nhóm 04,Công nghệ thông tin,2.3,78,6.8,86.5,1,100.0,69,4.7,5.3,0
SV20210548,IT4030,Phát triển ứng dụng Web,4,Nhóm 04,Công nghệ thông tin,2.3,78,6.8,86.9,9,73.9,84,5.4,8.5,0
SV20210548,MA2010,Xác suất thống kê ứng dụng,3,Nhóm 04,Công nghệ thông tin,2.3,78,5.3,78.7,10,59.5,78,0.7,4.7,1
SV20210549,IT4010,Học máy & Khai phá dữ liệu,3,Nhóm 01,Công nghệ thông tin,2.3,65,5.3,50.6,12,73.3,65,8.1,8.0,0
SV20210549,IT4020,Hệ quản trị CSDL nâng cao,3,Nhóm 01,Công nghệ thông tin,2.3,65,7.2,82.6,17,87.8,69,3.3,7.7,0
SV20210549,IT4030,Phát triển ứng dụng Web,4,Nhóm 01,Công nghệ thông tin,2.3,65,6.6,72.7,7,91.0,72,4.6,6.4,0
SV20210549,MA2010,Xác suất thống kê ứng dụng,3,Nhóm 01,Công nghệ thông tin,2.3,65,5.6,57.7,1,60.8,79,5.1,5.8,0
SV20210550,IT4010,Học máy & Khai phá dữ liệu,3,Nhóm 02,Kỹ thuật dữ liệu,3.2,93,7.7,79.3,14,100.0,80,6.7,7.0,0
SV20210550,IT4020,Hệ quản trị CSDL nâng cao,3,Nhóm 02,Kỹ thuật dữ liệu,3.2,93,9.5,81.7,12,100.0,100,9.6,9.5,0
SV20210550,IT4030,Phát triển ứng dụng Web,4,Nhóm 02,Kỹ thuật dữ liệu,3.2,93,8.0,82.4,16,96.9,90,6.3,7.1,0
SV20210550,MA2010,Xác suất thống kê ứng dụng,3,Nhóm 02,Kỹ thuật dữ liệu,3.2,93,8.0,86.2,8,73.3,83,8.1,7.2,0
SV20210551,IT4010,Học máy & Khai phá dữ liệu,3,Nhóm 03,Công nghệ thông tin,2.7,73,5.8,85.0,5,88.7,72,7.8,6.3,0
SV20210551,IT4020,Hệ quản trị CSDL nâng cao,3,Nhóm 03,Công nghệ thông tin,2.7,73,7.0,67.9,16,82.4,69,3.6,3.9,1
SV20210551,IT4030,Phát triển ứng dụng Web,4,Nhóm 03,Công nghệ thông tin,2.7,73,7.0,77.3,10,85.8,74,3.3,6.8,0
SV20210551,MA2010,Xác suất thống kê ứng dụng,3,Nhóm 03,Công nghệ thông tin,2.7,73,6.7,68.8,12,78.4,70,4.2,5.1,0
SV20210552,IT4010,Học máy & Khai phá dữ liệu,3,Nhóm 04,Kinh tế số,3.1,91,10.0,87.2,1,90.1,76,5.4,8.2,0
SV20210552,IT4020,Hệ quản trị CSDL nâng cao,3,Nhóm 04,Kinh tế số,3.1,91,6.9,74.8,5,90.5,88,9.6,6.8,0
SV20210552,IT4030,Phát triển ứng dụng Web,4,Nhóm 04,Kinh tế số,3.1,91,8.3,100.0,7,77.2,71,4.6,8.9,0
SV20210552,MA2010,Xác suất thống kê ứng dụng,3,Nhóm 04,Kinh tế số,3.1,91,6.8,76.5,16,75.6,73,10.2,6.1,0
SV20210553,IT4010,Học máy & Khai phá dữ liệu,3,Nhóm 01,Công nghệ thông tin,3.0,75,9.1,94.6,10,82.6,79,6.3,5.3,0
SV20210553,IT4020,Hệ quản trị CSDL nâng cao,3,Nhóm 01,Công nghệ thông tin,3.0,75,8.3,100.0,15,86.0,79,7.9,7.0,0
SV20210553,IT4030,Phát triển ứng dụng Web,4,Nhóm 01,Công nghệ thông tin,3.0,75,8.1,90.2,10,100.0,76,10.4,9.8,0
SV20210553,MA2010,Xác suất thống kê ứng dụng,3,Nhóm 01,Công nghệ thông tin,3.0,75,6.9,93.9,15,70.6,87,8.5,6.8,0
SV20210554,IT4010,Học máy & Khai phá dữ liệu,3,Nhóm 02,Công nghệ thông tin,2.6,94,6.5,84.0,1,80.2,62,4.4,4.4,1
SV20210554,IT4020,Hệ quản trị CSDL nâng cao,3,Nhóm 02,Công nghệ thông tin,2.6,94,7.0,99.7,5,92.0,73,4.6,6.1,0
SV20210554,IT4030,Phát triển ứng dụng Web,4,Nhóm 02,Công nghệ thông tin,2.6,94,8.5,81.8,7,75.5,63,8.6,8.0,0
SV20210554,MA2010,Xác suất thống kê ứng dụng,3,Nhóm 02,Công nghệ thông tin,2.6,94,6.8,59.6,8,53.7,67,7.0,9.0,0
SV20210555,IT4010,Học máy & Khai phá dữ liệu,3,Nhóm 03,Công nghệ thông tin,2.6,79,6.6,76.9,5,85.5,74,8.9,6.4,0
SV20210555,IT4020,Hệ quản trị CSDL nâng cao,3,Nhóm 03,Công nghệ thông tin,2.6,79,7.6,85.4,11,65.4,74,7.9,6.2,0
SV20210555,IT4030,Phát triển ứng dụng Web,4,Nhóm 03,Công nghệ thông tin,2.6,79,7.4,75.1,1,100.0,70,8.5,6.1,0
SV20210555,MA2010,Xác suất thống kê ứng dụng,3,Nhóm 03,Công nghệ thông tin,2.6,79,7.5,78.7,10,81.6,82,7.8,5.4,0
SV20210556,IT4010,Học máy & Khai phá dữ liệu,3,Nhóm 04,Kinh tế số,2.7,89,6.5,72.9,15,77.6,61,6.5,6.0,0
SV20210556,IT4020,Hệ quản trị CSDL nâng cao,3,Nhóm 04,Kinh tế số,2.7,89,5.7,87.5,14,76.2,75,6.0,5.7,0
SV20210556,IT4030,Phát triển ứng dụng Web,4,Nhóm 04,Kinh tế số,2.7,89,7.3,74.5,9,93.5,60,2.6,6.8,0
SV20210556,MA2010,Xác suất thống kê ứng dụng,3,Nhóm 04,Kinh tế số,2.7,89,7.8,82.8,12,82.0,65,7.0,4.4,1
SV20210557,IT4010,Học máy & Khai phá dữ liệu,3,Nhóm 01,Kinh tế số,2.5,67,7.9,90.8,1,79.9,61,9.2,8.4,0
SV20210557,IT4020,Hệ quản trị CSDL nâng cao,3,Nhóm 01,Kinh tế số,2.5,67,6.1,88.6,8,96.3,69,4.9,5.9,0
SV20210557,IT4030,Phát triển ứng dụng Web,4,Nhóm 01,Kinh tế số,2.5,67,7.2,78.7,4,89.6,80,4.6,5.9,0
SV20210557,MA2010,Xác suất thống kê ứng dụng,3,Nhóm 01,Kinh tế số,2.5,67,8.5,92.2,3,84.0,86,5.0,6.5,0
SV20210558,IT4010,Học máy & Khai phá dữ liệu,3,Nhóm 02,Công nghệ thông tin,2.7,95,6.7,83.2,14,77.5,73,5.2,5.6,0
SV20210558,IT4020,Hệ quản trị CSDL nâng cao,3,Nhóm 02,Công nghệ thông tin,2.7,95,6.6,62.0,8,99.0,75,5.8,5.3,0
SV20210558,IT4030,Phát triển ứng dụng Web,4,Nhóm 02,Công nghệ thông tin,2.7,95,8.5,86.1,13,86.4,88,6.0,8.1,0
SV20210558,MA2010,Xác suất thống kê ứng dụng,3,Nhóm 02,Công nghệ thông tin,2.7,95,8.4,88.2,5,100.0,88,8.8,7.4,0
SV20210559,IT4010,Học máy & Khai phá dữ liệu,3,Nhóm 03,Công nghệ thông tin,3.4,103,9.2,80.4,16,100.0,70,7.4,10.0,0
SV20210559,IT4020,Hệ quản trị CSDL nâng cao,3,Nhóm 03,Công nghệ thông tin,3.4,103,6.9,79.7,13,85.6,89,7.8,5.9,0
SV20210559,IT4030,Phát triển ứng dụng Web,4,Nhóm 03,Công nghệ thông tin,3.4,103,7.9,93.8,8,88.8,91,7.9,6.5,0
SV20210559,MA2010,Xác suất thống kê ứng dụng,3,Nhóm 03,Công nghệ thông tin,3.4,103,8.1,87.8,12,93.7,79,10.7,8.3,0
SV20210560,IT4010,Học máy & Khai phá dữ liệu,3,Nhóm 04,Kỹ thuật dữ liệu,3.3,114,9.0,96.4,19,85.4,82,8.7,7.9,0
SV20210560,IT4020,Hệ quản trị CSDL nâng cao,3,Nhóm 04,Kỹ thuật dữ liệu,3.3,114,9.5,100.0,17,84.0,87,8.3,6.6,0
SV20210560,IT4030,Phát triển ứng dụng Web,4,Nhóm 04,Kỹ thuật dữ liệu,3.3,114,9.4,93.2,16,91.1,83,9.3,9.0,0
SV20210560,MA2010,Xác suất thống kê ứng dụng,3,Nhóm 04,Kỹ thuật dữ liệu,3.3,114,9.7,87.6,24,100.0,83,11.1,6.8,0
SV20210561,IT4010,Học máy & Khai phá dữ liệu,3,Nhóm 01,Công nghệ thông tin,2.1,71,7.0,70.9,7,73.0,57,2.9,7.2,0
SV20210561,IT4020,Hệ quản trị CSDL nâng cao,3,Nhóm 01,Công nghệ thông tin,2.1,71,4.3,82.7,4,92.9,73,0.0,4.1,1
SV20210561,IT4030,Phát triển ứng dụng Web,4,Nhóm 01,Công nghệ thông tin,2.1,71,6.1,73.0,12,67.6,52,0.2,4.3,1
SV20210561,MA2010,Xác suất thống kê ứng dụng,3,Nhóm 01,Công nghệ thông tin,2.1,71,5.2,89.0,3,88.6,70,4.1,7.2,0
SV20210562,IT4010,Học máy & Khai phá dữ liệu,3,Nhóm 02,Công nghệ thông tin,2.2,56,6.9,73.2,4,90.9,75,4.9,6.5,0
SV20210562,IT4020,Hệ quản trị CSDL nâng cao,3,Nhóm 02,Công nghệ thông tin,2.2,56,6.1,69.3,9,79.0,50,5.4,5.8,0
SV20210562,IT4030,Phát triển ứng dụng Web,4,Nhóm 02,Công nghệ thông tin,2.2,56,6.7,67.9,14,73.0,68,7.3,7.0,0
SV20210562,MA2010,Xác suất thống kê ứng dụng,3,Nhóm 02,Công nghệ thông tin,2.2,56,6.0,81.4,5,62.4,72,7.2,5.9,0
SV20210563,IT4010,Học máy & Khai phá dữ liệu,3,Nhóm 03,Công nghệ thông tin,2.1,42,7.0,80.4,10,94.3,52,4.9,6.0,0
SV20210563,IT4020,Hệ quản trị CSDL nâng cao,3,Nhóm 03,Công nghệ thông tin,2.1,42,6.4,75.5,7,67.7,62,3.4,3.7,1
SV20210563,IT4030,Phát triển ứng dụng Web,4,Nhóm 03,Công nghệ thông tin,2.1,42,7.9,78.5,3,85.0,73,4.0,8.1,0
SV20210563,MA2010,Xác suất thống kê ứng dụng,3,Nhóm 03,Công nghệ thông tin,2.1,42,6.0,76.9,6,78.2,66,4.0,6.3,0
SV20210564,IT4010,Học máy & Khai phá dữ liệu,3,Nhóm 04,Kỹ thuật dữ liệu,2.4,57,6.6,78.3,8,70.0,68,6.2,5.4,0
SV20210564,IT4020,Hệ quản trị CSDL nâng cao,3,Nhóm 04,Kỹ thuật dữ liệu,2.4,57,6.2,72.5,6,83.6,70,4.3,5.3,0
SV20210564,IT4030,Phát triển ứng dụng Web,4,Nhóm 04,Kỹ thuật dữ liệu,2.4,57,6.2,76.4,11,73.1,63,2.1,6.8,0
SV20210564,MA2010,Xác suất thống kê ứng dụng,3,Nhóm 04,Kỹ thuật dữ liệu,2.4,57,5.5,70.0,11,71.3,67,8.0,5.9,0
SV20210565,IT4010,Học máy & Khai phá dữ liệu,3,Nhóm 01,Kinh tế số,2.9,85,6.7,79.1,13,83.4,62,7.3,5.4,0
SV20210565,IT4020,Hệ quản trị CSDL nâng cao,3,Nhóm 01,Kinh tế số,2.9,85,7.6,86.2,14,83.2,87,8.7,7.8,0
SV20210565,IT4030,Phát triển ứng dụng Web,4,Nhóm 01,Kinh tế số,2.9,85,8.4,84.8,11,100.0,68,4.2,6.6,0
SV20210565,MA2010,Xác suất thống kê ứng dụng,3,Nhóm 01,Kinh tế số,2.9,85,7.0,93.0,13,68.2,72,7.7,5.2,0
SV20210566,IT4010,Học máy & Khai phá dữ liệu,3,Nhóm 02,Kỹ thuật dữ liệu,2.3,58,6.0,76.8,2,90.4,66,5.3,8.2,0
SV20210566,IT4020,Hệ quản trị CSDL nâng cao,3,Nhóm 02,Kỹ thuật dữ liệu,2.3,58,5.3,76.8,4,61.5,58,1.8,3.8,1
SV20210566,IT4030,Phát triển ứng dụng Web,4,Nhóm 02,Kỹ thuật dữ liệu,2.3,58,6.5,83.5,5,85.6,64,4.5,7.6,0
SV20210566,MA2010,Xác suất thống kê ứng dụng,3,Nhóm 02,Kỹ thuật dữ liệu,2.3,58,6.2,81.1,6,87.5,80,2.2,7.1,0
SV20210567,IT4010,Học máy & Khai phá dữ liệu,3,Nhóm 03,Công nghệ thông tin,2.0,71,7.0,75.0,5,84.1,50,4.8,4.3,1
SV20210567,IT4020,Hệ quản trị CSDL nâng cao,3,Nhóm 03,Công nghệ thông tin,2.0,71,6.6,88.7,4,72.1,53,3.8,6.2,0
SV20210567,IT4030,Phát triển ứng dụng Web,4,Nhóm 03,Công nghệ thông tin,2.0,71,7.9,88.9,9,69.3,63,2.4,8.5,0
SV20210567,MA2010,Xác suất thống kê ứng dụng,3,Nhóm 03,Công nghệ thông tin,2.0,71,5.0,77.5,1,75.1,66,2.9,7.4,0
SV20210568,IT4010,Học máy & Khai phá dữ liệu,3,Nhóm 04,Kinh tế số,2.3,70,5.8,81.1,13,68.1,79,5.5,5.6,0
SV20210568,IT4020,Hệ quản trị CSDL nâng cao,3,Nhóm 04,Kinh tế số,2.3,70,6.5,72.0,6,72.3,51,5.6,5.7,0
SV20210568,IT4030,Phát triển ứng dụng Web,4,Nhóm 04,Kinh tế số,2.3,70,6.2,80.7,3,90.6,74,2.3,6.7,0
SV20210568,MA2010,Xác suất thống kê ứng dụng,3,Nhóm 04,Kinh tế số,2.3,70,4.9,62.9,9,57.1,71,4.5,4.8,1
SV20210569,IT4010,Học máy & Khai phá dữ liệu,3,Nhóm 01,Kinh tế số,3.4,112,8.8,91.8,9,84.6,85,5.5,7.3,0
SV20210569,IT4020,Hệ quản trị CSDL nâng cao,3,Nhóm 01,Kinh tế số,3.4,112,8.9,91.3,8,89.1,84,9.4,7.1,0
SV20210569,IT4030,Phát triển ứng dụng Web,4,Nhóm 01,Kinh tế số,3.4,112,9.2,85.8,20,79.6,70,8.8,7.7,0
SV20210569,MA2010,Xác suất thống kê ứng dụng,3,Nhóm 01,Kinh tế số,3.4,112,9.3,92.6,8,93.4,79,8.3,8.1,0
SV20210570,IT4010,Học máy & Khai phá dữ liệu,3,Nhóm 02,Kinh tế số,3.0,118,9.3,96.7,14,85.1,77,7.3,9.4,0
SV20210570,IT4020,Hệ quản trị CSDL nâng cao,3,Nhóm 02,Kinh tế số,3.0,118,8.2,90.1,14,82.0,74,9.4,7.7,0
SV20210570,IT4030,Phát triển ứng dụng Web,4,Nhóm 02,Kinh tế số,3.0,118,9.0,90.9,16,98.3,100,8.2,8.3,0
SV20210570,MA2010,Xác suất thống kê ứng dụng,3,Nhóm 02,Kinh tế số,3.0,118,8.6,84.0,13,100.0,83,8.5,8.8,0
SV20210571,IT4010,Học máy & Khai phá dữ liệu,3,Nhóm 03,Kinh tế số,3.7,85,9.9,91.7,25,90.7,77,6.1,9.2,0
SV20210571,IT4020,Hệ quản trị CSDL nâng cao,3,Nhóm 03,Kinh tế số,3.7,85,7.0,94.0,11,91.2,73,10.1,6.1,0
SV20210571,IT4030,Phát triển ứng dụng Web,4,Nhóm 03,Kinh tế số,3.7,85,9.1,78.1,15,91.0,93,11.3,7.9,0
SV20210571,MA2010,Xác suất thống kê ứng dụng,3,Nhóm 03,Kinh tế số,3.7,85,7.6,97.2,15,100.0,76,8.0,6.1,0
SV20210572,IT4010,Học máy & Khai phá dữ liệu,3,Nhóm 04,Kỹ thuật dữ liệu,2.7,95,8.6,81.0,13,70.3,88,6.9,7.3,0
SV20210572,IT4020,Hệ quản trị CSDL nâng cao,3,Nhóm 04,Kỹ thuật dữ liệu,2.7,95,6.5,87.3,8,96.2,92,8.6,5.1,0
SV20210572,IT4030,Phát triển ứng dụng Web,4,Nhóm 04,Kỹ thuật dữ liệu,2.7,95,7.6,80.5,1,83.8,85,4.3,7.7,0
SV20210572,MA2010,Xác suất thống kê ứng dụng,3,Nhóm 04,Kỹ thuật dữ liệu,2.7,95,6.9,100.0,18,81.7,78,4.4,7.1,0
SV20210573,IT4010,Học máy & Khai phá dữ liệu,3,Nhóm 01,Công nghệ thông tin,2.7,68,6.7,87.7,9,75.8,67,5.5,7.3,0
SV20210573,IT4020,Hệ quản trị CSDL nâng cao,3,Nhóm 01,Công nghệ thông tin,2.7,68,7.3,94.8,15,60.3,80,6.5,5.2,0
SV20210573,IT4030,Phát triển ứng dụng Web,4,Nhóm 01,Công nghệ thông tin,2.7,68,8.0,88.6,11,82.0,80,5.7,7.8,0
SV20210573,MA2010,Xác suất thống kê ứng dụng,3,Nhóm 01,Công nghệ thông tin,2.7,68,9.4,84.8,9,89.8,84,7.4,6.9,0
SV20210574,IT4010,Học máy & Khai phá dữ liệu,3,Nhóm 02,Công nghệ thông tin,2.9,85,6.9,92.2,4,86.2,75,5.0,5.9,0
SV20210574,IT4020,Hệ quản trị CSDL nâng cao,3,Nhóm 02,Công nghệ thông tin,2.9,85,6.9,86.8,13,87.3,62,7.4,5.6,0
SV20210574,IT4030,Phát triển ứng dụng Web,4,Nhóm 02,Công nghệ thông tin,2.9,85,7.4,85.7,13,68.8,75,7.0,5.1,0
SV20210574,MA2010,Xác suất thống kê ứng dụng,3,Nhóm 02,Công nghệ thông tin,2.9,85,8.1,79.9,10,88.6,78,5.6,6.2,0
SV20210575,IT4010,Học máy & Khai phá dữ liệu,3,Nhóm 03,Công nghệ thông tin,2.3,66,6.6,64.2,5,75.3,72,10.1,4.3,1
SV20210575,IT4020,Hệ quản trị CSDL nâng cao,3,Nhóm 03,Công nghệ thông tin,2.3,66,6.7,77.7,13,72.0,74,2.4,5.5,0
SV20210575,IT4030,Phát triển ứng dụng Web,4,Nhóm 03,Công nghệ thông tin,2.3,66,7.2,74.0,2,68.1,50,5.0,6.2,0
SV20210575,MA2010,Xác suất thống kê ứng dụng,3,Nhóm 03,Công nghệ thông tin,2.3,66,6.4,86.6,1,83.0,80,2.0,6.9,0
SV20210576,IT4010,Học máy & Khai phá dữ liệu,3,Nhóm 04,Kỹ thuật dữ liệu,2.2,60,7.7,77.5,6,77.7,54,4.8,7.3,0
SV20210576,IT4020,Hệ quản trị CSDL nâng cao,3,Nhóm 04,Kỹ thuật dữ liệu,2.2,60,6.3,57.2,7,58.7,78,7.4,6.0,0
SV20210576,IT4030,Phát triển ứng dụng Web,4,Nhóm 04,Kỹ thuật dữ liệu,2.2,60,6.7,69.8,8,66.8,71,4.0,7.3,0
SV20210576,MA2010,Xác suất thống kê ứng dụng,3,Nhóm 04,Kỹ thuật dữ liệu,2.2,60,5.6,79.6,8,80.1,73,4.0,4.6,1
SV20210577,IT4010,Học máy & Khai phá dữ liệu,3,Nhóm 01,Công nghệ thông tin,3.6,108,8.4,96.0,17,89.5,94,7.8,7.2,0
SV20210577,IT4020,Hệ quản trị CSDL nâng cao,3,Nhóm 01,Công nghệ thông tin,3.6,108,9.7,100.0,11,92.2,94,9.4,8.0,0
SV20210577,IT4030,Phát triển ứng dụng Web,4,Nhóm 01,Công nghệ thông tin,3.6,108,8.9,92.3,17,100.0,90,10.6,10.0,0
SV20210577,MA2010,Xác suất thống kê ứng dụng,3,Nhóm 01,Công nghệ thông tin,3.6,108,9.1,100.0,16,97.0,74,9.9,7.4,0
SV20210578,IT4010,Học máy & Khai phá dữ liệu,3,Nhóm 02,Công nghệ thông tin,3.7,103,9.9,97.4,20,100.0,81,8.2,10.0,0
SV20210578,IT4020,Hệ quản trị CSDL nâng cao,3,Nhóm 02,Công nghệ thông tin,3.7,103,9.9,100.0,21,100.0,83,9.3,9.0,0
SV20210578,IT4030,Phát triển ứng dụng Web,4,Nhóm 02,Công nghệ thông tin,3.7,103,10.0,93.3,17,88.1,85,9.6,10.0,0
SV20210578,MA2010,Xác suất thống kê ứng dụng,3,Nhóm 02,Công nghệ thông tin,3.7,103,9.2,87.6,9,97.2,90,9.9,7.7,0
SV20210579,IT4010,Học máy & Khai phá dữ liệu,3,Nhóm 03,Kinh tế số,2.3,56,7.3,80.5,15,76.5,85,6.8,8.5,0
SV20210579,IT4020,Hệ quản trị CSDL nâng cao,3,Nhóm 03,Kinh tế số,2.3,56,7.3,90.0,9,83.6,70,4.7,6.9,0
SV20210579,IT4030,Phát triển ứng dụng Web,4,Nhóm 03,Kinh tế số,2.3,56,7.0,82.6,17,78.3,55,6.3,6.4,0
SV20210579,MA2010,Xác suất thống kê ứng dụng,3,Nhóm 03,Kinh tế số,2.3,56,6.9,91.5,10,84.3,59,7.8,7.0,0
SV20210580,IT4010,Học máy & Khai phá dữ liệu,3,Nhóm 04,Công nghệ thông tin,2.7,83,7.0,83.7,9,75.5,64,6.8,6.7,0
SV20210580,IT4020,Hệ quản trị CSDL nâng cao,3,Nhóm 04,Công nghệ thông tin,2.7,83,7.4,91.2,12,87.0,79,9.4,6.5,0
SV20210580,IT4030,Phát triển ứng dụng Web,4,Nhóm 04,Công nghệ thông tin,2.7,83,5.9,68.1,5,88.0,74,7.3,7.1,0
SV20210580,MA2010,Xác suất thống kê ứng dụng,3,Nhóm 04,Công nghệ thông tin,2.7,83,6.7,80.0,11,71.5,74,5.9,6.1,0
SV20210581,IT4010,Học máy & Khai phá dữ liệu,3,Nhóm 01,Công nghệ thông tin,2.3,63,4.6,66.3,1,66.3,72,0.1,4.1,1
SV20210581,IT4020,Hệ quản trị CSDL nâng cao,3,Nhóm 01,Công nghệ thông tin,2.3,63,5.4,69.1,7,82.2,78,5.4,3.8,1
SV20210581,IT4030,Phát triển ứng dụng Web,4,Nhóm 01,Công nghệ thông tin,2.3,63,6.0,68.8,6,77.8,61,4.7,6.6,0
SV20210581,MA2010,Xác suất thống kê ứng dụng,3,Nhóm 01,Công nghệ thông tin,2.3,63,5.7,65.5,4,84.1,61,6.1,7.0,0
SV20210582,IT4010,Học máy & Khai phá dữ liệu,3,Nhóm 02,Công nghệ thông tin,3.2,78,8.7,94.9,10,93.6,86,5.6,7.5,0
SV20210582,IT4020,Hệ quản trị CSDL nâng cao,3,Nhóm 02,Công nghệ thông tin,3.2,78,7.9,73.1,9,60.0,78,7.2,6.5,0
SV20210582,IT4030,Phát triển ứng dụng Web,4,Nhóm 02,Công nghệ thông tin,3.2,78,7.3,74.2,20,61.7,90,3.6,8.0,0
SV20210582,MA2010,Xác suất thống kê ứng dụng,3,Nhóm 02,Công nghệ thông tin,3.2,78,7.3,77.6,13,95.2,82,7.2,6.3,0
SV20210583,IT4010,Học máy & Khai phá dữ liệu,3,Nhóm 03,Kỹ thuật dữ liệu,2.0,43,6.0,76.5,13,96.8,69,4.7,7.6,0
SV20210583,IT4020,Hệ quản trị CSDL nâng cao,3,Nhóm 03,Kỹ thuật dữ liệu,2.0,43,5.1,80.3,4,66.9,74,3.6,3.7,1
SV20210583,IT4030,Phát triển ứng dụng Web,4,Nhóm 03,Kỹ thuật dữ liệu,2.0,43,6.5,78.6,10,68.7,70,4.1,6.7,0
SV20210583,MA2010,Xác suất thống kê ứng dụng,3,Nhóm 03,Kỹ thuật dữ liệu,2.0,43,4.6,71.8,5,60.4,71,4.5,4.1,1
SV20210584,IT4010,Học máy & Khai phá dữ liệu,3,Nhóm 04,Công nghệ thông tin,2.9,85,6.6,80.9,12,100.0,66,6.5,6.7,0
SV20210584,IT4020,Hệ quản trị CSDL nâng cao,3,Nhóm 04,Công nghệ thông tin,2.9,85,7.4,80.2,10,80.6,79,10.5,7.2,0
SV20210584,IT4030,Phát triển ứng dụng Web,4,Nhóm 04,Công nghệ thông tin,2.9,85,8.5,81.5,6,86.3,78,9.5,7.3,0
SV20210584,MA2010,Xác suất thống kê ứng dụng,3,Nhóm 04,Công nghệ thông tin,2.9,85,7.5,94.3,13,89.8,77,8.6,6.6,0
SV20210585,IT4010,Học máy & Khai phá dữ liệu,3,Nhóm 01,Công nghệ thông tin,3.5,106,9.5,85.4,17,98.4,99,10.3,9.3,0
SV20210585,IT4020,Hệ quản trị CSDL nâng cao,3,Nhóm 01,Công nghệ thông tin,3.5,106,9.7,81.0,17,90.9,79,9.9,6.4,0
SV20210585,IT4030,Phát triển ứng dụng Web,4,Nhóm 01,Công nghệ thông tin,3.5,106,9.9,98.3,25,100.0,97,8.0,7.3,0
SV20210585,MA2010,Xác suất thống kê ứng dụng,3,Nhóm 01,Công nghệ thông tin,3.5,106,9.6,100.0,22,100.0,100,7.2,9.7,0
SV20210586,IT4010,Học máy & Khai phá dữ liệu,3,Nhóm 02,Công nghệ thông tin,3.3,101,10.0,93.3,9,100.0,87,6.6,7.8,0
SV20210586,IT4020,Hệ quản trị CSDL nâng cao,3,Nhóm 02,Công nghệ thông tin,3.3,101,8.3,93.5,20,93.4,89,10.2,7.3,0
SV20210586,IT4030,Phát triển ứng dụng Web,4,Nhóm 02,Công nghệ thông tin,3.3,101,8.3,92.3,14,97.8,76,9.8,9.7,0
SV20210586,MA2010,Xác suất thống kê ứng dụng,3,Nhóm 02,Công nghệ thông tin,3.3,101,10.0,100.0,11,100.0,84,7.8,7.7,0
SV20210587,IT4010,Học máy & Khai phá dữ liệu,3,Nhóm 03,Công nghệ thông tin,2.3,90,6.6,87.6,5,68.1,72,6.4,6.1,0
SV20210587,IT4020,Hệ quản trị CSDL nâng cao,3,Nhóm 03,Công nghệ thông tin,2.3,90,5.1,62.7,3,73.5,80,3.3,4.4,1
SV20210587,IT4030,Phát triển ứng dụng Web,4,Nhóm 03,Công nghệ thông tin,2.3,90,5.4,70.1,9,69.3,63,4.3,4.6,1
SV20210587,MA2010,Xác suất thống kê ứng dụng,3,Nhóm 03,Công nghệ thông tin,2.3,90,6.3,88.4,10,60.6,61,4.4,5.5,0
SV20210588,IT4010,Học máy & Khai phá dữ liệu,3,Nhóm 04,Công nghệ thông tin,2.9,46,7.5,90.3,5,90.2,74,2.8,5.0,0
SV20210588,IT4020,Hệ quản trị CSDL nâng cao,3,Nhóm 04,Công nghệ thông tin,2.9,46,6.9,78.3,15,75.6,70,6.7,6.3,0
SV20210588,IT4030,Phát triển ứng dụng Web,4,Nhóm 04,Công nghệ thông tin,2.9,46,8.3,93.1,9,73.6,58,7.3,7.8,0
SV20210588,MA2010,Xác suất thống kê ứng dụng,3,Nhóm 04,Công nghệ thông tin,2.9,46,8.0,87.6,14,84.3,59,7.4,7.4,0
SV20210589,IT4010,Học máy & Khai phá dữ liệu,3,Nhóm 01,Kỹ thuật dữ liệu,2.9,119,9.5,94.8,16,94.2,76,8.6,8.4,0
SV20210589,IT4020,Hệ quản trị CSDL nâng cao,3,Nhóm 01,Kỹ thuật dữ liệu,2.9,119,7.8,100.0,17,91.3,66,10.1,5.8,0
SV20210589,IT4030,Phát triển ứng dụng Web,4,Nhóm 01,Kỹ thuật dữ liệu,2.9,119,10.0,100.0,7,84.8,84,7.6,9.7,0
SV20210589,MA2010,Xác suất thống kê ứng dụng,3,Nhóm 01,Kỹ thuật dữ liệu,2.9,119,7.7,90.0,17,100.0,95,7.4,8.8,0
SV20210590,IT4010,Học máy & Khai phá dữ liệu,3,Nhóm 02,Công nghệ thông tin,2.1,28,5.1,73.2,10,71.0,85,6.4,6.2,0
SV20210590,IT4020,Hệ quản trị CSDL nâng cao,3,Nhóm 02,Công nghệ thông tin,2.1,28,6.7,100.0,5,55.5,70,0.0,6.6,0
SV20210590,IT4030,Phát triển ứng dụng Web,4,Nhóm 02,Công nghệ thông tin,2.1,28,6.7,76.5,5,73.6,71,4.7,5.4,0
SV20210590,MA2010,Xác suất thống kê ứng dụng,3,Nhóm 02,Công nghệ thông tin,2.1,28,6.3,71.9,8,70.6,69,4.7,6.5,0
SV20210591,IT4010,Học máy & Khai phá dữ liệu,3,Nhóm 03,Công nghệ thông tin,2.6,111,7.5,77.0,10,81.2,81,6.9,5.8,0
SV20210591,IT4020,Hệ quản trị CSDL nâng cao,3,Nhóm 03,Công nghệ thông tin,2.6,111,8.7,95.3,11,90.9,64,6.3,7.7,0
SV20210591,IT4030,Phát triển ứng dụng Web,4,Nhóm 03,Công nghệ thông tin,2.6,111,8.5,92.9,10,87.2,78,9.3,9.4,0
SV20210591,MA2010,Xác suất thống kê ứng dụng,3,Nhóm 03,Công nghệ thông tin,2.6,111,7.4,85.0,15,91.3,83,7.0,6.5,0
SV20210592,IT4010,Học máy & Khai phá dữ liệu,3,Nhóm 04,Công nghệ thông tin,3.1,108,9.2,98.0,5,92.6,71,8.3,7.7,0
SV20210592,IT4020,Hệ quản trị CSDL nâng cao,3,Nhóm 04,Công nghệ thông tin,3.1,108,8.6,88.2,10,100.0,79,8.3,6.5,0
SV20210592,IT4030,Phát triển ứng dụng Web,4,Nhóm 04,Công nghệ thông tin,3.1,108,9.3,95.5,8,82.6,73,10.4,8.6,0
SV20210592,MA2010,Xác suất thống kê ứng dụng,3,Nhóm 04,Công nghệ thông tin,3.1,108,7.8,94.2,15,89.6,95,4.6,7.1,0
SV20210593,IT4010,Học máy & Khai phá dữ liệu,3,Nhóm 01,Công nghệ thông tin,2.3,58,6.6,79.4,11,81.6,72,9.2,5.9,0
SV20210593,IT4020,Hệ quản trị CSDL nâng cao,3,Nhóm 01,Công nghệ thông tin,2.3,58,6.9,86.3,10,63.8,70,8.9,5.4,0
SV20210593,IT4030,Phát triển ứng dụng Web,4,Nhóm 01,Công nghệ thông tin,2.3,58,5.4,55.5,11,79.5,76,4.4,4.0,1
SV20210593,MA2010,Xác suất thống kê ứng dụng,3,Nhóm 01,Công nghệ thông tin,2.3,58,8.1,75.8,10,80.1,71,5.8,6.6,0
SV20210594,IT4010,Học máy & Khai phá dữ liệu,3,Nhóm 02,Công nghệ thông tin,2.7,78,7.7,83.5,8,93.0,71,8.8,6.4,0
SV20210594,IT4020,Hệ quản trị CSDL nâng cao,3,Nhóm 02,Công nghệ thông tin,2.7,78,7.6,92.6,9,87.9,82,8.3,5.1,0
SV20210594,IT4030,Phát triển ứng dụng Web,4,Nhóm 02,Công nghệ thông tin,2.7,78,9.6,93.5,9,91.5,81,4.9,8.5,0
SV20210594,MA2010,Xác suất thống kê ứng dụng,3,Nhóm 02,Công nghệ thông tin,2.7,78,8.8,73.7,12,85.0,75,6.4,8.3,0
SV20210595,IT4010,Học máy & Khai phá dữ liệu,3,Nhóm 03,Kỹ thuật dữ liệu,2.3,86,6.1,75.5,17,78.9,73,1.7,5.8,0
SV20210595,IT4020,Hệ quản trị CSDL nâng cao,3,Nhóm 03,Kỹ thuật dữ liệu,2.3,86,5.5,75.0,8,69.6,73,4.8,6.4,0
SV20210595,IT4030,Phát triển ứng dụng Web,4,Nhóm 03,Kỹ thuật dữ liệu,2.3,86,7.0,77.5,6,86.2,65,8.2,8.3,0
SV20210595,MA2010,Xác suất thống kê ứng dụng,3,Nhóm 03,Kỹ thuật dữ liệu,2.3,86,5.7,73.5,4,80.4,64,4.7,5.2,0
SV20210596,IT4010,Học máy & Khai phá dữ liệu,3,Nhóm 04,Công nghệ thông tin,2.5,73,7.6,77.5,10,99.8,79,5.0,6.7,0
SV20210596,IT4020,Hệ quản trị CSDL nâng cao,3,Nhóm 04,Công nghệ thông tin,2.5,73,6.5,82.2,13,77.1,76,8.3,6.7,0
SV20210596,IT4030,Phát triển ứng dụng Web,4,Nhóm 04,Công nghệ thông tin,2.5,73,7.5,85.3,5,76.0,78,6.6,8.0,0
SV20210596,MA2010,Xác suất thống kê ứng dụng,3,Nhóm 04,Công nghệ thông tin,2.5,73,7.7,76.6,1,71.7,69,1.6,6.5,0
SV20210597,IT4010,Học máy & Khai phá dữ liệu,3,Nhóm 01,Công nghệ thông tin,3.0,84,8.0,86.6,10,78.9,93,8.3,7.1,0
SV20210597,IT4020,Hệ quản trị CSDL nâng cao,3,Nhóm 01,Công nghệ thông tin,3.0,84,7.8,94.3,11,78.4,80,5.3,8.6,0
SV20210597,IT4030,Phát triển ứng dụng Web,4,Nhóm 01,Công nghệ thông tin,3.0,84,9.0,80.3,16,100.0,73,7.4,8.4,0
SV20210597,MA2010,Xác suất thống kê ứng dụng,3,Nhóm 01,Công nghệ thông tin,3.0,84,7.8,80.4,12,70.8,69,7.5,8.2,0
SV20210598,IT4010,Học máy & Khai phá dữ liệu,3,Nhóm 02,Công nghệ thông tin,3.0,103,7.7,90.9,14,94.2,87,5.4,6.8,0
SV20210598,IT4020,Hệ quản trị CSDL nâng cao,3,Nhóm 02,Công nghệ thông tin,3.0,103,8.3,95.2,13,93.9,67,7.6,7.4,0
SV20210598,IT4030,Phát triển ứng dụng Web,4,Nhóm 02,Công nghệ thông tin,3.0,103,8.7,89.4,11,89.7,77,6.9,9.1,0
SV20210598,MA2010,Xác suất thống kê ứng dụng,3,Nhóm 02,Công nghệ thông tin,3.0,103,9.3,100.0,7,90.4,77,8.6,5.9,0
SV20210599,IT4010,Học máy & Khai phá dữ liệu,3,Nhóm 03,Kỹ thuật dữ liệu,2.8,90,6.8,89.9,15,100.0,71,10.4,8.6,0
SV20210599,IT4020,Hệ quản trị CSDL nâng cao,3,Nhóm 03,Kỹ thuật dữ liệu,2.8,90,7.6,87.5,11,97.5,78,6.3,7.2,0
SV20210599,IT4030,Phát triển ứng dụng Web,4,Nhóm 03,Kỹ thuật dữ liệu,2.8,90,7.7,70.8,10,82.7,91,7.5,10.0,0
SV20210599,MA2010,Xác suất thống kê ứng dụng,3,Nhóm 03,Kỹ thuật dữ liệu,2.8,90,7.1,79.4,17,75.4,90,5.9,5.9,0
SV20210600,IT4010,Học máy & Khai phá dữ liệu,3,Nhóm 04,Kinh tế số,1.7,54,5.1,64.6,4,64.9,61,4.3,6.7,0
SV20210600,IT4020,Hệ quản trị CSDL nâng cao,3,Nhóm 04,Kinh tế số,1.7,54,3.1,59.5,9,67.9,64,2.8,3.9,1
SV20210600,IT4030,Phát triển ứng dụng Web,4,Nhóm 04,Kinh tế số,1.7,54,5.4,80.8,7,61.1,67,4.3,4.7,1
SV20210600,MA2010,Xác suất thống kê ứng dụng,3,Nhóm 04,Kinh tế số,1.7,54,4.2,75.1,5,71.3,51,0.2,4.5,1
SV20210601,IT4010,Học máy & Khai phá dữ liệu,3,Nhóm 01,Công nghệ thông tin,2.7,84,7.2,80.3,16,68.0,78,5.5,6.2,0
SV20210601,IT4020,Hệ quản trị CSDL nâng cao,3,Nhóm 01,Công nghệ thông tin,2.7,84,6.2,90.1,15,100.0,60,10.7,4.6,1
SV20210601,IT4030,Phát triển ứng dụng Web,4,Nhóm 01,Công nghệ thông tin,2.7,84,7.2,88.7,10,90.9,83,9.1,8.7,0
SV20210601,MA2010,Xác suất thống kê ứng dụng,3,Nhóm 01,Công nghệ thông tin,2.7,84,7.6,76.9,8,76.8,76,7.5,7.6,0
SV20210602,IT4010,Học máy & Khai phá dữ liệu,3,Nhóm 02,Kinh tế số,2.8,53,6.8,85.7,15,74.3,75,4.7,5.2,0
SV20210602,IT4020,Hệ quản trị CSDL nâng cao,3,Nhóm 02,Kinh tế số,2.8,53,6.8,81.2,6,77.4,66,5.0,5.8,0
SV20210602,IT4030,Phát triển ứng dụng Web,4,Nhóm 02,Kinh tế số,2.8,53,7.0,67.3,13,90.6,77,8.0,7.5,0
SV20210602,MA2010,Xác suất thống kê ứng dụng,3,Nhóm 02,Kinh tế số,2.8,53,7.8,84.4,12,70.3,90,5.5,6.8,0
SV20210603,IT4010,Học máy & Khai phá dữ liệu,3,Nhóm 03,Công nghệ thông tin,2.8,76,6.4,72.5,8,67.4,76,4.9,6.5,0
SV20210603,IT4020,Hệ quản trị CSDL nâng cao,3,Nhóm 03,Công nghệ thông tin,2.8,76,5.5,77.0,8,76.4,76,4.2,6.1,0
SV20210603,IT4030,Phát triển ứng dụng Web,4,Nhóm 03,Công nghệ thông tin,2.8,76,7.3,68.9,16,91.8,73,3.7,7.8,0
SV20210603,MA2010,Xác suất thống kê ứng dụng,3,Nhóm 03,Công nghệ thông tin,2.8,76,8.3,77.8,7,74.4,62,4.6,6.0,0
SV20210604,IT4010,Học máy & Khai phá dữ liệu,3,Nhóm 04,Công nghệ thông tin,3.1,88,8.0,100.0,10,100.0,83,6.4,8.2,0
SV20210604,IT4020,Hệ quản trị CSDL nâng cao,3,Nhóm 04,Công nghệ thông tin,3.1,88,8.4,82.2,17,83.4,81,7.7,7.4,0
SV20210604,IT4030,Phát triển ứng dụng Web,4,Nhóm 04,Công nghệ thông tin,3.1,88,8.7,91.0,10,94.0,78,8.0,8.7,0
SV20210604,MA2010,Xác suất thống kê ứng dụng,3,Nhóm 04,Công nghệ thông tin,3.1,88,8.3,93.9,14,80.4,91,8.0,7.8,0
SV20210605,IT4010,Học máy & Khai phá dữ liệu,3,Nhóm 01,Công nghệ thông tin,2.7,80,6.5,96.5,7,91.9,70,6.8,6.8,0
SV20210605,IT4020,Hệ quản trị CSDL nâng cao,3,Nhóm 01,Công nghệ thông tin,2.7,80,5.9,65.5,5,67.5,71,6.5,3.8,1
SV20210605,IT4030,Phát triển ứng dụng Web,4,Nhóm 01,Công nghệ thông tin,2.7,80,8.1,84.6,13,84.4,71,5.3,7.8,0
SV20210605,MA2010,Xác suất thống kê ứng dụng,3,Nhóm 01,Công nghệ thông tin,2.7,80,8.0,91.9,10,84.5,75,2.2,8.1,0
SV20210606,IT4010,Học máy & Khai phá dữ liệu,3,Nhóm 02,Công nghệ thông tin,2.7,90,8.7,82.6,4,83.1,71,3.7,9.3,0
SV20210606,IT4020,Hệ quản trị CSDL nâng cao,3,Nhóm 02,Công nghệ thông tin,2.7,90,6.8,82.7,13,85.4,71,5.3,5.8,0
SV20210606,IT4030,Phát triển ứng dụng Web,4,Nhóm 02,Công nghệ thông tin,2.7,90,6.7,89.6,13,91.7,79,7.4,5.1,0
SV20210606,MA2010,Xác suất thống kê ứng dụng,3,Nhóm 02,Công nghệ thông tin,2.7,90,9.0,89.6,4,90.8,80,6.1,7.6,0
SV20210607,IT4010,Học máy & Khai phá dữ liệu,3,Nhóm 03,Công nghệ thông tin,2.6,82,7.0,74.2,8,78.4,80,7.0,5.3,0
SV20210607,IT4020,Hệ quản trị CSDL nâng cao,3,Nhóm 03,Công nghệ thông tin,2.6,82,7.1,81.8,13,98.0,78,7.9,6.6,0
SV20210607,IT4030,Phát triển ứng dụng Web,4,Nhóm 03,Công nghệ thông tin,2.6,82,7.2,77.5,11,72.4,86,2.5,5.8,0
SV20210607,MA2010,Xác suất thống kê ứng dụng,3,Nhóm 03,Công nghệ thông tin,2.6,82,6.9,79.6,3,85.7,65,5.9,8.0,0
SV20210608,IT4010,Học máy & Khai phá dữ liệu,3,Nhóm 04,Kinh tế số,2.3,51,5.4,60.2,9,67.2,68,7.1,5.8,0
SV20210608,IT4020,Hệ quản trị CSDL nâng cao,3,Nhóm 04,Kinh tế số,2.3,51,5.9,67.3,2,68.3,62,6.0,5.3,0
SV20210608,IT4030,Phát triển ứng dụng Web,4,Nhóm 04,Kinh tế số,2.3,51,6.9,82.4,13,71.2,76,8.2,7.1,0
SV20210608,MA2010,Xác suất thống kê ứng dụng,3,Nhóm 04,Kinh tế số,2.3,51,7.0,64.0,7,68.8,69,5.6,5.9,0
SV20210609,IT4010,Học máy & Khai phá dữ liệu,3,Nhóm 01,Công nghệ thông tin,2.4,98,8.5,71.4,9,89.9,64,10.7,7.6,0
SV20210609,IT4020,Hệ quản trị CSDL nâng cao,3,Nhóm 01,Công nghệ thông tin,2.4,98,7.0,88.5,6,81.5,67,6.8,7.5,0
SV20210609,IT4030,Phát triển ứng dụng Web,4,Nhóm 01,Công nghệ thông tin,2.4,98,9.2,100.0,13,89.7,61,8.2,8.9,0
SV20210609,MA2010,Xác suất thống kê ứng dụng,3,Nhóm 01,Công nghệ thông tin,2.4,98,7.1,91.6,6,73.6,78,8.1,6.9,0
SV20210610,IT4010,Học máy & Khai phá dữ liệu,3,Nhóm 02,Kỹ thuật dữ liệu,2.7,56,7.2,70.8,6,82.3,64,4.6,6.5,0
SV20210610,IT4020,Hệ quản trị CSDL nâng cao,3,Nhóm 02,Kỹ thuật dữ liệu,2.7,56,6.3,97.0,7,69.0,68,6.2,5.4,0
SV20210610,IT4030,Phát triển ứng dụng Web,4,Nhóm 02,Kỹ thuật dữ liệu,2.7,56,7.0,85.9,6,69.3,72,5.8,5.2,0
SV20210610,MA2010,Xác suất thống kê ứng dụng,3,Nhóm 02,Kỹ thuật dữ liệu,2.7,56,6.9,73.3,11,86.0,69,4.6,6.3,0
SV20210611,IT4010,Học máy & Khai phá dữ liệu,3,Nhóm 03,Công nghệ thông tin,3.4,107,9.1,96.2,11,86.1,83,8.3,8.7,0
SV20210611,IT4020,Hệ quản trị CSDL nâng cao,3,Nhóm 03,Công nghệ thông tin,3.4,107,7.4,100.0,14,81.6,81,6.5,9.2,0
SV20210611,IT4030,Phát triển ứng dụng Web,4,Nhóm 03,Công nghệ thông tin,3.4,107,9.1,94.6,15,70.9,68,6.1,8.9,0
SV20210611,MA2010,Xác suất thống kê ứng dụng,3,Nhóm 03,Công nghệ thông tin,3.4,107,7.4,96.9,15,72.0,67,7.2,8.2,0
SV20210612,IT4010,Học máy & Khai phá dữ liệu,3,Nhóm 04,Công nghệ thông tin,1.6,69,5.5,60.7,9,70.2,56,6.6,5.4,0
SV20210612,IT4020,Hệ quản trị CSDL nâng cao,3,Nhóm 04,Công nghệ thông tin,1.6,69,6.5,86.5,3,81.4,78,3.5,5.0,0
SV20210612,IT4030,Phát triển ứng dụng Web,4,Nhóm 04,Công nghệ thông tin,1.6,69,6.1,67.3,12,75.8,61,4.7,6.5,0
SV20210612,MA2010,Xác suất thống kê ứng dụng,3,Nhóm 04,Công nghệ thông tin,1.6,69,5.0,80.2,8,71.4,74,6.0,4.6,1
SV20210613,IT4010,Học máy & Khai phá dữ liệu,3,Nhóm 01,Kinh tế số,2.8,62,8.3,77.9,15,83.4,77,9.0,8.1,0
SV20210613,IT4020,Hệ quản trị CSDL nâng cao,3,Nhóm 01,Kinh tế số,2.8,62,8.3,93.8,13,100.0,62,8.4,7.6,0
SV20210613,IT4030,Phát triển ứng dụng Web,4,Nhóm 01,Kinh tế số,2.8,62,8.7,92.6,16,87.0,72,11.6,7.4,0
SV20210613,MA2010,Xác suất thống kê ứng dụng,3,Nhóm 01,Kinh tế số,2.8,62,8.3,78.2,11,95.8,79,7.8,6.8,0
SV20210614,IT4010,Học máy & Khai phá dữ liệu,3,Nhóm 02,Công nghệ thông tin,2.9,78,7.9,61.7,13,86.1,80,7.1,6.9,0
SV20210614,IT4020,Hệ quản trị CSDL nâng cao,3,Nhóm 02,Công nghệ thông tin,2.9,78,7.4,81.2,17,84.3,69,5.8,4.0,1
SV20210614,IT4030,Phát triển ứng dụng Web,4,Nhóm 02,Công nghệ thông tin,2.9,78,7.0,90.6,13,72.2,72,10.6,6.8,0
SV20210614,MA2010,Xác suất thống kê ứng dụng,3,Nhóm 02,Công nghệ thông tin,2.9,78,8.9,94.9,10,75.3,75,4.1,7.0,0
SV20210615,IT4010,Học máy & Khai phá dữ liệu,3,Nhóm 03,Công nghệ thông tin,3.7,111,10.0,77.0,17,88.3,90,7.9,6.3,0
SV20210615,IT4020,Hệ quản trị CSDL nâng cao,3,Nhóm 03,Công nghệ thông tin,3.7,111,9.8,85.8,16,91.2,83,10.0,8.3,0
SV20210615,IT4030,Phát triển ứng dụng Web,4,Nhóm 03,Công nghệ thông tin,3.7,111,9.3,95.8,23,87.0,97,10.2,9.6,0
SV20210615,MA2010,Xác suất thống kê ứng dụng,3,Nhóm 03,Công nghệ thông tin,3.7,111,10.0,88.5,18,100.0,83,9.5,8.3,0
SV20210616,IT4010,Học máy & Khai phá dữ liệu,3,Nhóm 04,Kinh tế số,2.6,56,7.0,89.7,12,70.0,76,7.9,6.5,0
SV20210616,IT4020,Hệ quản trị CSDL nâng cao,3,Nhóm 04,Kinh tế số,2.6,56,7.8,83.7,10,93.1,59,7.8,6.6,0
SV20210616,IT4030,Phát triển ứng dụng Web,4,Nhóm 04,Kinh tế số,2.6,56,8.0,81.8,9,74.9,82,5.8,7.2,0
SV20210616,MA2010,Xác suất thống kê ứng dụng,3,Nhóm 04,Kinh tế số,2.6,56,6.1,63.5,6,76.9,59,5.2,5.1,0
SV20210617,IT4010,Học máy & Khai phá dữ liệu,3,Nhóm 01,Kỹ thuật dữ liệu,3.1,76,8.5,75.4,5,87.6,76,5.2,6.9,0
SV20210617,IT4020,Hệ quản trị CSDL nâng cao,3,Nhóm 01,Kỹ thuật dữ liệu,3.1,76,8.1,87.7,8,88.4,77,6.2,6.4,0
SV20210617,IT4030,Phát triển ứng dụng Web,4,Nhóm 01,Kỹ thuật dữ liệu,3.1,76,8.7,90.7,14,89.1,76,8.9,6.9,0
SV20210617,MA2010,Xác suất thống kê ứng dụng,3,Nhóm 01,Kỹ thuật dữ liệu,3.1,76,7.7,91.2,8,83.8,85,9.6,6.8,0
SV20210618,IT4010,Học máy & Khai phá dữ liệu,3,Nhóm 02,Công nghệ thông tin,2.4,59,7.0,79.7,7,82.3,87,7.3,7.8,0
SV20210618,IT4020,Hệ quản trị CSDL nâng cao,3,Nhóm 02,Công nghệ thông tin,2.4,59,6.2,79.3,12,71.6,69,4.0,4.8,1
SV20210618,IT4030,Phát triển ứng dụng Web,4,Nhóm 02,Công nghệ thông tin,2.4,59,7.0,83.3,14,73.0,70,1.6,6.2,0
SV20210618,MA2010,Xác suất thống kê ứng dụng,3,Nhóm 02,Công nghệ thông tin,2.4,59,6.0,96.6,8,100.0,75,6.8,5.5,0
SV20210619,IT4010,Học máy & Khai phá dữ liệu,3,Nhóm 03,Công nghệ thông tin,1.8,49,4.3,63.0,12,69.6,71,6.3,5.5,0
SV20210619,IT4020,Hệ quản trị CSDL nâng cao,3,Nhóm 03,Công nghệ thông tin,1.8,49,6.3,83.8,7,87.1,58,4.0,3.4,1
SV20210619,IT4030,Phát triển ứng dụng Web,4,Nhóm 03,Công nghệ thông tin,1.8,49,6.6,67.6,1,57.3,50,3.1,7.8,0
SV20210619,MA2010,Xác suất thống kê ứng dụng,3,Nhóm 03,Công nghệ thông tin,1.8,49,6.1,81.3,1,69.0,65,5.0,6.4,0
SV20210620,IT4010,Học máy & Khai phá dữ liệu,3,Nhóm 04,Công nghệ thông tin,1.9,46,5.5,88.2,8,81.9,72,3.6,4.6,1
SV20210620,IT4020,Hệ quản trị CSDL nâng cao,3,Nhóm 04,Công nghệ thông tin,1.9,46,6.5,77.1,13,78.9,70,6.5,5.0,0
SV20210620,IT4030,Phát triển ứng dụng Web,4,Nhóm 04,Công nghệ thông tin,1.9,46,6.0,70.2,3,85.2,77,6.9,6.4,0
SV20210620,MA2010,Xác suất thống kê ứng dụng,3,Nhóm 04,Công nghệ thông tin,1.9,46,7.0,69.3,4,75.0,65,4.1,6.8,0
SV20210621,IT4010,Học máy & Khai phá dữ liệu,3,Nhóm 01,Kinh tế số,2.8,63,5.8,77.7,11,79.3,72,4.5,5.7,0
SV20210621,IT4020,Hệ quản trị CSDL nâng cao,3,Nhóm 01,Kinh tế số,2.8,63,5.6,71.3,11,84.0,70,6.5,5.5,0
SV20210621,IT4030,Phát triển ứng dụng Web,4,Nhóm 01,Kinh tế số,2.8,63,6.9,75.4,9,90.7,82,3.6,6.0,0
SV20210621,MA2010,Xác suất thống kê ứng dụng,3,Nhóm 01,Kinh tế số,2.8,63,6.7,86.5,11,64.6,56,6.6,6.4,0
SV20210622,IT4010,Học máy & Khai phá dữ liệu,3,Nhóm 02,Kinh tế số,2.0,49,5.8,83.0,1,75.5,59,3.6,5.7,0
SV20210622,IT4020,Hệ quản trị CSDL nâng cao,3,Nhóm 02,Kinh tế số,2.0,49,5.1,68.9,5,81.2,67,6.4,5.8,0
SV20210622,IT4030,Phát triển ứng dụng Web,4,Nhóm 02,Kinh tế số,2.0,49,5.5,57.7,9,70.5,85,2.0,4.5,1
SV20210622,MA2010,Xác suất thống kê ứng dụng,3,Nhóm 02,Kinh tế số,2.0,49,5.5,78.4,9,83.9,81,0.6,5.3,0
SV20210623,IT4010,Học máy & Khai phá dữ liệu,3,Nhóm 03,Công nghệ thông tin,3.1,101,9.0,91.5,18,99.1,68,8.1,5.7,0
SV20210623,IT4020,Hệ quản trị CSDL nâng cao,3,Nhóm 03,Công nghệ thông tin,3.1,101,7.5,81.2,18,100.0,85,8.0,5.9,0
SV20210623,IT4030,Phát triển ứng dụng Web,4,Nhóm 03,Công nghệ thông tin,3.1,101,8.7,85.3,13,86.8,87,6.2,8.3,0
SV20210623,MA2010,Xác suất thống kê ứng dụng,3,Nhóm 03,Công nghệ thông tin,3.1,101,8.6,100.0,13,85.7,82,12.0,7.4,0
SV20210624,IT4010,Học máy & Khai phá dữ liệu,3,Nhóm 04,Công nghệ thông tin,2.8,74,8.0,90.1,14,96.6,78,7.5,8.6,0
SV20210624,IT4020,Hệ quản trị CSDL nâng cao,3,Nhóm 04,Công nghệ thông tin,2.8,74,8.4,75.5,15,100.0,75,8.1,6.4,0
SV20210624,IT4030,Phát triển ứng dụng Web,4,Nhóm 04,Công nghệ thông tin,2.8,74,8.8,87.8,14,90.7,70,9.7,8.2,0
SV20210624,MA2010,Xác suất thống kê ứng dụng,3,Nhóm 04,Công nghệ thông tin,2.8,74,8.1,94.4,12,79.4,72,9.8,7.3,0
SV20210625,IT4010,Học máy & Khai phá dữ liệu,3,Nhóm 01,Kinh tế số,3.2,87,9.9,96.2,20,81.3,73,8.4,7.2,0
SV20210625,IT4020,Hệ quản trị CSDL nâng cao,3,Nhóm 01,Kinh tế số,3.2,87,8.7,97.7,8,82.6,78,6.9,6.8,0
SV20210625,IT4030,Phát triển ứng dụng Web,4,Nhóm 01,Kinh tế số,3.2,87,7.7,91.0,14,76.8,88,11.5,8.0,0
SV20210625,MA2010,Xác suất thống kê ứng dụng,3,Nhóm 01,Kinh tế số,3.2,87,7.2,84.9,10,100.0,91,10.1,7.9,0
SV20210626,IT4010,Học máy & Khai phá dữ liệu,3,Nhóm 02,Công nghệ thông tin,2.6,61,7.2,77.3,10,93.8,65,4.8,7.7,0
SV20210626,IT4020,Hệ quản trị CSDL nâng cao,3,Nhóm 02,Công nghệ thông tin,2.6,61,7.2,93.2,6,76.6,68,6.0,5.4,0
SV20210626,IT4030,Phát triển ứng dụng Web,4,Nhóm 02,Công nghệ thông tin,2.6,61,7.8,83.4,4,90.9,64,5.8,8.8,0
SV20210626,MA2010,Xác suất thống kê ứng dụng,3,Nhóm 02,Công nghệ thông tin,2.6,61,8.0,92.8,11,87.3,82,4.0,7.8,0
SV20210627,IT4010,Học máy & Khai phá dữ liệu,3,Nhóm 03,Kinh tế số,2.2,49,7.8,72.0,12,75.1,74,6.5,3.1,1
SV20210627,IT4020,Hệ quản trị CSDL nâng cao,3,Nhóm 03,Kinh tế số,2.2,49,6.2,83.9,4,92.5,77,3.0,2.9,1
SV20210627,IT4030,Phát triển ứng dụng Web,4,Nhóm 03,Kinh tế số,2.2,49,5.4,71.4,7,89.2,69,2.9,6.1,0
SV20210627,MA2010,Xác suất thống kê ứng dụng,3,Nhóm 03,Kinh tế số,2.2,49,5.3,60.1,3,62.1,73,9.1,4.7,1
SV20210628,IT4010,Học máy & Khai phá dữ liệu,3,Nhóm 04,Kỹ thuật dữ liệu,3.5,113,9.9,97.4,9,73.2,75,9.9,9.2,0
SV20210628,IT4020,Hệ quản trị CSDL nâng cao,3,Nhóm 04,Kỹ thuật dữ liệu,3.5,113,10.0,96.0,16,100.0,75,6.4,7.6,0
SV20210628,IT4030,Phát triển ứng dụng Web,4,Nhóm 04,Kỹ thuật dữ liệu,3.5,113,8.8,100.0,14,90.8,82,8.3,7.3,0
SV20210628,MA2010,Xác suất thống kê ứng dụng,3,Nhóm 04,Kỹ thuật dữ liệu,3.5,113,8.2,89.5,12,98.7,78,8.1,6.7,0
SV20210629,IT4010,Học máy & Khai phá dữ liệu,3,Nhóm 01,Kỹ thuật dữ liệu,2.0,46,6.4,74.0,1,73.1,77,2.4,4.9,1
SV20210629,IT4020,Hệ quản trị CSDL nâng cao,3,Nhóm 01,Kỹ thuật dữ liệu,2.0,46,5.4,77.1,15,75.7,63,7.8,5.0,0
SV20210629,IT4030,Phát triển ứng dụng Web,4,Nhóm 01,Kỹ thuật dữ liệu,2.0,46,7.1,75.6,11,67.6,67,5.1,6.4,0
SV20210629,MA2010,Xác suất thống kê ứng dụng,3,Nhóm 01,Kỹ thuật dữ liệu,2.0,46,5.8,75.4,10,82.0,70,5.5,4.9,1
SV20210630,IT4010,Học máy & Khai phá dữ liệu,3,Nhóm 02,Công nghệ thông tin,2.4,52,6.6,80.5,10,76.6,72,5.9,7.3,0
SV20210630,IT4020,Hệ quản trị CSDL nâng cao,3,Nhóm 02,Công nghệ thông tin,2.4,52,6.8,69.2,8,75.3,66,3.9,5.6,0
SV20210630,IT4030,Phát triển ứng dụng Web,4,Nhóm 02,Công nghệ thông tin,2.4,52,5.9,72.4,7,86.0,74,1.4,7.7,0
SV20210630,MA2010,Xác suất thống kê ứng dụng,3,Nhóm 02,Công nghệ thông tin,2.4,52,5.6,83.9,6,65.0,80,7.6,4.5,1
SV20210631,IT4010,Học máy & Khai phá dữ liệu,3,Nhóm 03,Kỹ thuật dữ liệu,2.1,73,5.8,76.0,15,82.9,67,7.7,6.3,0
SV20210631,IT4020,Hệ quản trị CSDL nâng cao,3,Nhóm 03,Kỹ thuật dữ liệu,2.1,73,8.1,84.5,5,89.6,59,8.2,7.8,0
SV20210631,IT4030,Phát triển ứng dụng Web,4,Nhóm 03,Kỹ thuật dữ liệu,2.1,73,7.4,83.8,7,78.7,78,5.6,5.9,0
SV20210631,MA2010,Xác suất thống kê ứng dụng,3,Nhóm 03,Kỹ thuật dữ liệu,2.1,73,7.2,87.2,9,90.3,86,5.4,6.2,0
SV20210632,IT4010,Học máy & Khai phá dữ liệu,3,Nhóm 04,Công nghệ thông tin,3.4,124,9.6,74.1,10,92.7,86,8.5,8.3,0
SV20210632,IT4020,Hệ quản trị CSDL nâng cao,3,Nhóm 04,Công nghệ thông tin,3.4,124,8.4,78.8,12,92.1,97,9.1,7.1,0
SV20210632,IT4030,Phát triển ứng dụng Web,4,Nhóm 04,Công nghệ thông tin,3.4,124,9.8,100.0,8,100.0,66,7.2,9.1,0
SV20210632,MA2010,Xác suất thống kê ứng dụng,3,Nhóm 04,Công nghệ thông tin,3.4,124,8.5,100.0,17,100.0,98,7.2,8.0,0
SV20210633,IT4010,Học máy & Khai phá dữ liệu,3,Nhóm 01,Kinh tế số,4.0,118,9.6,100.0,19,72.3,90,12.7,10.0,0
SV20210633,IT4020,Hệ quản trị CSDL nâng cao,3,Nhóm 01,Kinh tế số,4.0,118,8.9,93.2,22,100.0,91,11.6,5.5,0
SV20210633,IT4030,Phát triển ứng dụng Web,4,Nhóm 01,Kinh tế số,4.0,118,9.6,95.0,18,85.7,82,10.2,6.9,0
SV20210633,MA2010,Xác suất thống kê ứng dụng,3,Nhóm 01,Kinh tế số,4.0,118,10.0,90.8,18,100.0,81,9.7,8.1,0
SV20210634,IT4010,Học máy & Khai phá dữ liệu,3,Nhóm 02,Kinh tế số,3.4,111,8.9,86.4,19,85.3,90,7.8,8.2,0
SV20210634,IT4020,Hệ quản trị CSDL nâng cao,3,Nhóm 02,Kinh tế số,3.4,111,10.0,96.5,22,93.2,82,7.1,9.5,0
SV20210634,IT4030,Phát triển ứng dụng Web,4,Nhóm 02,Kinh tế số,3.4,111,9.2,79.4,10,100.0,97,6.5,8.4,0
SV20210634,MA2010,Xác suất thống kê ứng dụng,3,Nhóm 02,Kinh tế số,3.4,111,9.3,85.5,19,100.0,77,6.9,8.1,0
SV20210635,IT4010,Học máy & Khai phá dữ liệu,3,Nhóm 03,Kinh tế số,2.8,74,7.4,84.3,11,84.6,80,8.8,7.5,0
SV20210635,IT4020,Hệ quản trị CSDL nâng cao,3,Nhóm 03,Kinh tế số,2.8,74,9.1,88.7,4,96.8,82,6.7,6.8,0
SV20210635,IT4030,Phát triển ứng dụng Web,4,Nhóm 03,Kinh tế số,2.8,74,8.8,98.8,21,100.0,86,4.8,7.7,0
SV20210635,MA2010,Xác suất thống kê ứng dụng,3,Nhóm 03,Kinh tế số,2.8,74,8.9,100.0,8,92.5,83,7.8,9.2,0
SV20210636,IT4010,Học máy & Khai phá dữ liệu,3,Nhóm 04,Công nghệ thông tin,3.0,98,7.6,75.3,11,77.3,78,7.4,6.5,0
SV20210636,IT4020,Hệ quản trị CSDL nâng cao,3,Nhóm 04,Công nghệ thông tin,3.0,98,8.0,96.8,12,100.0,75,8.8,5.8,0
SV20210636,IT4030,Phát triển ứng dụng Web,4,Nhóm 04,Công nghệ thông tin,3.0,98,9.4,96.7,17,92.5,90,10.2,8.5,0
SV20210636,MA2010,Xác suất thống kê ứng dụng,3,Nhóm 04,Công nghệ thông tin,3.0,98,9.5,83.5,14,89.7,71,7.8,8.3,0
SV20210637,IT4010,Học máy & Khai phá dữ liệu,3,Nhóm 01,Kinh tế số,2.4,86,8.2,91.3,6,84.5,77,8.0,7.8,0
SV20210637,IT4020,Hệ quản trị CSDL nâng cao,3,Nhóm 01,Kinh tế số,2.4,86,6.5,90.1,15,74.1,76,6.0,6.4,0
SV20210637,IT4030,Phát triển ứng dụng Web,4,Nhóm 01,Kinh tế số,2.4,86,8.6,79.9,12,91.2,79,5.6,5.9,0
SV20210637,MA2010,Xác suất thống kê ứng dụng,3,Nhóm 01,Kinh tế số,2.4,86,8.5,83.9,7,95.8,68,9.3,7.0,0
SV20210638,IT4010,Học máy & Khai phá dữ liệu,3,Nhóm 02,Kinh tế số,2.4,59,7.6,78.5,7,77.1,75,4.8,6.5,0
SV20210638,IT4020,Hệ quản trị CSDL nâng cao,3,Nhóm 02,Kinh tế số,2.4,59,7.0,80.6,9,58.0,65,7.2,5.7,0
SV20210638,IT4030,Phát triển ứng dụng Web,4,Nhóm 02,Kinh tế số,2.4,59,5.9,66.4,9,100.0,58,5.0,5.7,0
SV20210638,MA2010,Xác suất thống kê ứng dụng,3,Nhóm 02,Kinh tế số,2.4,59,7.5,79.0,6,80.8,62,5.6,7.0,0
SV20210639,IT4010,Học máy & Khai phá dữ liệu,3,Nhóm 03,Kinh tế số,2.9,78,8.2,92.9,6,84.5,76,5.2,7.7,0
SV20210639,IT4020,Hệ quản trị CSDL nâng cao,3,Nhóm 03,Kinh tế số,2.9,78,7.1,97.2,11,82.0,59,8.6,7.0,0
SV20210639,IT4030,Phát triển ứng dụng Web,4,Nhóm 03,Kinh tế số,2.9,78,7.3,83.3,12,79.9,78,7.7,6.7,0
SV20210639,MA2010,Xác suất thống kê ứng dụng,3,Nhóm 03,Kinh tế số,2.9,78,7.6,79.9,15,91.1,77,6.3,6.9,0
SV20210640,IT4010,Học máy & Khai phá dữ liệu,3,Nhóm 04,Kỹ thuật dữ liệu,1.2,28,4.4,65.4,4,45.9,50,0.0,3.4,1
SV20210640,IT4020,Hệ quản trị CSDL nâng cao,3,Nhóm 04,Kỹ thuật dữ liệu,1.2,28,4.3,62.6,1,68.7,55,2.6,3.4,1
SV20210640,IT4030,Phát triển ứng dụng Web,4,Nhóm 04,Kỹ thuật dữ liệu,1.2,28,4.4,52.4,1,75.2,60,2.2,4.1,1
SV20210640,MA2010,Xác suất thống kê ứng dụng,3,Nhóm 04,Kỹ thuật dữ liệu,1.2,28,4.4,45.0,2,74.8,50,0.0,3.1,1
SV20210641,IT4010,Học máy & Khai phá dữ liệu,3,Nhóm 01,Công nghệ thông tin,3.0,98,8.3,99.9,11,89.3,66,9.7,6.9,0
SV20210641,IT4020,Hệ quản trị CSDL nâng cao,3,Nhóm 01,Công nghệ thông tin,3.0,98,7.7,80.7,12,83.6,91,11.2,7.3,0
SV20210641,IT4030,Phát triển ứng dụng Web,4,Nhóm 01,Công nghệ thông tin,3.0,98,8.6,90.3,11,95.9,73,8.1,7.6,0
SV20210641,MA2010,Xác suất thống kê ứng dụng,3,Nhóm 01,Công nghệ thông tin,3.0,98,8.5,100.0,15,95.5,78,9.3,5.9,0
SV20210642,IT4010,Học máy & Khai phá dữ liệu,3,Nhóm 02,Công nghệ thông tin,2.7,77,7.0,79.2,9,77.0,62,3.6,5.4,0
SV20210642,IT4020,Hệ quản trị CSDL nâng cao,3,Nhóm 02,Công nghệ thông tin,2.7,77,6.0,89.7,8,97.2,67,7.9,5.9,0
SV20210642,IT4030,Phát triển ứng dụng Web,4,Nhóm 02,Công nghệ thông tin,2.7,77,6.7,87.8,11,89.5,61,3.7,5.5,0
SV20210642,MA2010,Xác suất thống kê ứng dụng,3,Nhóm 02,Công nghệ thông tin,2.7,77,7.4,82.9,8,71.7,63,5.4,5.7,0
SV20210643,IT4010,Học máy & Khai phá dữ liệu,3,Nhóm 03,Công nghệ thông tin,3.0,86,7.4,84.2,12,100.0,82,5.2,5.0,0
SV20210643,IT4020,Hệ quản trị CSDL nâng cao,3,Nhóm 03,Công nghệ thông tin,3.0,86,7.2,87.1,9,90.8,76,6.2,5.9,0
SV20210643,IT4030,Phát triển ứng dụng Web,4,Nhóm 03,Công nghệ thông tin,3.0,86,8.7,92.5,11,87.1,68,6.2,8.7,0
SV20210643,MA2010,Xác suất thống kê ứng dụng,3,Nhóm 03,Công nghệ thông tin,3.0,86,8.5,100.0,10,100.0,67,8.1,9.7,0
SV20210644,IT4010,Học máy & Khai phá dữ liệu,3,Nhóm 04,Kinh tế số,2.3,58,6.5,71.8,6,76.6,78,6.6,4.7,1
SV20210644,IT4020,Hệ quản trị CSDL nâng cao,3,Nhóm 04,Kinh tế số,2.3,58,5.2,72.6,10,74.6,71,4.0,4.9,1
SV20210644,IT4030,Phát triển ứng dụng Web,4,Nhóm 04,Kinh tế số,2.3,58,7.6,67.9,12,94.7,72,4.4,5.3,0
SV20210644,MA2010,Xác suất thống kê ứng dụng,3,Nhóm 04,Kinh tế số,2.3,58,5.7,83.4,2,77.6,88,3.9,5.6,0
SV20210645,IT4010,Học máy & Khai phá dữ liệu,3,Nhóm 01,Kỹ thuật dữ liệu,3.3,117,9.6,98.1,16,100.0,94,6.7,9.2,0
SV20210645,IT4020,Hệ quản trị CSDL nâng cao,3,Nhóm 01,Kỹ thuật dữ liệu,3.3,117,8.8,97.2,11,90.8,97,10.1,8.1,0
SV20210645,IT4030,Phát triển ứng dụng Web,4,Nhóm 01,Kỹ thuật dữ liệu,3.3,117,9.8,96.0,11,89.7,88,8.4,8.7,0
SV20210645,MA2010,Xác suất thống kê ứng dụng,3,Nhóm 01,Kỹ thuật dữ liệu,3.3,117,7.9,94.5,15,84.0,85,9.7,7.1,0
SV20210646,IT4010,Học máy & Khai phá dữ liệu,3,Nhóm 02,Kinh tế số,2.8,83,7.2,74.1,12,61.5,76,9.6,5.0,0
SV20210646,IT4020,Hệ quản trị CSDL nâng cao,3,Nhóm 02,Kinh tế số,2.8,83,5.4,80.3,11,86.5,78,6.3,5.7,0
SV20210646,IT4030,Phát triển ứng dụng Web,4,Nhóm 02,Kinh tế số,2.8,83,8.4,88.7,11,91.6,62,6.9,8.7,0
SV20210646,MA2010,Xác suất thống kê ứng dụng,3,Nhóm 02,Kinh tế số,2.8,83,8.8,91.6,11,83.2,68,6.5,7.9,0
SV20210647,IT4010,Học máy & Khai phá dữ liệu,3,Nhóm 03,Công nghệ thông tin,2.1,85,6.4,79.7,9,77.9,69,5.8,5.2,0
SV20210647,IT4020,Hệ quản trị CSDL nâng cao,3,Nhóm 03,Công nghệ thông tin,2.1,85,6.4,76.1,16,91.2,80,3.8,4.4,1
SV20210647,IT4030,Phát triển ứng dụng Web,4,Nhóm 03,Công nghệ thông tin,2.1,85,6.9,74.8,11,89.1,65,4.7,4.9,1
SV20210647,MA2010,Xác suất thống kê ứng dụng,3,Nhóm 03,Công nghệ thông tin,2.1,85,6.4,76.3,5,86.7,65,5.3,7.5,0
SV20210648,IT4010,Học máy & Khai phá dữ liệu,3,Nhóm 04,Kinh tế số,2.7,90,5.3,83.0,14,64.8,80,7.5,5.6,0
SV20210648,IT4020,Hệ quản trị CSDL nâng cao,3,Nhóm 04,Kinh tế số,2.7,90,8.3,77.1,12,84.9,78,8.3,8.5,0
SV20210648,IT4030,Phát triển ứng dụng Web,4,Nhóm 04,Kinh tế số,2.7,90,8.4,85.7,12,80.1,71,4.8,5.7,0
SV20210648,MA2010,Xác suất thống kê ứng dụng,3,Nhóm 04,Kinh tế số,2.7,90,7.8,80.1,19,86.9,74,7.5,7.4,0
SV20210649,IT4010,Học máy & Khai phá dữ liệu,3,Nhóm 01,Công nghệ thông tin,3.3,97,7.7,80.3,14,100.0,86,9.1,7.6,0
SV20210649,IT4020,Hệ quản trị CSDL nâng cao,3,Nhóm 01,Công nghệ thông tin,3.3,97,8.1,100.0,12,86.7,79,3.8,7.9,0
SV20210649,IT4030,Phát triển ứng dụng Web,4,Nhóm 01,Công nghệ thông tin,3.3,97,9.4,79.7,4,73.0,72,4.8,6.2,0
SV20210649,MA2010,Xác suất thống kê ứng dụng,3,Nhóm 01,Công nghệ thông tin,3.3,97,8.5,75.7,14,90.2,85,5.0,4.6,1
SV20210650,IT4010,Học máy & Khai phá dữ liệu,3,Nhóm 02,Công nghệ thông tin,2.9,98,8.5,85.2,13,83.5,62,9.1,6.7,0
SV20210650,IT4020,Hệ quản trị CSDL nâng cao,3,Nhóm 02,Công nghệ thông tin,2.9,98,6.7,71.1,7,97.1,71,7.4,7.8,0
SV20210650,IT4030,Phát triển ứng dụng Web,4,Nhóm 02,Công nghệ thông tin,2.9,98,8.1,84.1,9,80.2,68,5.9,8.5,0
SV20210650,MA2010,Xác suất thống kê ứng dụng,3,Nhóm 02,Công nghệ thông tin,2.9,98,6.0,91.1,10,63.4,70,5.7,7.3,0
SV20210651,IT4010,Học máy & Khai phá dữ liệu,3,Nhóm 03,Kinh tế số,2.9,75,7.7,70.6,15,77.7,99,6.3,5.6,0
SV20210651,IT4020,Hệ quản trị CSDL nâng cao,3,Nhóm 03,Kinh tế số,2.9,75,7.6,89.9,11,77.9,83,6.3,6.9,0
SV20210651,IT4030,Phát triển ứng dụng Web,4,Nhóm 03,Kinh tế số,2.9,75,8.0,93.6,9,89.7,60,7.4,5.1,0
SV20210651,MA2010,Xác suất thống kê ứng dụng,3,Nhóm 03,Kinh tế số,2.9,75,8.1,90.3,12,93.1,67,5.8,8.6,0
SV20210652,IT4010,Học máy & Khai phá dữ liệu,3,Nhóm 04,Công nghệ thông tin,3.1,98,10.0,86.6,13,89.1,78,7.6,7.6,0
SV20210652,IT4020,Hệ quản trị CSDL nâng cao,3,Nhóm 04,Công nghệ thông tin,3.1,98,8.1,93.4,19,100.0,91,10.1,6.7,0
SV20210652,IT4030,Phát triển ứng dụng Web,4,Nhóm 04,Công nghệ thông tin,3.1,98,8.0,81.7,14,99.6,80,7.3,7.1,0
SV20210652,MA2010,Xác suất thống kê ứng dụng,3,Nhóm 04,Công nghệ thông tin,3.1,98,7.9,86.3,14,71.1,83,9.0,7.0,0
SV20210653,IT4010,Học máy & Khai phá dữ liệu,3,Nhóm 01,Công nghệ thông tin,1.7,45,5.0,79.8,7,67.3,59,4.3,4.7,1
SV20210653,IT4020,Hệ quản trị CSDL nâng cao,3,Nhóm 01,Công nghệ thông tin,1.7,45,5.0,62.5,12,73.9,66,1.1,4.4,1
SV20210653,IT4030,Phát triển ứng dụng Web,4,Nhóm 01,Công nghệ thông tin,1.7,45,5.3,68.9,9,81.4,51,3.7,4.8,1
SV20210653,MA2010,Xác suất thống kê ứng dụng,3,Nhóm 01,Công nghệ thông tin,1.7,45,3.7,52.4,2,53.5,69,3.5,4.9,1
SV20210654,IT4010,Học máy & Khai phá dữ liệu,3,Nhóm 02,Kỹ thuật dữ liệu,2.7,66,6.4,78.9,9,82.1,80,7.0,6.9,0
SV20210654,IT4020,Hệ quản trị CSDL nâng cao,3,Nhóm 02,Kỹ thuật dữ liệu,2.7,66,7.5,75.4,8,93.7,84,6.3,7.7,0
SV20210654,IT4030,Phát triển ứng dụng Web,4,Nhóm 02,Kỹ thuật dữ liệu,2.7,66,6.2,76.9,12,68.8,75,7.0,8.6,0
SV20210654,MA2010,Xác suất thống kê ứng dụng,3,Nhóm 02,Kỹ thuật dữ liệu,2.7,66,9.0,80.5,2,87.8,70,2.8,6.7,0
SV20210655,IT4010,Học máy & Khai phá dữ liệu,3,Nhóm 03,Kỹ thuật dữ liệu,2.4,48,5.5,64.4,8,88.2,72,2.2,5.3,0
SV20210655,IT4020,Hệ quản trị CSDL nâng cao,3,Nhóm 03,Kỹ thuật dữ liệu,2.4,48,4.7,62.2,8,67.8,74,4.1,3.7,1
SV20210655,IT4030,Phát triển ứng dụng Web,4,Nhóm 03,Kỹ thuật dữ liệu,2.4,48,6.8,85.0,6,91.1,70,1.2,5.2,0
SV20210655,MA2010,Xác suất thống kê ứng dụng,3,Nhóm 03,Kỹ thuật dữ liệu,2.4,48,5.2,80.7,10,100.0,60,3.1,5.6,0
SV20210656,IT4010,Học máy & Khai phá dữ liệu,3,Nhóm 04,Kỹ thuật dữ liệu,2.9,94,7.7,88.3,19,71.6,80,1.2,6.6,0
SV20210656,IT4020,Hệ quản trị CSDL nâng cao,3,Nhóm 04,Kỹ thuật dữ liệu,2.9,94,6.5,72.5,8,83.9,75,6.3,6.5,0
SV20210656,IT4030,Phát triển ứng dụng Web,4,Nhóm 04,Kỹ thuật dữ liệu,2.9,94,6.3,69.1,15,85.8,64,10.1,8.1,0
SV20210656,MA2010,Xác suất thống kê ứng dụng,3,Nhóm 04,Kỹ thuật dữ liệu,2.9,94,7.3,65.3,6,87.6,89,9.3,4.9,1
SV20210657,IT4010,Học máy & Khai phá dữ liệu,3,Nhóm 01,Công nghệ thông tin,3.3,87,9.0,83.6,11,92.2,78,7.7,9.4,0
SV20210657,IT4020,Hệ quản trị CSDL nâng cao,3,Nhóm 01,Công nghệ thông tin,3.3,87,7.5,94.4,11,93.2,73,9.0,4.8,1
SV20210657,IT4030,Phát triển ứng dụng Web,4,Nhóm 01,Công nghệ thông tin,3.3,87,7.2,83.0,9,71.2,77,7.0,6.6,0
SV20210657,MA2010,Xác suất thống kê ứng dụng,3,Nhóm 01,Công nghệ thông tin,3.3,87,7.0,90.2,15,96.1,87,6.9,7.3,0
SV20210658,IT4010,Học máy & Khai phá dữ liệu,3,Nhóm 02,Kỹ thuật dữ liệu,3.6,129,9.5,98.1,17,84.8,82,10.5,9.0,0
SV20210658,IT4020,Hệ quản trị CSDL nâng cao,3,Nhóm 02,Kỹ thuật dữ liệu,3.6,129,10.0,96.8,19,100.0,94,13.1,7.8,0
SV20210658,IT4030,Phát triển ứng dụng Web,4,Nhóm 02,Kỹ thuật dữ liệu,3.6,129,10.0,90.8,22,100.0,94,11.2,8.6,0
SV20210658,MA2010,Xác suất thống kê ứng dụng,3,Nhóm 02,Kỹ thuật dữ liệu,3.6,129,9.3,100.0,17,100.0,90,9.4,8.8,0
SV20210659,IT4010,Học máy & Khai phá dữ liệu,3,Nhóm 03,Công nghệ thông tin,1.6,41,8.4,58.4,6,71.1,70,5.3,7.2,0
SV20210659,IT4020,Hệ quản trị CSDL nâng cao,3,Nhóm 03,Công nghệ thông tin,1.6,41,4.9,77.2,3,55.8,68,5.5,4.5,1
SV20210659,IT4030,Phát triển ứng dụng Web,4,Nhóm 03,Công nghệ thông tin,1.6,41,6.4,70.3,7,68.6,63,3.2,5.8,0
SV20210659,MA2010,Xác suất thống kê ứng dụng,3,Nhóm 03,Công nghệ thông tin,1.6,41,5.1,71.9,4,72.0,65,3.3,4.9,1
SV20210660,IT4010,Học máy & Khai phá dữ liệu,3,Nhóm 04,Công nghệ thông tin,1.9,40,5.7,71.1,10,72.8,68,3.3,5.2,0
SV20210660,IT4020,Hệ quản trị CSDL nâng cao,3,Nhóm 04,Công nghệ thông tin,1.9,40,5.9,74.3,2,71.8,61,2.8,5.3,0
SV20210660,IT4030,Phát triển ứng dụng Web,4,Nhóm 04,Công nghệ thông tin,1.9,40,6.0,75.6,1,74.0,70,4.1,5.8,0
SV20210660,MA2010,Xác suất thống kê ứng dụng,3,Nhóm 04,Công nghệ thông tin,1.9,40,6.2,54.3,6,83.8,81,4.4,5.3,0
SV20210661,IT4010,Học máy & Khai phá dữ liệu,3,Nhóm 01,Công nghệ thông tin,4.0,132,9.7,100.0,18,100.0,100,14.3,9.1,0
SV20210661,IT4020,Hệ quản trị CSDL nâng cao,3,Nhóm 01,Công nghệ thông tin,4.0,132,10.0,100.0,19,100.0,91,11.3,10.0,0
SV20210661,IT4030,Phát triển ứng dụng Web,4,Nhóm 01,Công nghệ thông tin,4.0,132,10.0,99.3,25,92.3,100,12.9,9.9,0
SV20210661,MA2010,Xác suất thống kê ứng dụng,3,Nhóm 01,Công nghệ thông tin,4.0,132,10.0,97.1,20,100.0,90,13.5,10.0,0
SV20210662,IT4010,Học máy & Khai phá dữ liệu,3,Nhóm 02,Công nghệ thông tin,2.7,93,6.6,81.7,14,88.6,89,6.9,4.9,1
SV20210662,IT4020,Hệ quản trị CSDL nâng cao,3,Nhóm 02,Công nghệ thông tin,2.7,93,8.7,81.0,8,88.0,71,5.5,5.9,0
SV20210662,IT4030,Phát triển ứng dụng Web,4,Nhóm 02,Công nghệ thông tin,2.7,93,8.2,89.1,15,77.4,78,7.3,7.4,0
SV20210662,MA2010,Xác suất thống kê ứng dụng,3,Nhóm 02,Công nghệ thông tin,2.7,93,6.9,97.1,15,89.2,59,6.4,6.4,0
SV20210663,IT4010,Học máy & Khai phá dữ liệu,3,Nhóm 03,Công nghệ thông tin,3.1,92,8.8,92.9,17,93.5,85,6.9,7.7,0
SV20210663,IT4020,Hệ quản trị CSDL nâng cao,3,Nhóm 03,Công nghệ thông tin,3.1,92,8.0,78.6,20,66.3,76,5.7,7.3,0
SV20210663,IT4030,Phát triển ứng dụng Web,4,Nhóm 03,Công nghệ thông tin,3.1,92,8.3,74.9,10,72.8,79,7.5,4.1,1
SV20210663,MA2010,Xác suất thống kê ứng dụng,3,Nhóm 03,Công nghệ thông tin,3.1,92,9.0,94.3,7,73.4,66,6.1,6.5,0
SV20210664,IT4010,Học máy & Khai phá dữ liệu,3,Nhóm 04,Công nghệ thông tin,2.5,53,7.3,87.7,10,58.8,62,6.3,7.2,0
SV20210664,IT4020,Hệ quản trị CSDL nâng cao,3,Nhóm 04,Công nghệ thông tin,2.5,53,5.9,72.2,4,78.4,80,6.8,4.5,1
SV20210664,IT4030,Phát triển ứng dụng Web,4,Nhóm 04,Công nghệ thông tin,2.5,53,7.5,63.7,8,64.5,84,5.9,8.2,0
SV20210664,MA2010,Xác suất thống kê ứng dụng,3,Nhóm 04,Công nghệ thông tin,2.5,53,4.2,64.0,1,87.2,72,6.1,6.3,0
SV20210665,IT4010,Học máy & Khai phá dữ liệu,3,Nhóm 01,Kỹ thuật dữ liệu,1.9,37,5.0,87.2,7,85.3,58,6.4,4.7,1
SV20210665,IT4020,Hệ quản trị CSDL nâng cao,3,Nhóm 01,Kỹ thuật dữ liệu,1.9,37,6.0,69.7,1,80.7,67,5.7,4.8,1
SV20210665,IT4030,Phát triển ứng dụng Web,4,Nhóm 01,Kỹ thuật dữ liệu,1.9,37,6.1,70.7,7,77.0,63,4.5,5.8,0
SV20210665,MA2010,Xác suất thống kê ứng dụng,3,Nhóm 01,Kỹ thuật dữ liệu,1.9,37,4.8,66.8,7,67.1,73,4.4,5.2,0
SV20210666,IT4010,Học máy & Khai phá dữ liệu,3,Nhóm 02,Công nghệ thông tin,2.9,68,7.8,87.2,16,98.3,83,7.0,7.0,0
SV20210666,IT4020,Hệ quản trị CSDL nâng cao,3,Nhóm 02,Công nghệ thông tin,2.9,68,7.6,89.7,7,98.5,66,7.1,6.7,0
SV20210666,IT4030,Phát triển ứng dụng Web,4,Nhóm 02,Công nghệ thông tin,2.9,68,8.8,87.7,8,85.4,74,4.6,6.7,0
SV20210666,MA2010,Xác suất thống kê ứng dụng,3,Nhóm 02,Công nghệ thông tin,2.9,68,7.5,70.0,17,91.0,72,7.7,8.0,0
SV20210667,IT4010,Học máy & Khai phá dữ liệu,3,Nhóm 03,Công nghệ thông tin,2.7,93,7.5,84.9,5,100.0,62,6.0,8.4,0
SV20210667,IT4020,Hệ quản trị CSDL nâng cao,3,Nhóm 03,Công nghệ thông tin,2.7,93,5.5,83.4,10,83.0,82,4.7,3.8,1
SV20210667,IT4030,Phát triển ứng dụng Web,4,Nhóm 03,Công nghệ thông tin,2.7,93,8.5,100.0,13,81.3,77,8.4,5.7,0
SV20210667,MA2010,Xác suất thống kê ứng dụng,3,Nhóm 03,Công nghệ thông tin,2.7,93,7.0,88.8,6,62.2,66,4.7,5.9,0
SV20210668,IT4010,Học máy & Khai phá dữ liệu,3,Nhóm 04,Công nghệ thông tin,3.4,129,8.0,76.8,14,96.4,72,9.7,7.4,0
SV20210668,IT4020,Hệ quản trị CSDL nâng cao,3,Nhóm 04,Công nghệ thông tin,3.4,129,7.0,75.6,18,79.2,67,11.7,5.8,0
SV20210668,IT4030,Phát triển ứng dụng Web,4,Nhóm 04,Công nghệ thông tin,3.4,129,8.6,96.0,15,97.8,82,4.4,9.4,0
SV20210668,MA2010,Xác suất thống kê ứng dụng,3,Nhóm 04,Công nghệ thông tin,3.4,129,7.7,76.6,13,90.1,71,5.9,6.2,0
SV20210669,IT4010,Học máy & Khai phá dữ liệu,3,Nhóm 01,Công nghệ thông tin,2.3,59,5.9,65.3,13,78.9,64,4.0,5.1,0
SV20210669,IT4020,Hệ quản trị CSDL nâng cao,3,Nhóm 01,Công nghệ thông tin,2.3,59,6.8,100.0,1,89.1,74,4.8,5.7,0
SV20210669,IT4030,Phát triển ứng dụng Web,4,Nhóm 01,Công nghệ thông tin,2.3,59,6.9,80.9,10,75.1,71,6.4,6.9,0
SV20210669,MA2010,Xác suất thống kê ứng dụng,3,Nhóm 01,Công nghệ thông tin,2.3,59,7.3,74.0,10,63.1,57,9.2,8.0,0
SV20210670,IT4010,Học máy & Khai phá dữ liệu,3,Nhóm 02,Kỹ thuật dữ liệu,3.7,111,8.9,94.5,14,90.4,58,8.0,6.3,0
SV20210670,IT4020,Hệ quản trị CSDL nâng cao,3,Nhóm 02,Kỹ thuật dữ liệu,3.7,111,8.2,95.0,8,81.6,76,5.5,6.3,0
SV20210670,IT4030,Phát triển ứng dụng Web,4,Nhóm 02,Kỹ thuật dữ liệu,3.7,111,8.0,90.5,11,92.3,76,8.2,6.9,0
SV20210670,MA2010,Xác suất thống kê ứng dụng,3,Nhóm 02,Kỹ thuật dữ liệu,3.7,111,8.5,84.8,16,89.6,74,7.4,8.9,0
SV20210671,IT4010,Học máy & Khai phá dữ liệu,3,Nhóm 03,Công nghệ thông tin,2.8,76,6.8,87.0,9,94.5,79,6.8,5.7,0
SV20210671,IT4020,Hệ quản trị CSDL nâng cao,3,Nhóm 03,Công nghệ thông tin,2.8,76,8.7,78.8,5,75.8,79,6.3,5.2,0
SV20210671,IT4030,Phát triển ứng dụng Web,4,Nhóm 03,Công nghệ thông tin,2.8,76,7.4,83.5,13,69.3,86,8.2,5.6,0
SV20210671,MA2010,Xác suất thống kê ứng dụng,3,Nhóm 03,Công nghệ thông tin,2.8,76,7.1,83.3,9,83.6,79,5.9,6.4,0
SV20210672,IT4010,Học máy & Khai phá dữ liệu,3,Nhóm 04,Kinh tế số,2.7,49,6.8,63.2,6,95.7,86,6.2,6.7,0
SV20210672,IT4020,Hệ quản trị CSDL nâng cao,3,Nhóm 04,Kinh tế số,2.7,49,5.7,63.1,11,74.0,63,7.1,5.8,0
SV20210672,IT4030,Phát triển ứng dụng Web,4,Nhóm 04,Kinh tế số,2.7,49,8.5,83.6,14,86.8,75,4.2,7.7,0
SV20210672,MA2010,Xác suất thống kê ứng dụng,3,Nhóm 04,Kinh tế số,2.7,49,7.8,73.8,11,97.4,58,6.6,6.2,0
SV20210673,IT4010,Học máy & Khai phá dữ liệu,3,Nhóm 01,Kỹ thuật dữ liệu,2.8,75,6.0,81.1,5,67.9,69,5.3,5.4,0
SV20210673,IT4020,Hệ quản trị CSDL nâng cao,3,Nhóm 01,Kỹ thuật dữ liệu,2.8,75,7.7,93.8,12,95.2,87,5.1,5.3,0
SV20210673,IT4030,Phát triển ứng dụng Web,4,Nhóm 01,Kỹ thuật dữ liệu,2.8,75,6.4,80.8,8,83.7,67,9.4,7.1,0
SV20210673,MA2010,Xác suất thống kê ứng dụng,3,Nhóm 01,Kỹ thuật dữ liệu,2.8,75,6.3,90.6,8,89.2,68,9.0,5.2,0
SV20210674,IT4010,Học máy & Khai phá dữ liệu,3,Nhóm 02,Công nghệ thông tin,3.0,56,5.4,78.1,10,78.8,68,4.8,6.0,0
SV20210674,IT4020,Hệ quản trị CSDL nâng cao,3,Nhóm 02,Công nghệ thông tin,3.0,56,6.4,84.7,18,79.6,79,6.6,7.0,0
SV20210674,IT4030,Phát triển ứng dụng Web,4,Nhóm 02,Công nghệ thông tin,3.0,56,7.7,82.3,11,78.6,76,6.1,9.1,0
SV20210674,MA2010,Xác suất thống kê ứng dụng,3,Nhóm 02,Công nghệ thông tin,3.0,56,7.9,61.4,5,86.5,71,9.1,6.9,0
SV20210675,IT4010,Học máy & Khai phá dữ liệu,3,Nhóm 03,Công nghệ thông tin,3.3,81,8.0,90.0,13,94.1,65,7.5,8.3,0
SV20210675,IT4020,Hệ quản trị CSDL nâng cao,3,Nhóm 03,Công nghệ thông tin,3.3,81,8.2,86.0,14,93.8,62,6.8,6.6,0
SV20210675,IT4030,Phát triển ứng dụng Web,4,Nhóm 03,Công nghệ thông tin,3.3,81,8.2,92.0,9,89.2,79,8.3,7.0,0
SV20210675,MA2010,Xác suất thống kê ứng dụng,3,Nhóm 03,Công nghệ thông tin,3.3,81,8.7,85.3,16,100.0,85,8.8,7.3,0
SV20210676,IT4010,Học máy & Khai phá dữ liệu,3,Nhóm 04,Kinh tế số,2.3,66,7.2,96.2,13,78.1,55,5.7,8.6,0
SV20210676,IT4020,Hệ quản trị CSDL nâng cao,3,Nhóm 04,Kinh tế số,2.3,66,8.4,83.0,12,91.7,59,3.9,5.8,0
SV20210676,IT4030,Phát triển ứng dụng Web,4,Nhóm 04,Kinh tế số,2.3,66,7.4,73.6,6,63.6,66,4.3,6.0,0
SV20210676,MA2010,Xác suất thống kê ứng dụng,3,Nhóm 04,Kinh tế số,2.3,66,6.6,69.4,9,74.7,66,2.8,5.1,0
SV20210677,IT4010,Học máy & Khai phá dữ liệu,3,Nhóm 01,Kinh tế số,2.2,59,7.5,59.0,8,97.8,71,5.0,7.0,0
SV20210677,IT4020,Hệ quản trị CSDL nâng cao,3,Nhóm 01,Kinh tế số,2.2,59,6.4,73.9,3,97.9,78,5.3,5.9,0
SV20210677,IT4030,Phát triển ứng dụng Web,4,Nhóm 01,Kinh tế số,2.2,59,6.6,81.9,10,83.9,69,4.9,6.1,0
SV20210677,MA2010,Xác suất thống kê ứng dụng,3,Nhóm 01,Kinh tế số,2.2,59,7.6,82.5,5,87.7,84,6.8,5.3,0
SV20210678,IT4010,Học máy & Khai phá dữ liệu,3,Nhóm 02,Kỹ thuật dữ liệu,2.7,73,6.7,85.2,15,79.9,55,9.3,7.6,0
SV20210678,IT4020,Hệ quản trị CSDL nâng cao,3,Nhóm 02,Kỹ thuật dữ liệu,2.7,73,7.0,75.9,15,100.0,67,8.0,7.8,0
SV20210678,IT4030,Phát triển ứng dụng Web,4,Nhóm 02,Kỹ thuật dữ liệu,2.7,73,8.3,89.4,11,80.5,77,5.4,7.5,0
SV20210678,MA2010,Xác suất thống kê ứng dụng,3,Nhóm 02,Kỹ thuật dữ liệu,2.7,73,7.3,78.8,6,87.0,88,8.6,6.0,0
SV20210679,IT4010,Học máy & Khai phá dữ liệu,3,Nhóm 03,Kinh tế số,3.5,69,8.5,97.2,17,93.5,83,8.5,6.5,0
SV20210679,IT4020,Hệ quản trị CSDL nâng cao,3,Nhóm 03,Kinh tế số,3.5,69,9.6,100.0,15,91.8,90,8.3,8.1,0
SV20210679,IT4030,Phát triển ứng dụng Web,4,Nhóm 03,Kinh tế số,3.5,69,9.3,97.9,10,95.2,89,6.4,7.2,0
SV20210679,MA2010,Xác suất thống kê ứng dụng,3,Nhóm 03,Kinh tế số,3.5,69,9.2,97.2,11,93.3,75,8.6,9.1,0
SV20210680,IT4010,Học máy & Khai phá dữ liệu,3,Nhóm 04,Công nghệ thông tin,3.3,86,9.5,100.0,15,77.1,88,8.5,7.1,0
SV20210680,IT4020,Hệ quản trị CSDL nâng cao,3,Nhóm 04,Công nghệ thông tin,3.3,86,9.6,99.2,12,79.5,79,9.5,9.4,0
SV20210680,IT4030,Phát triển ứng dụng Web,4,Nhóm 04,Công nghệ thông tin,3.3,86,10.0,91.9,18,87.0,88,8.8,9.3,0
SV20210680,MA2010,Xác suất thống kê ứng dụng,3,Nhóm 04,Công nghệ thông tin,3.3,86,8.0,100.0,13,65.5,99,9.4,8.1,0
SV20210681,IT4010,Học máy & Khai phá dữ liệu,3,Nhóm 01,Công nghệ thông tin,3.1,70,9.0,93.9,9,80.2,87,7.6,7.3,0
SV20210681,IT4020,Hệ quản trị CSDL nâng cao,3,Nhóm 01,Công nghệ thông tin,3.1,70,7.4,86.4,10,94.6,90,8.9,8.0,0
SV20210681,IT4030,Phát triển ứng dụng Web,4,Nhóm 01,Công nghệ thông tin,3.1,70,8.6,77.7,11,84.4,72,8.1,8.0,0
SV20210681,MA2010,Xác suất thống kê ứng dụng,3,Nhóm 01,Công nghệ thông tin,3.1,70,8.2,97.8,13,77.9,86,1.2,5.8,0
SV20210682,IT4010,Học máy & Khai phá dữ liệu,3,Nhóm 02,Công nghệ thông tin,2.1,77,6.1,75.4,8,95.9,68,5.1,7.1,0
SV20210682,IT4020,Hệ quản trị CSDL nâng cao,3,Nhóm 02,Công nghệ thông tin,2.1,77,5.0,84.1,4,80.0,71,7.5,4.8,1
SV20210682,IT4030,Phát triển ứng dụng Web,4,Nhóm 02,Công nghệ thông tin,2.1,77,7.1,76.0,13,66.9,66,6.7,5.9,0
SV20210682,MA2010,Xác suất thống kê ứng dụng,3,Nhóm 02,Công nghệ thông tin,2.1,77,6.6,84.4,6,80.5,72,4.5,6.1,0
SV20210683,IT4010,Học máy & Khai phá dữ liệu,3,Nhóm 03,Kỹ thuật dữ liệu,3.1,92,8.5,88.0,18,100.0,86,4.7,7.6,0
SV20210683,IT4020,Hệ quản trị CSDL nâng cao,3,Nhóm 03,Kỹ thuật dữ liệu,3.1,92,8.1,81.3,11,82.4,86,5.7,6.2,0
SV20210683,IT4030,Phát triển ứng dụng Web,4,Nhóm 03,Kỹ thuật dữ liệu,3.1,92,8.7,100.0,4,92.0,81,6.0,7.0,0
SV20210683,MA2010,Xác suất thống kê ứng dụng,3,Nhóm 03,Kỹ thuật dữ liệu,3.1,92,6.5,79.9,9,92.6,79,8.0,5.5,0
SV20210684,IT4010,Học máy & Khai phá dữ liệu,3,Nhóm 04,Công nghệ thông tin,2.9,99,8.5,96.3,14,77.7,81,9.7,8.6,0
SV20210684,IT4020,Hệ quản trị CSDL nâng cao,3,Nhóm 04,Công nghệ thông tin,2.9,99,8.2,88.0,15,96.6,84,11.3,7.2,0
SV20210684,IT4030,Phát triển ứng dụng Web,4,Nhóm 04,Công nghệ thông tin,2.9,99,8.9,100.0,17,97.6,91,7.9,7.3,0
SV20210684,MA2010,Xác suất thống kê ứng dụng,3,Nhóm 04,Công nghệ thông tin,2.9,99,7.8,100.0,14,100.0,78,5.2,6.9,0
SV20210685,IT4010,Học máy & Khai phá dữ liệu,3,Nhóm 01,Công nghệ thông tin,3.3,111,8.2,84.3,13,82.2,90,7.8,9.3,0
SV20210685,IT4020,Hệ quản trị CSDL nâng cao,3,Nhóm 01,Công nghệ thông tin,3.3,111,7.9,93.4,12,100.0,76,7.6,8.0,0
SV20210685,IT4030,Phát triển ứng dụng Web,4,Nhóm 01,Công nghệ thông tin,3.3,111,8.5,76.8,11,93.8,78,7.7,8.7,0
SV20210685,MA2010,Xác suất thống kê ứng dụng,3,Nhóm 01,Công nghệ thông tin,3.3,111,8.6,100.0,16,84.9,77,10.9,9.3,0
SV20210686,IT4010,Học máy & Khai phá dữ liệu,3,Nhóm 02,Kinh tế số,2.7,83,7.7,72.8,10,92.7,81,4.8,6.2,0
SV20210686,IT4020,Hệ quản trị CSDL nâng cao,3,Nhóm 02,Kinh tế số,2.7,83,7.0,84.3,7,84.7,68,8.6,6.2,0
SV20210686,IT4030,Phát triển ứng dụng Web,4,Nhóm 02,Kinh tế số,2.7,83,7.9,78.7,4,74.7,66,5.2,7.9,0
SV20210686,MA2010,Xác suất thống kê ứng dụng,3,Nhóm 02,Kinh tế số,2.7,83,8.1,96.4,6,69.3,58,4.6,10.0,0
SV20210687,IT4010,Học máy & Khai phá dữ liệu,3,Nhóm 03,Công nghệ thông tin,2.8,83,8.1,89.9,16,74.6,89,4.1,6.7,0
SV20210687,IT4020,Hệ quản trị CSDL nâng cao,3,Nhóm 03,Công nghệ thông tin,2.8,83,6.8,80.7,9,100.0,81,5.6,5.2,0
SV20210687,IT4030,Phát triển ứng dụng Web,4,Nhóm 03,Công nghệ thông tin,2.8,83,8.6,85.5,16,83.1,63,7.2,6.7,0
SV20210687,MA2010,Xác suất thống kê ứng dụng,3,Nhóm 03,Công nghệ thông tin,2.8,83,7.3,83.5,12,93.2,81,2.6,3.8,1
SV20210688,IT4010,Học máy & Khai phá dữ liệu,3,Nhóm 04,Kỹ thuật dữ liệu,3.1,77,7.7,86.0,11,80.1,79,4.9,6.3,0
SV20210688,IT4020,Hệ quản trị CSDL nâng cao,3,Nhóm 04,Kỹ thuật dữ liệu,3.1,77,6.9,84.7,9,97.8,77,5.0,4.7,1
SV20210688,IT4030,Phát triển ứng dụng Web,4,Nhóm 04,Kỹ thuật dữ liệu,3.1,77,6.9,88.6,11,80.1,68,5.7,6.8,0
SV20210688,MA2010,Xác suất thống kê ứng dụng,3,Nhóm 04,Kỹ thuật dữ liệu,3.1,77,7.3,78.2,11,76.7,79,5.8,6.9,0
SV20210689,IT4010,Học máy & Khai phá dữ liệu,3,Nhóm 01,Công nghệ thông tin,3.6,99,8.7,88.9,13,86.7,90,6.3,8.8,0
SV20210689,IT4020,Hệ quản trị CSDL nâng cao,3,Nhóm 01,Công nghệ thông tin,3.6,99,8.7,95.8,25,100.0,74,9.1,7.8,0
SV20210689,IT4030,Phát triển ứng dụng Web,4,Nhóm 01,Công nghệ thông tin,3.6,99,9.7,100.0,12,100.0,82,8.9,9.9,0
SV20210689,MA2010,Xác suất thống kê ứng dụng,3,Nhóm 01,Công nghệ thông tin,3.6,99,8.4,100.0,17,95.0,92,12.1,6.4,0
SV20210690,IT4010,Học máy & Khai phá dữ liệu,3,Nhóm 02,Kỹ thuật dữ liệu,3.0,77,8.3,97.2,12,87.3,80,7.9,8.3,0
SV20210690,IT4020,Hệ quản trị CSDL nâng cao,3,Nhóm 02,Kỹ thuật dữ liệu,3.0,77,7.6,65.5,12,94.8,70,5.5,5.5,0
SV20210690,IT4030,Phát triển ứng dụng Web,4,Nhóm 02,Kỹ thuật dữ liệu,3.0,77,7.6,94.4,17,86.7,82,11.2,5.8,0
SV20210690,MA2010,Xác suất thống kê ứng dụng,3,Nhóm 02,Kỹ thuật dữ liệu,3.0,77,9.0,91.2,12,83.1,84,7.1,9.0,0
SV20210691,IT4010,Học máy & Khai phá dữ liệu,3,Nhóm 03,Công nghệ thông tin,3.7,109,9.4,91.8,17,100.0,90,11.4,7.3,0
SV20210691,IT4020,Hệ quản trị CSDL nâng cao,3,Nhóm 03,Công nghệ thông tin,3.7,109,8.9,100.0,24,93.7,90,9.5,8.7,0
SV20210691,IT4030,Phát triển ứng dụng Web,4,Nhóm 03,Công nghệ thông tin,3.7,109,9.3,100.0,22,100.0,87,9.1,8.6,0
SV20210691,MA2010,Xác suất thống kê ứng dụng,3,Nhóm 03,Công nghệ thông tin,3.7,109,9.7,99.8,18,99.5,84,8.1,6.6,0
SV20210692,IT4010,Học máy & Khai phá dữ liệu,3,Nhóm 04,Công nghệ thông tin,1.7,47,5.5,63.5,1,69.8,71,3.0,5.0,0
SV20210692,IT4020,Hệ quản trị CSDL nâng cao,3,Nhóm 04,Công nghệ thông tin,1.7,47,4.0,74.0,7,64.6,65,1.2,4.3,1
SV20210692,IT4030,Phát triển ứng dụng Web,4,Nhóm 04,Công nghệ thông tin,1.7,47,6.7,71.2,7,66.9,51,4.0,5.9,0
SV20210692,MA2010,Xác suất thống kê ứng dụng,3,Nhóm 04,Công nghệ thông tin,1.7,47,5.2,62.4,10,62.4,65,4.9,6.3,0
SV20210693,IT4010,Học máy & Khai phá dữ liệu,3,Nhóm 01,Kinh tế số,2.2,86,6.7,99.3,15,80.5,71,5.3,6.8,0
SV20210693,IT4020,Hệ quản trị CSDL nâng cao,3,Nhóm 01,Kinh tế số,2.2,86,5.8,88.3,7,69.5,77,6.3,7.4,0
SV20210693,IT4030,Phát triển ứng dụng Web,4,Nhóm 01,Kinh tế số,2.2,86,7.2,84.2,9,76.7,70,5.7,8.9,0
SV20210693,MA2010,Xác suất thống kê ứng dụng,3,Nhóm 01,Kinh tế số,2.2,86,6.6,97.6,14,82.0,67,6.7,6.2,0
SV20210694,IT4010,Học máy & Khai phá dữ liệu,3,Nhóm 02,Công nghệ thông tin,3.1,77,9.5,87.5,11,98.9,86,8.3,10.0,0
SV20210694,IT4020,Hệ quản trị CSDL nâng cao,3,Nhóm 02,Công nghệ thông tin,3.1,77,8.1,99.5,6,94.1,89,10.5,6.7,0
SV20210694,IT4030,Phát triển ứng dụng Web,4,Nhóm 02,Công nghệ thông tin,3.1,77,8.9,72.5,10,90.4,69,4.7,7.6,0
SV20210694,MA2010,Xác suất thống kê ứng dụng,3,Nhóm 02,Công nghệ thông tin,3.1,77,9.4,82.3,15,87.0,73,8.0,9.0,0
SV20210695,IT4010,Học máy & Khai phá dữ liệu,3,Nhóm 03,Công nghệ thông tin,3.0,87,6.5,85.9,6,85.9,92,5.1,6.2,0
SV20210695,IT4020,Hệ quản trị CSDL nâng cao,3,Nhóm 03,Công nghệ thông tin,3.0,87,6.1,81.4,9,90.4,72,7.6,5.7,0
SV20210695,IT4030,Phát triển ứng dụng Web,4,Nhóm 03,Công nghệ thông tin,3.0,87,6.5,68.1,9,85.9,67,6.9,7.3,0
SV20210695,MA2010,Xác suất thống kê ứng dụng,3,Nhóm 03,Công nghệ thông tin,3.0,87,7.0,80.2,10,79.7,76,7.3,6.9,0
SV20210696,IT4010,Học máy & Khai phá dữ liệu,3,Nhóm 04,Kỹ thuật dữ liệu,2.7,72,7.4,84.7,14,83.6,70,8.0,7.8,0
SV20210696,IT4020,Hệ quản trị CSDL nâng cao,3,Nhóm 04,Kỹ thuật dữ liệu,2.7,72,6.9,86.7,17,100.0,78,11.5,7.2,0
SV20210696,IT4030,Phát triển ứng dụng Web,4,Nhóm 04,Kỹ thuật dữ liệu,2.7,72,7.1,99.9,8,84.9,73,5.6,6.3,0
SV20210696,MA2010,Xác suất thống kê ứng dụng,3,Nhóm 04,Kỹ thuật dữ liệu,2.7,72,6.6,86.6,11,87.4,76,8.7,5.9,0
SV20210697,IT4010,Học máy & Khai phá dữ liệu,3,Nhóm 01,Công nghệ thông tin,2.8,87,7.7,82.9,10,87.8,78,10.6,9.8,0
SV20210697,IT4020,Hệ quản trị CSDL nâng cao,3,Nhóm 01,Công nghệ thông tin,2.8,87,8.0,79.3,7,87.4,88,5.6,6.7,0
SV20210697,IT4030,Phát triển ứng dụng Web,4,Nhóm 01,Công nghệ thông tin,2.8,87,6.6,81.9,14,91.8,83,6.6,5.0,0
SV20210697,MA2010,Xác suất thống kê ứng dụng,3,Nhóm 01,Công nghệ thông tin,2.8,87,7.6,90.2,11,94.0,80,6.4,7.1,0
SV20210698,IT4010,Học máy & Khai phá dữ liệu,3,Nhóm 02,Kỹ thuật dữ liệu,3.8,126,9.0,95.1,17,100.0,93,5.7,6.9,0
SV20210698,IT4020,Hệ quản trị CSDL nâng cao,3,Nhóm 02,Kỹ thuật dữ liệu,3.8,126,8.7,88.7,12,93.2,82,9.2,8.4,0
SV20210698,IT4030,Phát triển ứng dụng Web,4,Nhóm 02,Kỹ thuật dữ liệu,3.8,126,9.3,97.0,18,100.0,88,9.7,7.8,0
SV20210698,MA2010,Xác suất thống kê ứng dụng,3,Nhóm 02,Kỹ thuật dữ liệu,3.8,126,9.9,100.0,19,74.3,83,7.6,9.2,0
SV20210699,IT4010,Học máy & Khai phá dữ liệu,3,Nhóm 03,Kinh tế số,2.9,90,7.9,84.6,13,86.4,91,5.5,6.9,0
SV20210699,IT4020,Hệ quản trị CSDL nâng cao,3,Nhóm 03,Kinh tế số,2.9,90,9.0,70.7,15,84.4,80,7.9,9.0,0
SV20210699,IT4030,Phát triển ứng dụng Web,4,Nhóm 03,Kinh tế số,2.9,90,9.4,97.0,17,85.1,87,4.6,7.2,0
SV20210699,MA2010,Xác suất thống kê ứng dụng,3,Nhóm 03,Kinh tế số,2.9,90,9.5,88.0,12,84.1,71,7.4,6.7,0
SV20210700,IT4010,Học máy & Khai phá dữ liệu,3,Nhóm 04,Kinh tế số,3.0,100,6.2,97.0,16,91.0,73,8.7,7.2,0
SV20210700,IT4020,Hệ quản trị CSDL nâng cao,3,Nhóm 04,Kinh tế số,3.0,100,7.8,84.4,9,88.9,69,7.1,6.0,0
SV20210700,IT4030,Phát triển ứng dụng Web,4,Nhóm 04,Kinh tế số,3.0,100,9.2,92.3,21,81.8,68,10.6,7.4,0
SV20210700,MA2010,Xác suất thống kê ứng dụng,3,Nhóm 04,Kinh tế số,3.0,100,8.7,92.7,17,86.3,87,9.4,8.9,0
SV20210701,IT4010,Học máy & Khai phá dữ liệu,3,Nhóm 01,Công nghệ thông tin,2.5,76,7.6,90.8,12,89.7,77,4.9,6.7,0
SV20210701,IT4020,Hệ quản trị CSDL nâng cao,3,Nhóm 01,Công nghệ thông tin,2.5,76,5.3,75.3,6,70.4,73,5.0,5.9,0
SV20210701,IT4030,Phát triển ứng dụng Web,4,Nhóm 01,Công nghệ thông tin,2.5,76,7.3,72.5,7,92.3,65,10.0,7.8,0
SV20210701,MA2010,Xác suất thống kê ứng dụng,3,Nhóm 01,Công nghệ thông tin,2.5,76,6.3,81.3,6,75.1,64,4.0,4.5,1
SV20210702,IT4010,Học máy & Khai phá dữ liệu,3,Nhóm 02,Kỹ thuật dữ liệu,2.0,69,5.7,79.5,18,81.2,74,7.0,6.5,0
SV20210702,IT4020,Hệ quản trị CSDL nâng cao,3,Nhóm 02,Kỹ thuật dữ liệu,2.0,69,4.2,59.3,8,75.5,69,4.0,5.0,0
SV20210702,IT4030,Phát triển ứng dụng Web,4,Nhóm 02,Kỹ thuật dữ liệu,2.0,69,6.9,81.1,8,95.3,70,2.7,6.3,0
SV20210702,MA2010,Xác suất thống kê ứng dụng,3,Nhóm 02,Kỹ thuật dữ liệu,2.0,69,6.3,64.1,7,72.5,65,7.0,7.3,0
SV20210703,IT4010,Học máy & Khai phá dữ liệu,3,Nhóm 03,Công nghệ thông tin,3.0,101,8.8,88.1,13,73.2,92,8.0,8.7,0
SV20210703,IT4020,Hệ quản trị CSDL nâng cao,3,Nhóm 03,Công nghệ thông tin,3.0,101,8.9,100.0,11,100.0,75,7.9,7.5,0
SV20210703,IT4030,Phát triển ứng dụng Web,4,Nhóm 03,Công nghệ thông tin,3.0,101,9.3,92.9,16,100.0,89,11.5,9.2,0
SV20210703,MA2010,Xác suất thống kê ứng dụng,3,Nhóm 03,Công nghệ thông tin,3.0,101,7.5,85.9,10,91.3,85,7.6,6.4,0
SV20210704,IT4010,Học máy & Khai phá dữ liệu,3,Nhóm 04,Công nghệ thông tin,2.5,53,6.4,85.2,11,72.8,66,4.7,8.4,0
SV20210704,IT4020,Hệ quản trị CSDL nâng cao,3,Nhóm 04,Công nghệ thông tin,2.5,53,6.1,56.4,4,71.6,66,3.7,4.7,1
SV20210704,IT4030,Phát triển ứng dụng Web,4,Nhóm 04,Công nghệ thông tin,2.5,53,7.0,68.5,9,82.8,62,5.7,5.5,0
SV20210704,MA2010,Xác suất thống kê ứng dụng,3,Nhóm 04,Công nghệ thông tin,2.5,53,6.2,56.8,11,82.4,79,1.4,5.8,0
SV20210705,IT4010,Học máy & Khai phá dữ liệu,3,Nhóm 01,Công nghệ thông tin,3.1,74,9.0,100.0,15,82.1,85,6.9,6.4,0
SV20210705,IT4020,Hệ quản trị CSDL nâng cao,3,Nhóm 01,Công nghệ thông tin,3.1,74,8.3,85.9,13,79.7,73,5.5,7.0,0
SV20210705,IT4030,Phát triển ứng dụng Web,4,Nhóm 01,Công nghệ thông tin,3.1,74,9.7,92.7,18,80.7,79,6.4,8.8,0
SV20210705,MA2010,Xác suất thống kê ứng dụng,3,Nhóm 01,Công nghệ thông tin,3.1,74,9.5,100.0,6,98.0,81,8.5,8.6,0
SV20210706,IT4010,Học máy & Khai phá dữ liệu,3,Nhóm 02,Kinh tế số,2.0,38,6.3,82.6,5,73.3,51,3.5,5.9,0
SV20210706,IT4020,Hệ quản trị CSDL nâng cao,3,Nhóm 02,Kinh tế số,2.0,38,3.7,68.5,9,72.5,50,2.5,5.0,0
SV20210706,IT4030,Phát triển ứng dụng Web,4,Nhóm 02,Kinh tế số,2.0,38,5.3,66.6,2,67.1,61,5.0,6.2,0
SV20210706,MA2010,Xác suất thống kê ứng dụng,3,Nhóm 02,Kinh tế số,2.0,38,6.1,68.9,5,75.9,76,4.8,5.8,0
SV20210707,IT4010,Học máy & Khai phá dữ liệu,3,Nhóm 03,Công nghệ thông tin,3.6,123,8.9,85.1,15,81.8,81,11.9,9.1,0
SV20210707,IT4020,Hệ quản trị CSDL nâng cao,3,Nhóm 03,Công nghệ thông tin,3.6,123,7.5,94.6,21,99.1,90,10.0,6.7,0
SV20210707,IT4030,Phát triển ứng dụng Web,4,Nhóm 03,Công nghệ thông tin,3.6,123,9.0,71.8,17,90.4,83,8.2,7.8,0
SV20210707,MA2010,Xác suất thống kê ứng dụng,3,Nhóm 03,Công nghệ thông tin,3.6,123,8.3,97.2,15,82.0,78,7.7,8.0,0
SV20210708,IT4010,Học máy & Khai phá dữ liệu,3,Nhóm 04,Kinh tế số,2.3,92,6.6,75.7,10,97.5,77,8.4,4.7,1
SV20210708,IT4020,Hệ quản trị CSDL nâng cao,3,Nhóm 04,Kinh tế số,2.3,92,7.6,76.8,8,72.6,85,8.1,6.7,0
SV20210708,IT4030,Phát triển ứng dụng Web,4,Nhóm 04,Kinh tế số,2.3,92,8.3,90.7,16,76.8,72,7.3,8.6,0
SV20210708,MA2010,Xác suất thống kê ứng dụng,3,Nhóm 04,Kinh tế số,2.3,92,6.4,85.9,22,74.3,78,6.5,5.1,0
SV20210709,IT4010,Học máy & Khai phá dữ liệu,3,Nhóm 01,Công nghệ thông tin,3.2,93,6.6,86.5,11,85.3,86,6.0,5.7,0
SV20210709,IT4020,Hệ quản trị CSDL nâng cao,3,Nhóm 01,Công nghệ thông tin,3.2,93,9.0,88.0,12,81.6,75,7.8,7.8,0
SV20210709,IT4030,Phát triển ứng dụng Web,4,Nhóm 01,Công nghệ thông tin,3.2,93,8.3,81.3,16,85.1,84,7.8,7.7,0
SV20210709,MA2010,Xác suất thống kê ứng dụng,3,Nhóm 01,Công nghệ thông tin,3.2,93,7.2,85.9,12,87.7,85,8.7,6.7,0
SV20210710,IT4010,Học máy & Khai phá dữ liệu,3,Nhóm 02,Kinh tế số,3.0,60,8.4,100.0,17,93.6,77,7.6,7.4,0
SV20210710,IT4020,Hệ quản trị CSDL nâng cao,3,Nhóm 02,Kinh tế số,3.0,60,7.4,87.9,7,100.0,90,9.9,6.1,0
SV20210710,IT4030,Phát triển ứng dụng Web,4,Nhóm 02,Kinh tế số,3.0,60,8.5,83.2,10,88.5,65,8.3,6.3,0
SV20210710,MA2010,Xác suất thống kê ứng dụng,3,Nhóm 02,Kinh tế số,3.0,60,8.0,98.3,10,85.3,78,7.2,7.5,0
SV20210711,IT4010,Học máy & Khai phá dữ liệu,3,Nhóm 03,Công nghệ thông tin,1.3,33,5.3,81.2,1,79.6,54,2.9,5.5,0
SV20210711,IT4020,Hệ quản trị CSDL nâng cao,3,Nhóm 03,Công nghệ thông tin,1.3,33,3.7,49.0,3,69.1,68,0.4,1.3,1
SV20210711,IT4030,Phát triển ứng dụng Web,4,Nhóm 03,Công nghệ thông tin,1.3,33,5.5,45.1,1,69.4,66,3.9,7.1,0
SV20210711,MA2010,Xác suất thống kê ứng dụng,3,Nhóm 03,Công nghệ thông tin,1.3,33,4.1,59.7,2,63.8,58,1.2,4.7,1
SV20210712,IT4010,Học máy & Khai phá dữ liệu,3,Nhóm 04,Kinh tế số,2.4,56,6.4,66.5,9,86.6,67,2.7,5.0,0
SV20210712,IT4020,Hệ quản trị CSDL nâng cao,3,Nhóm 04,Kinh tế số,2.4,56,7.1,83.4,9,88.4,78,5.4,6.5,0
SV20210712,IT4030,Phát triển ứng dụng Web,4,Nhóm 04,Kinh tế số,2.4,56,6.7,65.1,18,90.0,64,5.7,6.4,0
SV20210712,MA2010,Xác suất thống kê ứng dụng,3,Nhóm 04,Kinh tế số,2.4,56,7.4,95.5,4,92.7,69,4.1,5.6,0
SV20210713,IT4010,Học máy & Khai phá dữ liệu,3,Nhóm 01,Công nghệ thông tin,3.1,91,8.1,91.7,11,93.1,82,7.4,6.8,0
SV20210713,IT4020,Hệ quản trị CSDL nâng cao,3,Nhóm 01,Công nghệ thông tin,3.1,91,8.4,83.2,15,100.0,84,11.4,8.7,0
SV20210713,IT4030,Phát triển ứng dụng Web,4,Nhóm 01,Công nghệ thông tin,3.1,91,7.6,78.8,11,82.7,78,8.4,6.7,0
SV20210713,MA2010,Xác suất thống kê ứng dụng,3,Nhóm 01,Công nghệ thông tin,3.1,91,6.8,79.2,10,93.0,63,7.5,6.5,0
SV20210714,IT4010,Học máy & Khai phá dữ liệu,3,Nhóm 02,Công nghệ thông tin,2.9,40,5.5,75.9,1,89.5,89,4.6,5.2,0
SV20210714,IT4020,Hệ quản trị CSDL nâng cao,3,Nhóm 02,Công nghệ thông tin,2.9,40,7.0,66.9,9,87.0,63,6.0,4.4,1
SV20210714,IT4030,Phát triển ứng dụng Web,4,Nhóm 02,Công nghệ thông tin,2.9,40,7.1,77.5,6,72.9,65,8.6,5.4,0
SV20210714,MA2010,Xác suất thống kê ứng dụng,3,Nhóm 02,Công nghệ thông tin,2.9,40,8.1,75.8,14,79.6,83,7.8,7.4,0
SV20210715,IT4010,Học máy & Khai phá dữ liệu,3,Nhóm 03,Kinh tế số,2.3,85,7.9,82.3,11,86.6,70,7.9,6.9,0
SV20210715,IT4020,Hệ quản trị CSDL nâng cao,3,Nhóm 03,Kinh tế số,2.3,85,7.0,81.3,16,72.0,72,5.3,5.8,0
SV20210715,IT4030,Phát triển ứng dụng Web,4,Nhóm 03,Kinh tế số,2.3,85,7.8,82.2,6,78.5,50,6.5,7.7,0
SV20210715,MA2010,Xác suất thống kê ứng dụng,3,Nhóm 03,Kinh tế số,2.3,85,7.9,84.0,14,82.5,62,5.8,8.4,0
SV20210716,IT4010,Học máy & Khai phá dữ liệu,3,Nhóm 04,Kinh tế số,2.6,62,8.1,82.7,16,82.4,67,4.6,7.1,0
SV20210716,IT4020,Hệ quản trị CSDL nâng cao,3,Nhóm 04,Kinh tế số,2.6,62,7.5,73.5,12,82.2,67,3.5,4.2,1
SV20210716,IT4030,Phát triển ứng dụng Web,4,Nhóm 04,Kinh tế số,2.6,62,8.8,77.9,10,67.5,74,4.6,7.6,0
SV20210716,MA2010,Xác suất thống kê ứng dụng,3,Nhóm 04,Kinh tế số,2.6,62,7.4,84.8,11,93.4,73,4.2,6.4,0
SV20210717,IT4010,Học máy & Khai phá dữ liệu,3,Nhóm 01,Công nghệ thông tin,2.8,93,8.0,79.8,5,100.0,68,6.0,6.5,0
SV20210717,IT4020,Hệ quản trị CSDL nâng cao,3,Nhóm 01,Công nghệ thông tin,2.8,93,6.5,71.0,14,76.7,70,4.9,6.4,0
SV20210717,IT4030,Phát triển ứng dụng Web,4,Nhóm 01,Công nghệ thông tin,2.8,93,8.2,89.8,11,79.9,75,4.5,8.8,0
SV20210717,MA2010,Xác suất thống kê ứng dụng,3,Nhóm 01,Công nghệ thông tin,2.8,93,8.8,75.4,13,90.0,70,3.9,7.2,0
SV20210718,IT4010,Học máy & Khai phá dữ liệu,3,Nhóm 02,Công nghệ thông tin,2.7,61,7.9,83.3,17,59.6,58,6.4,7.1,0
SV20210718,IT4020,Hệ quản trị CSDL nâng cao,3,Nhóm 02,Công nghệ thông tin,2.7,61,8.1,77.8,10,93.5,82,5.6,6.3,0
SV20210718,IT4030,Phát triển ứng dụng Web,4,Nhóm 02,Công nghệ thông tin,2.7,61,9.0,99.5,17,81.1,76,7.7,6.6,0
SV20210718,MA2010,Xác suất thống kê ứng dụng,3,Nhóm 02,Công nghệ thông tin,2.7,61,7.8,100.0,11,70.0,67,5.1,5.4,0
SV20210719,IT4010,Học máy & Khai phá dữ liệu,3,Nhóm 03,Kinh tế số,2.7,68,8.7,85.9,5,81.7,74,5.9,6.4,0
SV20210719,IT4020,Hệ quản trị CSDL nâng cao,3,Nhóm 03,Kinh tế số,2.7,68,7.7,82.6,9,90.8,82,10.5,5.9,0
SV20210719,IT4030,Phát triển ứng dụng Web,4,Nhóm 03,Kinh tế số,2.7,68,7.6,100.0,10,80.2,70,8.9,7.2,0
SV20210719,MA2010,Xác suất thống kê ứng dụng,3,Nhóm 03,Kinh tế số,2.7,68,7.7,90.4,13,96.6,90,7.6,8.6,0
SV20210720,IT4010,Học máy & Khai phá dữ liệu,3,Nhóm 04,Công nghệ thông tin,1.9,62,7.0,70.8,9,88.7,64,5.4,7.0,0
SV20210720,IT4020,Hệ quản trị CSDL nâng cao,3,Nhóm 04,Công nghệ thông tin,1.9,62,5.0,84.3,4,75.4,62,0.2,2.8,1
SV20210720,IT4030,Phát triển ứng dụng Web,4,Nhóm 04,Công nghệ thông tin,1.9,62,5.5,66.0,9,88.9,53,5.8,5.6,0
SV20210720,MA2010,Xác suất thống kê ứng dụng,3,Nhóm 04,Công nghệ thông tin,1.9,62,4.7,72.2,5,75.0,74,2.5,3.1,1
SV20210721,IT4010,Học máy & Khai phá dữ liệu,3,Nhóm 01,Công nghệ thông tin,2.0,51,5.2,91.4,4,90.1,69,4.2,4.8,1
SV20210721,IT4020,Hệ quản trị CSDL nâng cao,3,Nhóm 01,Công nghệ thông tin,2.0,51,5.5,61.2,1,67.4,63,6.6,5.3,0
SV20210721,IT4030,Phát triển ứng dụng Web,4,Nhóm 01,Công nghệ thông tin,2.0,51,9.1,77.0,7,84.9,62,3.7,8.1,0
SV20210721,MA2010,Xác suất thống kê ứng dụng,3,Nhóm 01,Công nghệ thông tin,2.0,51,6.4,69.9,2,65.2,58,4.2,4.4,1
SV20210722,IT4010,Học máy & Khai phá dữ liệu,3,Nhóm 02,Kỹ thuật dữ liệu,3.2,73,9.2,80.7,15,69.4,87,6.5,8.4,0
SV20210722,IT4020,Hệ quản trị CSDL nâng cao,3,Nhóm 02,Kỹ thuật dữ liệu,3.2,73,8.7,96.0,12,91.8,65,3.7,8.9,0
SV20210722,IT4030,Phát triển ứng dụng Web,4,Nhóm 02,Kỹ thuật dữ liệu,3.2,73,10.0,92.3,14,77.1,76,8.3,9.9,0
SV20210722,MA2010,Xác suất thống kê ứng dụng,3,Nhóm 02,Kỹ thuật dữ liệu,3.2,73,9.4,86.2,9,100.0,77,10.5,6.4,0
SV20210723,IT4010,Học máy & Khai phá dữ liệu,3,Nhóm 03,Kỹ thuật dữ liệu,2.4,59,5.4,83.8,2,68.2,76,4.6,4.7,1
SV20210723,IT4020,Hệ quản trị CSDL nâng cao,3,Nhóm 03,Kỹ thuật dữ liệu,2.4,59,5.8,63.5,13,74.3,67,3.4,3.8,1
SV20210723,IT4030,Phát triển ứng dụng Web,4,Nhóm 03,Kỹ thuật dữ liệu,2.4,59,6.5,75.8,6,71.8,76,2.3,6.3,0
SV20210723,MA2010,Xác suất thống kê ứng dụng,3,Nhóm 03,Kỹ thuật dữ liệu,2.4,59,6.1,71.1,11,67.2,62,5.6,5.4,0
SV20210724,IT4010,Học máy & Khai phá dữ liệu,3,Nhóm 04,Công nghệ thông tin,1.8,55,5.0,74.3,1,65.2,50,5.1,4.6,1
SV20210724,IT4020,Hệ quản trị CSDL nâng cao,3,Nhóm 04,Công nghệ thông tin,1.8,55,4.7,70.1,9,63.2,64,0.8,3.8,1
SV20210724,IT4030,Phát triển ứng dụng Web,4,Nhóm 04,Công nghệ thông tin,1.8,55,4.9,82.5,6,66.7,62,2.7,6.2,0
SV20210724,MA2010,Xác suất thống kê ứng dụng,3,Nhóm 04,Công nghệ thông tin,1.8,55,5.9,57.8,3,77.6,65,2.2,3.1,1
SV20210725,IT4010,Học máy & Khai phá dữ liệu,3,Nhóm 01,Công nghệ thông tin,3.0,118,7.6,74.1,7,86.8,85,6.5,8.1,0
SV20210725,IT4020,Hệ quản trị CSDL nâng cao,3,Nhóm 01,Công nghệ thông tin,3.0,118,7.9,100.0,12,81.0,82,4.1,7.4,0
SV20210725,IT4030,Phát triển ứng dụng Web,4,Nhóm 01,Công nghệ thông tin,3.0,118,8.1,81.9,16,100.0,81,6.5,7.6,0
SV20210725,MA2010,Xác suất thống kê ứng dụng,3,Nhóm 01,Công nghệ thông tin,3.0,118,7.0,85.6,16,93.7,71,7.0,6.4,0
SV20210726,IT4010,Học máy & Khai phá dữ liệu,3,Nhóm 02,Kinh tế số,2.4,67,6.2,79.7,2,81.4,68,5.1,6.5,0
SV20210726,IT4020,Hệ quản trị CSDL nâng cao,3,Nhóm 02,Kinh tế số,2.4,67,4.9,81.5,11,70.1,68,4.7,2.6,1
SV20210726,IT4030,Phát triển ứng dụng Web,4,Nhóm 02,Kinh tế số,2.4,67,5.4,60.7,10,75.1,66,3.5,6.9,0
SV20210726,MA2010,Xác suất thống kê ứng dụng,3,Nhóm 02,Kinh tế số,2.4,67,5.8,83.5,16,76.2,75,7.7,6.5,0
SV20210727,IT4010,Học máy & Khai phá dữ liệu,3,Nhóm 03,Công nghệ thông tin,3.3,116,9.1,100.0,16,100.0,78,11.1,8.9,0
SV20210727,IT4020,Hệ quản trị CSDL nâng cao,3,Nhóm 03,Công nghệ thông tin,3.3,116,8.8,100.0,21,100.0,100,8.2,7.9,0
SV20210727,IT4030,Phát triển ứng dụng Web,4,Nhóm 03,Công nghệ thông tin,3.3,116,9.4,91.1,25,96.6,99,9.4,9.8,0
SV20210727,MA2010,Xác suất thống kê ứng dụng,3,Nhóm 03,Công nghệ thông tin,3.3,116,9.3,100.0,16,100.0,78,7.6,8.2,0
SV20210728,IT4010,Học máy & Khai phá dữ liệu,3,Nhóm 04,Công nghệ thông tin,2.5,53,7.9,83.7,4,80.1,73,6.8,5.5,0
SV20210728,IT4020,Hệ quản trị CSDL nâng cao,3,Nhóm 04,Công nghệ thông tin,2.5,53,8.1,82.6,4,81.0,75,5.0,5.7,0
SV20210728,IT4030,Phát triển ứng dụng Web,4,Nhóm 04,Công nghệ thông tin,2.5,53,7.2,88.6,10,74.4,65,6.6,6.0,0
SV20210728,MA2010,Xác suất thống kê ứng dụng,3,Nhóm 04,Công nghệ thông tin,2.5,53,7.2,93.3,12,81.7,59,9.2,7.4,0
SV20210729,IT4010,Học máy & Khai phá dữ liệu,3,Nhóm 01,Công nghệ thông tin,2.4,59,6.5,90.7,17,79.3,79,8.4,6.4,0
SV20210729,IT4020,Hệ quản trị CSDL nâng cao,3,Nhóm 01,Công nghệ thông tin,2.4,59,6.8,78.2,17,82.0,57,8.8,5.6,0
SV20210729,IT4030,Phát triển ứng dụng Web,4,Nhóm 01,Công nghệ thông tin,2.4,59,7.6,86.3,4,74.4,76,9.2,7.0,0
SV20210729,MA2010,Xác suất thống kê ứng dụng,3,Nhóm 01,Công nghệ thông tin,2.4,59,6.5,79.5,10,88.2,81,5.8,6.0,0
SV20210730,IT4010,Học máy & Khai phá dữ liệu,3,Nhóm 02,Công nghệ thông tin,2.6,68,5.8,83.3,2,70.8,78,3.3,6.6,0
SV20210730,IT4020,Hệ quản trị CSDL nâng cao,3,Nhóm 02,Công nghệ thông tin,2.6,68,5.5,88.1,3,72.4,67,5.0,4.3,1
SV20210730,IT4030,Phát triển ứng dụng Web,4,Nhóm 02,Công nghệ thông tin,2.6,68,6.6,80.0,11,78.7,81,5.8,7.5,0
SV20210730,MA2010,Xác suất thống kê ứng dụng,3,Nhóm 02,Công nghệ thông tin,2.6,68,6.2,87.7,12,96.0,74,4.3,7.9,0
SV20210731,IT4010,Học máy & Khai phá dữ liệu,3,Nhóm 03,Công nghệ thông tin,3.6,124,9.6,100.0,19,75.2,82,7.4,7.7,0
SV20210731,IT4020,Hệ quản trị CSDL nâng cao,3,Nhóm 03,Công nghệ thông tin,3.6,124,7.6,97.7,18,80.1,89,10.6,8.3,0
SV20210731,IT4030,Phát triển ứng dụng Web,4,Nhóm 03,Công nghệ thông tin,3.6,124,9.2,100.0,19,96.2,76,8.4,9.5,0
SV20210731,MA2010,Xác suất thống kê ứng dụng,3,Nhóm 03,Công nghệ thông tin,3.6,124,9.1,90.8,13,100.0,84,8.8,8.6,0
SV20210732,IT4010,Học máy & Khai phá dữ liệu,3,Nhóm 04,Kỹ thuật dữ liệu,3.3,105,7.9,74.7,17,87.8,86,9.2,5.5,0
SV20210732,IT4020,Hệ quản trị CSDL nâng cao,3,Nhóm 04,Kỹ thuật dữ liệu,3.3,105,9.0,100.0,10,100.0,93,5.6,7.7,0
SV20210732,IT4030,Phát triển ứng dụng Web,4,Nhóm 04,Kỹ thuật dữ liệu,3.3,105,9.3,94.9,15,94.4,75,11.2,9.9,0
SV20210732,MA2010,Xác suất thống kê ứng dụng,3,Nhóm 04,Kỹ thuật dữ liệu,3.3,105,8.9,99.8,16,96.6,74,11.2,9.2,0
SV20210733,IT4010,Học máy & Khai phá dữ liệu,3,Nhóm 01,Kỹ thuật dữ liệu,3.1,122,7.9,82.5,14,91.2,90,11.0,7.9,0
SV20210733,IT4020,Hệ quản trị CSDL nâng cao,3,Nhóm 01,Kỹ thuật dữ liệu,3.1,122,8.0,100.0,12,99.3,85,9.4,7.8,0
SV20210733,IT4030,Phát triển ứng dụng Web,4,Nhóm 01,Kỹ thuật dữ liệu,3.1,122,9.8,100.0,18,86.8,94,8.2,7.5,0
SV20210733,MA2010,Xác suất thống kê ứng dụng,3,Nhóm 01,Kỹ thuật dữ liệu,3.1,122,8.3,99.0,15,91.5,83,12.1,7.5,0
SV20210734,IT4010,Học máy & Khai phá dữ liệu,3,Nhóm 02,Kỹ thuật dữ liệu,2.7,74,7.7,89.7,9,67.7,69,5.6,8.8,0
SV20210734,IT4020,Hệ quản trị CSDL nâng cao,3,Nhóm 02,Kỹ thuật dữ liệu,2.7,74,7.8,83.9,10,90.8,50,7.3,10.0,0
SV20210734,IT4030,Phát triển ứng dụng Web,4,Nhóm 02,Kỹ thuật dữ liệu,2.7,74,8.4,81.3,13,88.2,86,7.7,9.0,0
SV20210734,MA2010,Xác suất thống kê ứng dụng,3,Nhóm 02,Kỹ thuật dữ liệu,2.7,74,6.2,74.6,13,93.1,69,9.6,6.4,0
SV20210735,IT4010,Học máy & Khai phá dữ liệu,3,Nhóm 03,Công nghệ thông tin,3.4,132,9.9,84.3,7,97.3,98,8.0,10.0,0
SV20210735,IT4020,Hệ quản trị CSDL nâng cao,3,Nhóm 03,Công nghệ thông tin,3.4,132,8.0,100.0,16,61.8,93,11.4,7.6,0
SV20210735,IT4030,Phát triển ứng dụng Web,4,Nhóm 03,Công nghệ thông tin,3.4,132,10.0,99.8,16,100.0,81,9.1,8.6,0
SV20210735,MA2010,Xác suất thống kê ứng dụng,3,Nhóm 03,Công nghệ thông tin,3.4,132,8.5,100.0,19,82.0,92,10.8,9.1,0
SV20210736,IT4010,Học máy & Khai phá dữ liệu,3,Nhóm 04,Kỹ thuật dữ liệu,3.0,86,8.0,90.7,10,92.2,85,8.2,7.1,0
SV20210736,IT4020,Hệ quản trị CSDL nâng cao,3,Nhóm 04,Kỹ thuật dữ liệu,3.0,86,7.9,76.0,14,100.0,80,7.2,5.7,0
SV20210736,IT4030,Phát triển ứng dụng Web,4,Nhóm 04,Kỹ thuật dữ liệu,3.0,86,7.3,71.1,13,96.7,70,8.0,6.2,0
SV20210736,MA2010,Xác suất thống kê ứng dụng,3,Nhóm 04,Kỹ thuật dữ liệu,3.0,86,8.0,89.5,12,86.1,82,6.0,7.2,0
SV20210737,IT4010,Học máy & Khai phá dữ liệu,3,Nhóm 01,Công nghệ thông tin,1.9,48,5.7,80.0,8,67.9,56,3.5,6.6,0
SV20210737,IT4020,Hệ quản trị CSDL nâng cao,3,Nhóm 01,Công nghệ thông tin,1.9,48,4.7,75.9,5,61.9,58,3.7,4.2,1
SV20210737,IT4030,Phát triển ứng dụng Web,4,Nhóm 01,Công nghệ thông tin,1.9,48,6.1,67.2,4,83.7,50,2.2,5.0,0
SV20210737,MA2010,Xác suất thống kê ứng dụng,3,Nhóm 01,Công nghệ thông tin,1.9,48,5.3,76.3,1,74.6,59,5.3,5.0,0
SV20210738,IT4010,Học máy & Khai phá dữ liệu,3,Nhóm 02,Công nghệ thông tin,2.7,79,6.8,66.8,10,83.3,64,5.5,7.8,0
SV20210738,IT4020,Hệ quản trị CSDL nâng cao,3,Nhóm 02,Công nghệ thông tin,2.7,79,8.1,74.7,5,84.4,72,6.6,6.4,0
SV20210738,IT4030,Phát triển ứng dụng Web,4,Nhóm 02,Công nghệ thông tin,2.7,79,7.6,76.9,9,70.2,67,8.3,7.3,0
SV20210738,MA2010,Xác suất thống kê ứng dụng,3,Nhóm 02,Công nghệ thông tin,2.7,79,6.0,64.3,8,79.9,65,4.0,4.1,1
SV20210739,IT4010,Học máy & Khai phá dữ liệu,3,Nhóm 03,Kỹ thuật dữ liệu,3.2,80,8.3,75.6,9,84.9,70,6.6,7.0,0
SV20210739,IT4020,Hệ quản trị CSDL nâng cao,3,Nhóm 03,Kỹ thuật dữ liệu,3.2,80,8.7,94.4,11,96.5,68,5.6,7.2,0
SV20210739,IT4030,Phát triển ứng dụng Web,4,Nhóm 03,Kỹ thuật dữ liệu,3.2,80,8.6,80.2,10,90.3,84,8.5,6.5,0
SV20210739,MA2010,Xác suất thống kê ứng dụng,3,Nhóm 03,Kỹ thuật dữ liệu,3.2,80,9.3,82.0,8,92.8,84,9.2,7.1,0
SV20210740,IT4010,Học máy & Khai phá dữ liệu,3,Nhóm 04,Kinh tế số,2.8,81,7.6,92.2,12,95.0,70,5.5,7.6,0
SV20210740,IT4020,Hệ quản trị CSDL nâng cao,3,Nhóm 04,Kinh tế số,2.8,81,7.0,88.5,4,83.5,56,5.3,5.3,0
SV20210740,IT4030,Phát triển ứng dụng Web,4,Nhóm 04,Kinh tế số,2.8,81,6.0,60.7,9,69.4,70,6.0,6.3,0
SV20210740,MA2010,Xác suất thống kê ứng dụng,3,Nhóm 04,Kinh tế số,2.8,81,7.4,84.3,5,93.4,72,5.3,6.9,0
SV20210741,IT4010,Học máy & Khai phá dữ liệu,3,Nhóm 01,Kinh tế số,3.0,99,8.3,87.0,16,86.3,70,9.0,7.9,0
SV20210741,IT4020,Hệ quản trị CSDL nâng cao,3,Nhóm 01,Kinh tế số,3.0,99,8.8,86.2,12,100.0,71,10.4,7.0,0
SV20210741,IT4030,Phát triển ứng dụng Web,4,Nhóm 01,Kinh tế số,3.0,99,8.1,91.1,9,86.3,86,2.0,4.5,1
SV20210741,MA2010,Xác suất thống kê ứng dụng,3,Nhóm 01,Kinh tế số,3.0,99,8.3,89.5,14,97.0,78,8.3,7.3,0
SV20210742,IT4010,Học máy & Khai phá dữ liệu,3,Nhóm 02,Công nghệ thông tin,2.5,54,4.2,91.6,9,84.8,71,4.1,4.4,1
SV20210742,IT4020,Hệ quản trị CSDL nâng cao,3,Nhóm 02,Công nghệ thông tin,2.5,54,6.2,76.9,13,69.7,65,6.1,7.1,0
SV20210742,IT4030,Phát triển ứng dụng Web,4,Nhóm 02,Công nghệ thông tin,2.5,54,6.9,91.1,1,73.4,56,5.3,5.9,0
SV20210742,MA2010,Xác suất thống kê ứng dụng,3,Nhóm 02,Công nghệ thông tin,2.5,54,5.8,62.2,6,67.6,57,3.2,5.3,0
SV20210743,IT4010,Học máy & Khai phá dữ liệu,3,Nhóm 03,Kỹ thuật dữ liệu,4.0,132,10.0,96.0,13,100.0,93,11.0,9.2,0
SV20210743,IT4020,Hệ quản trị CSDL nâng cao,3,Nhóm 03,Kỹ thuật dữ liệu,4.0,132,10.0,100.0,23,91.7,98,11.1,6.3,0
SV20210743,IT4030,Phát triển ứng dụng Web,4,Nhóm 03,Kỹ thuật dữ liệu,4.0,132,9.9,100.0,20,100.0,99,10.6,10.0,0
SV20210743,MA2010,Xác suất thống kê ứng dụng,3,Nhóm 03,Kỹ thuật dữ liệu,4.0,132,10.0,100.0,25,100.0,99,11.2,7.8,0
SV20210744,IT4010,Học máy & Khai phá dữ liệu,3,Nhóm 04,Công nghệ thông tin,2.9,56,8.7,88.2,15,85.3,90,5.9,7.9,0
SV20210744,IT4020,Hệ quản trị CSDL nâng cao,3,Nhóm 04,Công nghệ thông tin,2.9,56,6.6,81.0,5,71.4,78,10.0,7.4,0
SV20210744,IT4030,Phát triển ứng dụng Web,4,Nhóm 04,Công nghệ thông tin,2.9,56,8.5,91.0,11,91.6,71,6.5,7.8,0
SV20210744,MA2010,Xác suất thống kê ứng dụng,3,Nhóm 04,Công nghệ thông tin,2.9,56,8.2,88.5,16,91.6,71,7.2,4.3,1
SV20210745,IT4010,Học máy & Khai phá dữ liệu,3,Nhóm 01,Kỹ thuật dữ liệu,2.5,72,6.7,79.0,9,97.3,70,4.1,5.5,0
SV20210745,IT4020,Hệ quản trị CSDL nâng cao,3,Nhóm 01,Kỹ thuật dữ liệu,2.5,72,6.9,80.4,9,81.2,77,6.0,5.8,0
SV20210745,IT4030,Phát triển ứng dụng Web,4,Nhóm 01,Kỹ thuật dữ liệu,2.5,72,6.4,74.8,11,93.1,81,3.7,6.6,0
SV20210745,MA2010,Xác suất thống kê ứng dụng,3,Nhóm 01,Kỹ thuật dữ liệu,2.5,72,9.0,72.1,15,72.1,70,8.4,7.1,0
SV20210746,IT4010,Học máy & Khai phá dữ liệu,3,Nhóm 02,Công nghệ thông tin,2.4,70,8.7,89.0,18,85.8,69,5.9,8.0,0
SV20210746,IT4020,Hệ quản trị CSDL nâng cao,3,Nhóm 02,Công nghệ thông tin,2.4,70,6.4,86.8,6,61.6,80,4.7,5.3,0
SV20210746,IT4030,Phát triển ứng dụng Web,4,Nhóm 02,Công nghệ thông tin,2.4,70,7.0,78.8,11,92.7,78,3.0,7.0,0
SV20210746,MA2010,Xác suất thống kê ứng dụng,3,Nhóm 02,Công nghệ thông tin,2.4,70,6.5,81.2,11,87.1,77,5.1,6.0,0
SV20210747,IT4010,Học máy & Khai phá dữ liệu,3,Nhóm 03,Công nghệ thông tin,2.1,53,7.0,68.1,13,71.9,63,8.5,5.8,0
SV20210747,IT4020,Hệ quản trị CSDL nâng cao,3,Nhóm 03,Công nghệ thông tin,2.1,53,6.3,87.6,6,87.7,70,5.8,6.0,0
SV20210747,IT4030,Phát triển ứng dụng Web,4,Nhóm 03,Công nghệ thông tin,2.1,53,7.4,85.0,5,95.0,63,7.9,8.4,0
SV20210747,MA2010,Xác suất thống kê ứng dụng,3,Nhóm 03,Công nghệ thông tin,2.1,53,8.2,82.9,8,93.5,65,6.6,5.8,0
SV20210748,IT4010,Học máy & Khai phá dữ liệu,3,Nhóm 04,Công nghệ thông tin,3.1,76,8.0,100.0,15,98.0,100,7.8,7.8,0
SV20210748,IT4020,Hệ quản trị CSDL nâng cao,3,Nhóm 04,Công nghệ thông tin,3.1,76,8.7,100.0,4,91.2,76,8.3,7.1,0
SV20210748,IT4030,Phát triển ứng dụng Web,4,Nhóm 04,Công nghệ thông tin,3.1,76,8.8,91.9,13,100.0,71,7.7,7.8,0
SV20210748,MA2010,Xác suất thống kê ứng dụng,3,Nhóm 04,Công nghệ thông tin,3.1,76,8.5,81.6,14,98.5,97,3.7,5.4,0
SV20210749,IT4010,Học máy & Khai phá dữ liệu,3,Nhóm 01,Kinh tế số,2.1,81,6.2,78.0,13,94.6,64,6.0,6.3,0
SV20210749,IT4020,Hệ quản trị CSDL nâng cao,3,Nhóm 01,Kinh tế số,2.1,81,6.3,69.6,9,66.9,70,6.7,3.1,1
SV20210749,IT4030,Phát triển ứng dụng Web,4,Nhóm 01,Kinh tế số,2.1,81,6.1,80.7,10,69.3,69,5.2,6.2,0
SV20210749,MA2010,Xác suất thống kê ứng dụng,3,Nhóm 01,Kinh tế số,2.1,81,6.2,58.2,10,71.5,82,6.4,5.6,0
SV20210750,IT4010,Học máy & Khai phá dữ liệu,3,Nhóm 02,Công nghệ thông tin,3.2,86,9.7,100.0,21,84.2,89,7.5,8.4,0
SV20210750,IT4020,Hệ quản trị CSDL nâng cao,3,Nhóm 02,Công nghệ thông tin,3.2,86,8.2,98.2,12,100.0,76,9.6,5.9,0
SV20210750,IT4030,Phát triển ứng dụng Web,4,Nhóm 02,Công nghệ thông tin,3.2,86,7.3,100.0,8,88.5,60,6.7,7.4,0
SV20210750,MA2010,Xác suất thống kê ứng dụng,3,Nhóm 02,Công nghệ thông tin,3.2,86,8.5,88.8,7,96.0,82,7.3,6.7,0
SV20210751,IT4010,Học máy & Khai phá dữ liệu,3,Nhóm 03,Công nghệ thông tin,2.9,86,7.2,91.5,12,86.7,83,4.3,7.7,0
SV20210751,IT4020,Hệ quản trị CSDL nâng cao,3,Nhóm 03,Công nghệ thông tin,2.9,86,6.4,72.3,18,90.9,82,2.8,2.9,1
SV20210751,IT4030,Phát triển ứng dụng Web,4,Nhóm 03,Công nghệ thông tin,2.9,86,7.6,74.1,5,49.8,87,10.3,8.9,0
SV20210751,MA2010,Xác suất thống kê ứng dụng,3,Nhóm 03,Công nghệ thông tin,2.9,86,6.4,91.5,9,91.1,85,5.7,4.9,1
SV20210752,IT4010,Học máy & Khai phá dữ liệu,3,Nhóm 04,Kinh tế số,2.7,56,7.8,96.8,18,65.0,72,6.6,6.3,0
SV20210752,IT4020,Hệ quản trị CSDL nâng cao,3,Nhóm 04,Kinh tế số,2.7,56,7.5,90.0,11,86.9,79,6.8,6.6,0
SV20210752,IT4030,Phát triển ứng dụng Web,4,Nhóm 04,Kinh tế số,2.7,56,7.0,78.1,11,69.4,74,9.5,7.0,0
SV20210752,MA2010,Xác suất thống kê ứng dụng,3,Nhóm 04,Kinh tế số,2.7,56,7.3,83.0,14,90.7,69,5.2,7.1,0
SV20210753,IT4010,Học máy & Khai phá dữ liệu,3,Nhóm 01,Công nghệ thông tin,2.2,39,5.9,63.6,11,82.3,69,3.9,6.4,0
SV20210753,IT4020,Hệ quản trị CSDL nâng cao,3,Nhóm 01,Công nghệ thông tin,2.2,39,6.7,70.8,9,79.1,69,4.1,6.1,0
SV20210753,IT4030,Phát triển ứng dụng Web,4,Nhóm 01,Công nghệ thông tin,2.2,39,7.2,73.2,13,98.5,61,4.8,5.4,0
SV20210753,MA2010,Xác suất thống kê ứng dụng,3,Nhóm 01,Công nghệ thông tin,2.2,39,6.3,86.7,5,61.7,68,3.0,8.2,0
SV20210754,IT4010,Học máy & Khai phá dữ liệu,3,Nhóm 02,Kinh tế số,3.0,118,8.2,100.0,9,87.0,76,6.3,10.0,0
SV20210754,IT4020,Hệ quản trị CSDL nâng cao,3,Nhóm 02,Kinh tế số,3.0,118,7.2,72.6,7,69.9,63,6.7,4.7,1
SV20210754,IT4030,Phát triển ứng dụng Web,4,Nhóm 02,Kinh tế số,3.0,118,8.2,95.5,18,85.2,73,7.2,7.6,0
SV20210754,MA2010,Xác suất thống kê ứng dụng,3,Nhóm 02,Kinh tế số,3.0,118,7.7,90.8,9,88.7,79,7.3,8.9,0
SV20210755,IT4010,Học máy & Khai phá dữ liệu,3,Nhóm 03,Công nghệ thông tin,2.6,79,7.2,77.5,8,72.1,82,6.8,7.1,0
SV20210755,IT4020,Hệ quản trị CSDL nâng cao,3,Nhóm 03,Công nghệ thông tin,2.6,79,5.1,90.2,4,68.4,84,4.2,5.2,0
SV20210755,IT4030,Phát triển ứng dụng Web,4,Nhóm 03,Công nghệ thông tin,2.6,79,8.2,76.2,11,75.8,75,5.3,6.5,0
SV20210755,MA2010,Xác suất thống kê ứng dụng,3,Nhóm 03,Công nghệ thông tin,2.6,79,7.2,72.7,19,83.5,61,4.3,5.0,0
SV20210756,IT4010,Học máy & Khai phá dữ liệu,3,Nhóm 04,Kinh tế số,2.9,78,9.0,97.3,14,100.0,71,8.7,7.0,0
SV20210756,IT4020,Hệ quản trị CSDL nâng cao,3,Nhóm 04,Kinh tế số,2.9,78,8.4,99.3,10,96.3,62,8.0,7.1,0
SV20210756,IT4030,Phát triển ứng dụng Web,4,Nhóm 04,Kinh tế số,2.9,78,7.5,100.0,9,97.3,72,7.8,7.4,0
SV20210756,MA2010,Xác suất thống kê ứng dụng,3,Nhóm 04,Kinh tế số,2.9,78,8.8,77.7,9,93.7,77,8.7,5.6,0
SV20210757,IT4010,Học máy & Khai phá dữ liệu,3,Nhóm 01,Công nghệ thông tin,2.9,107,6.8,74.0,3,91.4,72,6.3,6.1,0
SV20210757,IT4020,Hệ quản trị CSDL nâng cao,3,Nhóm 01,Công nghệ thông tin,2.9,107,7.2,81.0,17,74.7,74,8.3,7.3,0
SV20210757,IT4030,Phát triển ứng dụng Web,4,Nhóm 01,Công nghệ thông tin,2.9,107,8.8,85.7,15,82.6,66,6.9,7.2,0
SV20210757,MA2010,Xác suất thống kê ứng dụng,3,Nhóm 01,Công nghệ thông tin,2.9,107,7.7,98.3,17,60.4,75,6.3,7.2,0
SV20210758,IT4010,Học máy & Khai phá dữ liệu,3,Nhóm 02,Kinh tế số,2.8,89,8.0,90.2,6,80.0,72,7.8,7.7,0
SV20210758,IT4020,Hệ quản trị CSDL nâng cao,3,Nhóm 02,Kinh tế số,2.8,89,6.9,87.4,10,76.2,94,9.3,6.5,0
SV20210758,IT4030,Phát triển ứng dụng Web,4,Nhóm 02,Kinh tế số,2.8,89,8.3,100.0,9,77.9,87,7.5,7.7,0
SV20210758,MA2010,Xác suất thống kê ứng dụng,3,Nhóm 02,Kinh tế số,2.8,89,8.9,90.7,24,90.0,71,7.6,6.0,0
SV20210759,IT4010,Học máy & Khai phá dữ liệu,3,Nhóm 03,Công nghệ thông tin,3.1,90,8.1,77.2,13,79.0,78,5.1,8.1,0
SV20210759,IT4020,Hệ quản trị CSDL nâng cao,3,Nhóm 03,Công nghệ thông tin,3.1,90,7.7,83.3,17,83.2,80,7.0,7.3,0
SV20210759,IT4030,Phát triển ứng dụng Web,4,Nhóm 03,Công nghệ thông tin,3.1,90,8.8,87.1,8,73.2,76,9.9,9.5,0
SV20210759,MA2010,Xác suất thống kê ứng dụng,3,Nhóm 03,Công nghệ thông tin,3.1,90,8.4,94.5,11,84.4,78,7.3,7.9,0
SV20210760,IT4010,Học máy & Khai phá dữ liệu,3,Nhóm 04,Công nghệ thông tin,3.8,132,9.1,86.1,13,95.8,85,7.1,6.0,0
SV20210760,IT4020,Hệ quản trị CSDL nâng cao,3,Nhóm 04,Công nghệ thông tin,3.8,132,9.5,100.0,17,100.0,89,10.8,8.7,0
SV20210760,IT4030,Phát triển ứng dụng Web,4,Nhóm 04,Công nghệ thông tin,3.8,132,9.0,87.9,22,100.0,79,9.5,10.0,0
SV20210760,MA2010,Xác suất thống kê ứng dụng,3,Nhóm 04,Công nghệ thông tin,3.8,132,10.0,89.8,16,91.5,69,8.9,7.3,0
SV20210761,IT4010,Học máy & Khai phá dữ liệu,3,Nhóm 01,Kỹ thuật dữ liệu,2.6,75,7.0,80.9,13,74.8,78,5.4,5.7,0
SV20210761,IT4020,Hệ quản trị CSDL nâng cao,3,Nhóm 01,Kỹ thuật dữ liệu,2.6,75,6.6,83.3,13,100.0,80,3.4,5.4,0
SV20210761,IT4030,Phát triển ứng dụng Web,4,Nhóm 01,Kỹ thuật dữ liệu,2.6,75,8.8,77.5,8,80.6,79,9.0,6.7,0
SV20210761,MA2010,Xác suất thống kê ứng dụng,3,Nhóm 01,Kỹ thuật dữ liệu,2.6,75,8.1,85.3,8,75.1,73,5.9,8.0,0
SV20210762,IT4010,Học máy & Khai phá dữ liệu,3,Nhóm 02,Công nghệ thông tin,2.8,77,8.0,79.3,1,77.5,84,9.1,8.4,0
SV20210762,IT4020,Hệ quản trị CSDL nâng cao,3,Nhóm 02,Công nghệ thông tin,2.8,77,7.5,71.1,15,92.1,93,6.4,7.4,0
SV20210762,IT4030,Phát triển ứng dụng Web,4,Nhóm 02,Công nghệ thông tin,2.8,77,7.2,74.0,13,92.2,84,5.7,7.1,0
SV20210762,MA2010,Xác suất thống kê ứng dụng,3,Nhóm 02,Công nghệ thông tin,2.8,77,7.7,91.9,17,75.8,76,6.4,5.8,0
SV20210763,IT4010,Học máy & Khai phá dữ liệu,3,Nhóm 03,Công nghệ thông tin,2.7,76,7.1,84.6,7,88.6,85,5.6,5.4,0
SV20210763,IT4020,Hệ quản trị CSDL nâng cao,3,Nhóm 03,Công nghệ thông tin,2.7,76,8.2,96.1,5,85.3,59,6.9,6.1,0
SV20210763,IT4030,Phát triển ứng dụng Web,4,Nhóm 03,Công nghệ thông tin,2.7,76,7.5,91.9,9,89.9,72,1.8,8.6,0
SV20210763,MA2010,Xác suất thống kê ứng dụng,3,Nhóm 03,Công nghệ thông tin,2.7,76,6.5,89.5,6,74.9,68,7.0,7.3,0
SV20210764,IT4010,Học máy & Khai phá dữ liệu,3,Nhóm 04,Kỹ thuật dữ liệu,2.3,53,5.8,91.0,19,80.0,85,9.9,6.2,0
SV20210764,IT4020,Hệ quản trị CSDL nâng cao,3,Nhóm 04,Kỹ thuật dữ liệu,2.3,53,5.5,80.1,10,69.6,72,2.9,3.8,1
SV20210764,IT4030,Phát triển ứng dụng Web,4,Nhóm 04,Kỹ thuật dữ liệu,2.3,53,6.3,81.3,10,79.4,73,3.2,7.6,0
SV20210764,MA2010,Xác suất thống kê ứng dụng,3,Nhóm 04,Kỹ thuật dữ liệu,2.3,53,7.0,95.5,10,70.4,61,5.7,7.4,0
SV20210765,IT4010,Học máy & Khai phá dữ liệu,3,Nhóm 01,Công nghệ thông tin,1.9,88,8.1,74.0,6,69.8,62,1.9,8.9,0
SV20210765,IT4020,Hệ quản trị CSDL nâng cao,3,Nhóm 01,Công nghệ thông tin,1.9,88,6.8,83.7,8,80.3,63,0.7,3.6,1
SV20210765,IT4030,Phát triển ứng dụng Web,4,Nhóm 01,Công nghệ thông tin,1.9,88,4.3,70.3,6,77.9,66,4.0,4.7,1
SV20210765,MA2010,Xác suất thống kê ứng dụng,3,Nhóm 01,Công nghệ thông tin,1.9,88,7.3,79.6,7,92.0,65,1.3,5.3,0
SV20210766,IT4010,Học máy & Khai phá dữ liệu,3,Nhóm 02,Công nghệ thông tin,1.9,69,6.4,61.3,4,89.8,64,4.9,6.2,0
SV20210766,IT4020,Hệ quản trị CSDL nâng cao,3,Nhóm 02,Công nghệ thông tin,1.9,69,6.4,82.2,8,60.1,75,4.2,4.1,1
SV20210766,IT4030,Phát triển ứng dụng Web,4,Nhóm 02,Công nghệ thông tin,1.9,69,7.3,73.3,4,89.1,73,7.0,7.1,0
SV20210766,MA2010,Xác suất thống kê ứng dụng,3,Nhóm 02,Công nghệ thông tin,1.9,69,5.6,81.7,8,69.2,75,6.6,5.1,0
SV20210767,IT4010,Học máy & Khai phá dữ liệu,3,Nhóm 03,Công nghệ thông tin,2.6,94,7.8,66.8,12,56.8,73,8.9,6.5,0
SV20210767,IT4020,Hệ quản trị CSDL nâng cao,3,Nhóm 03,Công nghệ thông tin,2.6,94,6.9,91.6,15,83.9,69,4.2,4.8,1
SV20210767,IT4030,Phát triển ứng dụng Web,4,Nhóm 03,Công nghệ thông tin,2.6,94,8.2,82.6,13,94.3,80,6.7,7.5,0
SV20210767,MA2010,Xác suất thống kê ứng dụng,3,Nhóm 03,Công nghệ thông tin,2.6,94,6.4,87.8,12,100.0,70,6.0,6.0,0
SV20210768,IT4010,Học máy & Khai phá dữ liệu,3,Nhóm 04,Kinh tế số,2.3,82,6.2,74.3,8,60.8,73,6.4,4.6,1
SV20210768,IT4020,Hệ quản trị CSDL nâng cao,3,Nhóm 04,Kinh tế số,2.3,82,7.3,77.3,13,79.4,78,8.0,7.3,0
SV20210768,IT4030,Phát triển ứng dụng Web,4,Nhóm 04,Kinh tế số,2.3,82,6.9,81.8,7,68.2,67,7.7,9.0,0
SV20210768,MA2010,Xác suất thống kê ứng dụng,3,Nhóm 04,Kinh tế số,2.3,82,7.8,78.4,7,85.3,71,4.8,7.6,0
SV20210769,IT4010,Học máy & Khai phá dữ liệu,3,Nhóm 01,Công nghệ thông tin,2.5,89,8.7,79.2,9,74.5,86,8.6,5.7,0
SV20210769,IT4020,Hệ quản trị CSDL nâng cao,3,Nhóm 01,Công nghệ thông tin,2.5,89,7.4,88.0,8,69.4,69,3.5,7.5,0
SV20210769,IT4030,Phát triển ứng dụng Web,4,Nhóm 01,Công nghệ thông tin,2.5,89,8.8,78.4,16,80.4,75,3.4,8.2,0
SV20210769,MA2010,Xác suất thống kê ứng dụng,3,Nhóm 01,Công nghệ thông tin,2.5,89,6.0,87.8,15,76.2,75,6.3,5.2,0
SV20210770,IT4010,Học máy & Khai phá dữ liệu,3,Nhóm 02,Công nghệ thông tin,3.4,118,9.2,99.5,13,100.0,96,10.3,6.9,0
SV20210770,IT4020,Hệ quản trị CSDL nâng cao,3,Nhóm 02,Công nghệ thông tin,3.4,118,8.5,84.0,9,76.6,91,9.9,7.9,0
SV20210770,IT4030,Phát triển ứng dụng Web,4,Nhóm 02,Công nghệ thông tin,3.4,118,10.0,100.0,21,100.0,85,10.5,10.0,0
SV20210770,MA2010,Xác suất thống kê ứng dụng,3,Nhóm 02,Công nghệ thông tin,3.4,118,9.2,100.0,18,98.0,86,9.8,8.3,0
SV20210771,IT4010,Học máy & Khai phá dữ liệu,3,Nhóm 03,Kinh tế số,3.2,108,9.0,90.0,17,100.0,88,11.4,8.7,0
SV20210771,IT4020,Hệ quản trị CSDL nâng cao,3,Nhóm 03,Kinh tế số,3.2,108,10.0,91.0,19,100.0,90,9.9,6.4,0
SV20210771,IT4030,Phát triển ứng dụng Web,4,Nhóm 03,Kinh tế số,3.2,108,9.4,92.9,13,100.0,77,12.2,7.2,0
SV20210771,MA2010,Xác suất thống kê ứng dụng,3,Nhóm 03,Kinh tế số,3.2,108,7.9,82.5,18,95.5,85,9.6,6.9,0
SV20210772,IT4010,Học máy & Khai phá dữ liệu,3,Nhóm 04,Kinh tế số,2.3,71,7.2,85.4,10,99.2,69,5.4,6.4,0
SV20210772,IT4020,Hệ quản trị CSDL nâng cao,3,Nhóm 04,Kinh tế số,2.3,71,6.9,89.9,15,92.8,84,3.6,5.6,0
SV20210772,IT4030,Phát triển ứng dụng Web,4,Nhóm 04,Kinh tế số,2.3,71,7.1,83.1,10,88.9,75,7.3,7.8,0
SV20210772,MA2010,Xác suất thống kê ứng dụng,3,Nhóm 04,Kinh tế số,2.3,71,7.3,77.9,3,94.1,69,3.7,4.5,1
SV20210773,IT4010,Học máy & Khai phá dữ liệu,3,Nhóm 01,Công nghệ thông tin,2.9,56,9.8,92.4,11,78.2,72,7.9,7.6,0
SV20210773,IT4020,Hệ quản trị CSDL nâng cao,3,Nhóm 01,Công nghệ thông tin,2.9,56,8.2,88.1,7,86.7,91,5.4,6.6,0
SV20210773,IT4030,Phát triển ứng dụng Web,4,Nhóm 01,Công nghệ thông tin,2.9,56,7.7,82.0,19,85.4,63,6.2,7.6,0
SV20210773,MA2010,Xác suất thống kê ứng dụng,3,Nhóm 01,Công nghệ thông tin,2.9,56,8.7,86.5,17,100.0,73,7.3,8.6,0
SV20210774,IT4010,Học máy & Khai phá dữ liệu,3,Nhóm 02,Công nghệ thông tin,2.5,61,6.9,83.8,5,94.2,65,4.4,6.8,0
SV20210774,IT4020,Hệ quản trị CSDL nâng cao,3,Nhóm 02,Công nghệ thông tin,2.5,61,4.9,60.5,5,91.3,70,5.7,5.7,0
SV20210774,IT4030,Phát triển ứng dụng Web,4,Nhóm 02,Công nghệ thông tin,2.5,61,6.2,78.1,9,78.9,64,6.3,4.7,1
SV20210774,MA2010,Xác suất thống kê ứng dụng,3,Nhóm 02,Công nghệ thông tin,2.5,61,5.3,80.5,5,56.6,83,3.0,5.3,0
SV20210775,IT4010,Học máy & Khai phá dữ liệu,3,Nhóm 03,Công nghệ thông tin,3.2,99,8.2,74.8,10,98.3,73,10.2,7.6,0
SV20210775,IT4020,Hệ quản trị CSDL nâng cao,3,Nhóm 03,Công nghệ thông tin,3.2,99,7.4,87.5,11,100.0,79,8.7,7.4,0
SV20210775,IT4030,Phát triển ứng dụng Web,4,Nhóm 03,Công nghệ thông tin,3.2,99,8.3,90.6,14,75.2,62,11.1,6.6,0
SV20210775,MA2010,Xác suất thống kê ứng dụng,3,Nhóm 03,Công nghệ thông tin,3.2,99,8.8,99.2,17,93.2,80,10.1,6.0,0
SV20210776,IT4010,Học máy & Khai phá dữ liệu,3,Nhóm 04,Công nghệ thông tin,2.3,39,5.5,77.0,7,60.7,61,5.4,6.2,0
SV20210776,IT4020,Hệ quản trị CSDL nâng cao,3,Nhóm 04,Công nghệ thông tin,2.3,39,5.8,94.4,7,64.1,68,7.1,8.3,0
SV20210776,IT4030,Phát triển ứng dụng Web,4,Nhóm 04,Công nghệ thông tin,2.3,39,7.9,86.9,8,79.5,52,6.3,7.9,0
SV20210776,MA2010,Xác suất thống kê ứng dụng,3,Nhóm 04,Công nghệ thông tin,2.3,39,6.8,63.7,9,84.1,61,2.4,3.8,1
SV20210777,IT4010,Học máy & Khai phá dữ liệu,3,Nhóm 01,Công nghệ thông tin,2.8,86,6.5,86.3,11,82.3,62,5.2,6.4,0
SV20210777,IT4020,Hệ quản trị CSDL nâng cao,3,Nhóm 01,Công nghệ thông tin,2.8,86,7.9,69.6,18,71.8,78,4.9,4.9,1
SV20210777,IT4030,Phát triển ứng dụng Web,4,Nhóm 01,Công nghệ thông tin,2.8,86,9.2,93.0,10,68.7,83,6.5,8.6,0
SV20210777,MA2010,Xác suất thống kê ứng dụng,3,Nhóm 01,Công nghệ thông tin,2.8,86,7.2,71.2,8,94.7,77,7.8,7.2,0
SV20210778,IT4010,Học máy & Khai phá dữ liệu,3,Nhóm 02,Công nghệ thông tin,1.9,61,5.9,78.8,1,79.9,71,6.1,4.9,1
SV20210778,IT4020,Hệ quản trị CSDL nâng cao,3,Nhóm 02,Công nghệ thông tin,1.9,61,6.1,83.7,7,78.6,68,4.8,5.7,0
SV20210778,IT4030,Phát triển ứng dụng Web,4,Nhóm 02,Công nghệ thông tin,1.9,61,7.3,73.1,1,84.4,73,3.0,6.3,0
SV20210778,MA2010,Xác suất thống kê ứng dụng,3,Nhóm 02,Công nghệ thông tin,1.9,61,6.2,65.7,9,70.1,59,3.8,6.4,0
SV20210779,IT4010,Học máy & Khai phá dữ liệu,3,Nhóm 03,Công nghệ thông tin,2.6,88,7.4,80.7,5,91.8,70,8.0,6.6,0
SV20210779,IT4020,Hệ quản trị CSDL nâng cao,3,Nhóm 03,Công nghệ thông tin,2.6,88,7.0,90.7,15,64.8,79,5.7,4.5,1
SV20210779,IT4030,Phát triển ứng dụng Web,4,Nhóm 03,Công nghệ thông tin,2.6,88,9.0,81.3,17,100.0,82,4.9,7.5,0
SV20210779,MA2010,Xác suất thống kê ứng dụng,3,Nhóm 03,Công nghệ thông tin,2.6,88,8.7,85.3,10,77.6,67,6.4,9.4,0
SV20210780,IT4010,Học máy & Khai phá dữ liệu,3,Nhóm 04,Kỹ thuật dữ liệu,2.2,77,5.9,89.5,13,68.7,65,4.5,7.8,0
SV20210780,IT4020,Hệ quản trị CSDL nâng cao,3,Nhóm 04,Kỹ thuật dữ liệu,2.2,77,6.6,85.3,3,82.1,67,3.3,6.8,0
SV20210780,IT4030,Phát triển ứng dụng Web,4,Nhóm 04,Kỹ thuật dữ liệu,2.2,77,8.0,78.3,7,74.5,75,7.6,6.6,0
SV20210780,MA2010,Xác suất thống kê ứng dụng,3,Nhóm 04,Kỹ thuật dữ liệu,2.2,77,6.1,66.4,8,87.7,67,4.3,4.8,1
SV20210781,IT4010,Học máy & Khai phá dữ liệu,3,Nhóm 01,Công nghệ thông tin,3.7,117,10.0,100.0,18,100.0,95,11.7,8.8,0
SV20210781,IT4020,Hệ quản trị CSDL nâng cao,3,Nhóm 01,Công nghệ thông tin,3.7,117,8.9,100.0,21,88.3,100,9.2,8.8,0
SV20210781,IT4030,Phát triển ứng dụng Web,4,Nhóm 01,Công nghệ thông tin,3.7,117,10.0,99.6,20,94.7,93,9.0,8.6,0
SV20210781,MA2010,Xác suất thống kê ứng dụng,3,Nhóm 01,Công nghệ thông tin,3.7,117,10.0,100.0,22,97.6,95,11.9,9.7,0
SV20210782,IT4010,Học máy & Khai phá dữ liệu,3,Nhóm 02,Công nghệ thông tin,2.7,93,7.2,84.3,9,97.4,78,4.7,4.1,1
SV20210782,IT4020,Hệ quản trị CSDL nâng cao,3,Nhóm 02,Công nghệ thông tin,2.7,93,7.2,83.9,7,100.0,85,4.4,6.3,0
SV20210782,IT4030,Phát triển ứng dụng Web,4,Nhóm 02,Công nghệ thông tin,2.7,93,8.5,90.4,6,95.7,95,7.3,8.7,0
SV20210782,MA2010,Xác suất thống kê ứng dụng,3,Nhóm 02,Công nghệ thông tin,2.7,93,7.9,76.7,11,87.1,81,11.6,6.4,0
SV20210783,IT4010,Học máy & Khai phá dữ liệu,3,Nhóm 03,Kinh tế số,2.5,67,6.6,76.4,7,80.9,85,8.1,7.0,0
SV20210783,IT4020,Hệ quản trị CSDL nâng cao,3,Nhóm 03,Kinh tế số,2.5,67,7.9,79.8,15,89.9,70,7.5,6.1,0
SV20210783,IT4030,Phát triển ứng dụng Web,4,Nhóm 03,Kinh tế số,2.5,67,8.5,83.2,9,96.3,79,5.0,7.7,0
SV20210783,MA2010,Xác suất thống kê ứng dụng,3,Nhóm 03,Kinh tế số,2.5,67,7.3,93.0,14,84.4,71,3.8,6.7,0
SV20210784,IT4010,Học máy & Khai phá dữ liệu,3,Nhóm 04,Công nghệ thông tin,2.5,48,7.1,84.4,2,75.1,67,2.3,6.1,0
SV20210784,IT4020,Hệ quản trị CSDL nâng cao,3,Nhóm 04,Công nghệ thông tin,2.5,48,5.9,83.1,10,87.0,74,6.3,5.1,0
SV20210784,IT4030,Phát triển ứng dụng Web,4,Nhóm 04,Công nghệ thông tin,2.5,48,6.9,59.5,8,64.1,72,7.4,5.9,0
SV20210784,MA2010,Xác suất thống kê ứng dụng,3,Nhóm 04,Công nghệ thông tin,2.5,48,8.2,96.6,11,86.0,77,8.6,5.9,0
SV20210785,IT4010,Học máy & Khai phá dữ liệu,3,Nhóm 01,Kinh tế số,2.5,77,6.4,76.2,7,79.6,80,6.8,5.5,0
SV20210785,IT4020,Hệ quản trị CSDL nâng cao,3,Nhóm 01,Kinh tế số,2.5,77,8.0,86.5,7,77.8,78,6.1,8.1,0
SV20210785,IT4030,Phát triển ứng dụng Web,4,Nhóm 01,Kinh tế số,2.5,77,7.0,73.2,1,100.0,67,7.2,7.6,0
SV20210785,MA2010,Xác suất thống kê ứng dụng,3,Nhóm 01,Kinh tế số,2.5,77,6.7,71.8,6,72.7,74,4.5,6.2,0
SV20210786,IT4010,Học máy & Khai phá dữ liệu,3,Nhóm 02,Công nghệ thông tin,3.6,112,8.9,94.8,13,99.1,94,7.8,9.3,0
SV20210786,IT4020,Hệ quản trị CSDL nâng cao,3,Nhóm 02,Công nghệ thông tin,3.6,112,10.0,93.2,23,100.0,85,9.4,8.0,0
SV20210786,IT4030,Phát triển ứng dụng Web,4,Nhóm 02,Công nghệ thông tin,3.6,112,9.5,96.3,18,100.0,87,9.5,7.4,0
SV20210786,MA2010,Xác suất thống kê ứng dụng,3,Nhóm 02,Công nghệ thông tin,3.6,112,9.5,96.6,15,100.0,95,7.8,5.8,0
SV20210787,IT4010,Học máy & Khai phá dữ liệu,3,Nhóm 03,Công nghệ thông tin,2.9,85,7.7,91.4,15,71.3,77,11.4,8.3,0
SV20210787,IT4020,Hệ quản trị CSDL nâng cao,3,Nhóm 03,Công nghệ thông tin,2.9,85,7.1,79.1,16,82.7,73,6.6,6.6,0
SV20210787,IT4030,Phát triển ứng dụng Web,4,Nhóm 03,Công nghệ thông tin,2.9,85,9.4,96.5,6,68.7,74,8.5,7.5,0
SV20210787,MA2010,Xác suất thống kê ứng dụng,3,Nhóm 03,Công nghệ thông tin,2.9,85,8.2,89.1,9,82.9,83,9.3,8.2,0
SV20210788,IT4010,Học máy & Khai phá dữ liệu,3,Nhóm 04,Công nghệ thông tin,3.1,86,8.1,82.1,16,100.0,72,6.0,6.3,0
SV20210788,IT4020,Hệ quản trị CSDL nâng cao,3,Nhóm 04,Công nghệ thông tin,3.1,86,6.6,78.3,16,75.5,75,3.7,4.4,1
SV20210788,IT4030,Phát triển ứng dụng Web,4,Nhóm 04,Công nghệ thông tin,3.1,86,9.2,81.7,14,91.7,81,9.9,8.0,0
SV20210788,MA2010,Xác suất thống kê ứng dụng,3,Nhóm 04,Công nghệ thông tin,3.1,86,7.8,76.9,23,98.5,70,7.6,8.5,0
SV20210789,IT4010,Học máy & Khai phá dữ liệu,3,Nhóm 01,Kỹ thuật dữ liệu,2.8,92,7.2,100.0,9,84.4,69,4.7,7.2,0
SV20210789,IT4020,Hệ quản trị CSDL nâng cao,3,Nhóm 01,Kỹ thuật dữ liệu,2.8,92,6.5,87.4,7,91.8,59,7.4,7.1,0
SV20210789,IT4030,Phát triển ứng dụng Web,4,Nhóm 01,Kỹ thuật dữ liệu,2.8,92,8.7,85.7,3,92.8,54,8.0,4.7,1
SV20210789,MA2010,Xác suất thống kê ứng dụng,3,Nhóm 01,Kỹ thuật dữ liệu,2.8,92,6.6,77.1,11,76.4,71,8.8,5.4,0
SV20210790,IT4010,Học máy & Khai phá dữ liệu,3,Nhóm 02,Kỹ thuật dữ liệu,3.2,77,8.2,91.8,7,80.4,90,9.9,6.9,0
SV20210790,IT4020,Hệ quản trị CSDL nâng cao,3,Nhóm 02,Kỹ thuật dữ liệu,3.2,77,8.5,86.7,14,84.8,74,7.8,6.1,0
SV20210790,IT4030,Phát triển ứng dụng Web,4,Nhóm 02,Kỹ thuật dữ liệu,3.2,77,7.6,82.0,5,69.2,74,8.6,9.4,0
SV20210790,MA2010,Xác suất thống kê ứng dụng,3,Nhóm 02,Kỹ thuật dữ liệu,3.2,77,7.8,94.5,17,96.1,71,8.9,7.8,0
SV20210791,IT4010,Học máy & Khai phá dữ liệu,3,Nhóm 03,Kỹ thuật dữ liệu,2.4,83,7.5,71.3,7,89.2,80,5.9,7.5,0
SV20210791,IT4020,Hệ quản trị CSDL nâng cao,3,Nhóm 03,Kỹ thuật dữ liệu,2.4,83,6.4,82.8,10,87.0,70,9.8,6.2,0
SV20210791,IT4030,Phát triển ứng dụng Web,4,Nhóm 03,Kỹ thuật dữ liệu,2.4,83,8.3,84.0,6,97.3,68,8.8,8.5,0
SV20210791,MA2010,Xác suất thống kê ứng dụng,3,Nhóm 03,Kỹ thuật dữ liệu,2.4,83,5.9,65.1,13,78.0,70,4.1,5.0,0
SV20210792,IT4010,Học máy & Khai phá dữ liệu,3,Nhóm 04,Công nghệ thông tin,2.4,94,8.2,80.3,13,86.2,79,4.6,3.8,1
SV20210792,IT4020,Hệ quản trị CSDL nâng cao,3,Nhóm 04,Công nghệ thông tin,2.4,94,8.0,81.1,12,78.9,70,8.6,7.8,0
SV20210792,IT4030,Phát triển ứng dụng Web,4,Nhóm 04,Công nghệ thông tin,2.4,94,8.1,95.5,15,77.6,74,7.3,8.0,0
SV20210792,MA2010,Xác suất thống kê ứng dụng,3,Nhóm 04,Công nghệ thông tin,2.4,94,8.0,84.2,7,84.1,77,10.8,9.3,0
SV20210793,IT4010,Học máy & Khai phá dữ liệu,3,Nhóm 01,Kinh tế số,2.6,96,8.5,72.9,14,88.3,99,7.8,8.3,0
SV20210793,IT4020,Hệ quản trị CSDL nâng cao,3,Nhóm 01,Kinh tế số,2.6,96,8.6,90.2,10,81.3,78,8.9,8.0,0
SV20210793,IT4030,Phát triển ứng dụng Web,4,Nhóm 01,Kinh tế số,2.6,96,7.9,87.3,12,92.4,85,7.6,8.4,0
SV20210793,MA2010,Xác suất thống kê ứng dụng,3,Nhóm 01,Kinh tế số,2.6,96,6.8,83.1,11,80.1,77,9.8,7.3,0
SV20210794,IT4010,Học máy & Khai phá dữ liệu,3,Nhóm 02,Công nghệ thông tin,2.2,67,6.2,72.6,12,75.8,66,7.2,5.8,0
SV20210794,IT4020,Hệ quản trị CSDL nâng cao,3,Nhóm 02,Công nghệ thông tin,2.2,67,5.4,73.9,11,78.7,54,3.7,6.7,0
SV20210794,IT4030,Phát triển ứng dụng Web,4,Nhóm 02,Công nghệ thông tin,2.2,67,5.2,51.1,12,88.9,65,5.2,3.5,1
SV20210794,MA2010,Xác suất thống kê ứng dụng,3,Nhóm 02,Công nghệ thông tin,2.2,67,5.9,72.8,1,91.6,60,2.9,5.6,0
SV20210795,IT4010,Học máy & Khai phá dữ liệu,3,Nhóm 03,Kinh tế số,2.6,42,6.1,84.0,10,79.0,74,5.4,7.0,0
SV20210795,IT4020,Hệ quản trị CSDL nâng cao,3,Nhóm 03,Kinh tế số,2.6,42,6.1,68.3,8,79.2,79,5.3,7.1,0
SV20210795,IT4030,Phát triển ứng dụng Web,4,Nhóm 03,Kinh tế số,2.6,42,8.6,87.9,4,73.1,71,0.9,6.3,0
SV20210795,MA2010,Xác suất thống kê ứng dụng,3,Nhóm 03,Kinh tế số,2.6,42,7.3,81.2,11,84.4,66,7.6,6.8,0
SV20210796,IT4010,Học máy & Khai phá dữ liệu,3,Nhóm 04,Công nghệ thông tin,3.4,94,7.5,80.5,9,84.4,72,8.3,8.4,0
SV20210796,IT4020,Hệ quản trị CSDL nâng cao,3,Nhóm 04,Công nghệ thông tin,3.4,94,7.8,82.7,13,98.3,83,8.6,6.5,0
SV20210796,IT4030,Phát triển ứng dụng Web,4,Nhóm 04,Công nghệ thông tin,3.4,94,9.3,73.7,14,77.5,74,7.9,7.7,0
SV20210796,MA2010,Xác suất thống kê ứng dụng,3,Nhóm 04,Công nghệ thông tin,3.4,94,8.0,91.8,16,95.2,85,8.4,8.7,0
SV20210797,IT4010,Học máy & Khai phá dữ liệu,3,Nhóm 01,Kinh tế số,2.6,74,6.9,73.4,10,79.2,67,9.0,6.5,0
SV20210797,IT4020,Hệ quản trị CSDL nâng cao,3,Nhóm 01,Kinh tế số,2.6,74,5.9,77.9,14,76.6,69,4.9,5.6,0
SV20210797,IT4030,Phát triển ứng dụng Web,4,Nhóm 01,Kinh tế số,2.6,74,8.8,96.0,12,78.4,73,7.7,8.5,0
SV20210797,MA2010,Xác suất thống kê ứng dụng,3,Nhóm 01,Kinh tế số,2.6,74,8.1,70.0,12,72.9,88,4.2,5.7,0
SV20210798,IT4010,Học máy & Khai phá dữ liệu,3,Nhóm 02,Kỹ thuật dữ liệu,3.3,91,7.9,100.0,13,93.9,79,8.3,5.9,0
SV20210798,IT4020,Hệ quản trị CSDL nâng cao,3,Nhóm 02,Kỹ thuật dữ liệu,3.3,91,8.4,85.1,8,94.7,68,10.6,7.0,0
SV20210798,IT4030,Phát triển ứng dụng Web,4,Nhóm 02,Kỹ thuật dữ liệu,3.3,91,9.4,90.6,9,100.0,75,10.5,9.0,0
SV20210798,MA2010,Xác suất thống kê ứng dụng,3,Nhóm 02,Kỹ thuật dữ liệu,3.3,91,8.1,87.3,11,100.0,82,8.4,6.4,0
SV20210799,IT4010,Học máy & Khai phá dữ liệu,3,Nhóm 03,Kinh tế số,2.2,75,7.5,80.8,13,77.5,75,5.0,6.7,0
SV20210799,IT4020,Hệ quản trị CSDL nâng cao,3,Nhóm 03,Kinh tế số,2.2,75,8.0,73.5,6,74.8,67,6.5,6.9,0
SV20210799,IT4030,Phát triển ứng dụng Web,4,Nhóm 03,Kinh tế số,2.2,75,7.4,74.5,10,88.2,67,5.2,6.3,0
SV20210799,MA2010,Xác suất thống kê ứng dụng,3,Nhóm 03,Kinh tế số,2.2,75,7.2,80.6,8,100.0,66,2.3,6.2,0
SV20210800,IT4010,Học máy & Khai phá dữ liệu,3,Nhóm 04,Kỹ thuật dữ liệu,3.0,71,8.9,96.0,14,74.6,79,10.6,7.9,0
SV20210800,IT4020,Hệ quản trị CSDL nâng cao,3,Nhóm 04,Kỹ thuật dữ liệu,3.0,71,8.3,95.6,20,99.8,95,8.5,7.9,0
SV20210800,IT4030,Phát triển ứng dụng Web,4,Nhóm 04,Kỹ thuật dữ liệu,3.0,71,9.9,93.7,18,78.6,83,8.3,7.8,0
SV20210800,MA2010,Xác suất thống kê ứng dụng,3,Nhóm 04,Kỹ thuật dữ liệu,3.0,71,6.0,92.2,13,88.1,77,8.1,5.7,0
SV20210801,IT4010,Học máy & Khai phá dữ liệu,3,Nhóm 01,Công nghệ thông tin,1.8,28,6.2,80.4,2,74.4,62,3.8,7.2,0
SV20210801,IT4020,Hệ quản trị CSDL nâng cao,3,Nhóm 01,Công nghệ thông tin,1.8,28,5.3,82.7,4,82.5,57,0.7,6.4,0
SV20210801,IT4030,Phát triển ứng dụng Web,4,Nhóm 01,Công nghệ thông tin,1.8,28,7.3,60.1,7,82.8,69,6.3,4.9,1
SV20210801,MA2010,Xác suất thống kê ứng dụng,3,Nhóm 01,Công nghệ thông tin,1.8,28,6.2,74.8,2,86.8,64,0.0,4.9,1
SV20210802,IT4010,Học máy & Khai phá dữ liệu,3,Nhóm 02,Công nghệ thông tin,3.5,116,8.6,95.2,15,96.2,70,7.1,7.1,0
SV20210802,IT4020,Hệ quản trị CSDL nâng cao,3,Nhóm 02,Công nghệ thông tin,3.5,116,9.1,95.9,18,97.3,76,6.6,5.3,0
SV20210802,IT4030,Phát triển ứng dụng Web,4,Nhóm 02,Công nghệ thông tin,3.5,116,7.7,88.7,16,100.0,87,7.9,9.1,0
SV20210802,MA2010,Xác suất thống kê ứng dụng,3,Nhóm 02,Công nghệ thông tin,3.5,116,7.5,95.2,10,75.7,69,10.4,8.1,0
SV20210803,IT4010,Học máy & Khai phá dữ liệu,3,Nhóm 03,Công nghệ thông tin,2.2,85,6.7,73.6,14,85.5,66,4.5,5.9,0
SV20210803,IT4020,Hệ quản trị CSDL nâng cao,3,Nhóm 03,Công nghệ thông tin,2.2,85,6.1,75.1,10,95.2,73,5.1,4.1,1
SV20210803,IT4030,Phát triển ứng dụng Web,4,Nhóm 03,Công nghệ thông tin,2.2,85,7.7,86.6,17,88.5,65,6.6,7.4,0
SV20210803,MA2010,Xác suất thống kê ứng dụng,3,Nhóm 03,Công nghệ thông tin,2.2,85,7.6,69.9,10,81.3,60,4.5,4.3,1
SV20210804,IT4010,Học máy & Khai phá dữ liệu,3,Nhóm 04,Công nghệ thông tin,2.4,67,8.0,84.1,7,73.4,64,3.7,6.5,0
SV20210804,IT4020,Hệ quản trị CSDL nâng cao,3,Nhóm 04,Công nghệ thông tin,2.4,67,6.4,71.6,19,89.3,68,4.9,6.9,0
SV20210804,IT4030,Phát triển ứng dụng Web,4,Nhóm 04,Công nghệ thông tin,2.4,67,7.2,89.7,6,92.3,64,3.4,7.2,0
SV20210804,MA2010,Xác suất thống kê ứng dụng,3,Nhóm 04,Công nghệ thông tin,2.4,67,6.9,80.1,4,78.2,68,4.6,5.4,0
SV20210805,IT4010,Học máy & Khai phá dữ liệu,3,Nhóm 01,Công nghệ thông tin,3.2,88,10.0,85.3,10,93.9,65,8.8,8.8,0
SV20210805,IT4020,Hệ quản trị CSDL nâng cao,3,Nhóm 01,Công nghệ thông tin,3.2,88,8.7,100.0,16,97.9,88,8.6,6.3,0
SV20210805,IT4030,Phát triển ứng dụng Web,4,Nhóm 01,Công nghệ thông tin,3.2,88,10.0,97.2,10,77.4,79,3.9,9.4,0
SV20210805,MA2010,Xác suất thống kê ứng dụng,3,Nhóm 01,Công nghệ thông tin,3.2,88,9.0,93.8,12,89.9,78,8.3,8.8,0
SV20210806,IT4010,Học máy & Khai phá dữ liệu,3,Nhóm 02,Công nghệ thông tin,2.2,61,6.8,77.4,10,75.7,70,5.6,4.7,1
SV20210806,IT4020,Hệ quản trị CSDL nâng cao,3,Nhóm 02,Công nghệ thông tin,2.2,61,4.2,75.8,7,72.6,58,5.4,5.6,0
SV20210806,IT4030,Phát triển ứng dụng Web,4,Nhóm 02,Công nghệ thông tin,2.2,61,4.5,76.6,1,73.1,69,3.9,4.3,1
SV20210806,MA2010,Xác suất thống kê ứng dụng,3,Nhóm 02,Công nghệ thông tin,2.2,61,6.7,75.7,2,56.5,80,4.4,5.9,0
SV20210807,IT4010,Học máy & Khai phá dữ liệu,3,Nhóm 03,Kinh tế số,2.2,41,6.0,65.1,8,82.6,53,6.4,4.9,1
SV20210807,IT4020,Hệ quản trị CSDL nâng cao,3,Nhóm 03,Kinh tế số,2.2,41,7.0,83.1,11,65.4,59,3.8,4.0,1
SV20210807,IT4030,Phát triển ứng dụng Web,4,Nhóm 03,Kinh tế số,2.2,41,6.0,85.6,12,82.9,68,4.6,3.3,1
SV20210807,MA2010,Xác suất thống kê ứng dụng,3,Nhóm 03,Kinh tế số,2.2,41,6.9,81.3,4,92.7,81,4.8,4.2,1
SV20210808,IT4010,Học máy & Khai phá dữ liệu,3,Nhóm 04,Công nghệ thông tin,2.9,88,6.0,67.3,8,77.1,67,7.5,5.4,0
SV20210808,IT4020,Hệ quản trị CSDL nâng cao,3,Nhóm 04,Công nghệ thông tin,2.9,88,6.6,72.1,5,88.4,77,8.2,7.3,0
SV20210808,IT4030,Phát triển ứng dụng Web,4,Nhóm 04,Công nghệ thông tin,2.9,88,8.7,89.1,4,70.8,69,5.1,8.2,0
SV20210808,MA2010,Xác suất thống kê ứng dụng,3,Nhóm 04,Công nghệ thông tin,2.9,88,8.3,72.8,7,85.5,83,8.7,6.1,0
SV20210809,IT4010,Học máy & Khai phá dữ liệu,3,Nhóm 01,Kinh tế số,3.3,79,8.6,100.0,13,89.3,63,7.0,8.5,0
SV20210809,IT4020,Hệ quản trị CSDL nâng cao,3,Nhóm 01,Kinh tế số,3.3,79,8.1,81.6,6,91.0,83,6.5,7.2,0
SV20210809,IT4030,Phát triển ứng dụng Web,4,Nhóm 01,Kinh tế số,3.3,79,6.7,77.9,7,80.9,66,5.8,6.8,0
SV20210809,MA2010,Xác suất thống kê ứng dụng,3,Nhóm 01,Kinh tế số,3.3,79,8.1,100.0,10,86.0,66,3.9,6.0,0
SV20210810,IT4010,Học máy & Khai phá dữ liệu,3,Nhóm 02,Kỹ thuật dữ liệu,2.8,72,6.3,78.5,13,85.8,74,5.9,7.0,0
SV20210810,IT4020,Hệ quản trị CSDL nâng cao,3,Nhóm 02,Kỹ thuật dữ liệu,2.8,72,6.2,84.7,13,82.8,81,6.0,5.6,0
SV20210810,IT4030,Phát triển ứng dụng Web,4,Nhóm 02,Kỹ thuật dữ liệu,2.8,72,7.0,70.3,14,73.9,90,7.6,8.6,0
SV20210810,MA2010,Xác suất thống kê ứng dụng,3,Nhóm 02,Kỹ thuật dữ liệu,2.8,72,9.2,83.9,16,87.5,67,6.3,8.6,0
SV20210811,IT4010,Học máy & Khai phá dữ liệu,3,Nhóm 03,Kỹ thuật dữ liệu,2.6,101,8.1,81.6,9,74.9,66,6.2,6.1,0
SV20210811,IT4020,Hệ quản trị CSDL nâng cao,3,Nhóm 03,Kỹ thuật dữ liệu,2.6,101,5.7,88.0,9,81.0,75,5.2,5.4,0
SV20210811,IT4030,Phát triển ứng dụng Web,4,Nhóm 03,Kỹ thuật dữ liệu,2.6,101,6.1,78.3,2,90.3,58,6.2,4.3,1
SV20210811,MA2010,Xác suất thống kê ứng dụng,3,Nhóm 03,Kỹ thuật dữ liệu,2.6,101,6.4,69.2,3,81.5,73,3.7,6.7,0
SV20210812,IT4010,Học máy & Khai phá dữ liệu,3,Nhóm 04,Công nghệ thông tin,2.9,92,8.1,86.2,3,91.2,75,5.4,9.3,0
SV20210812,IT4020,Hệ quản trị CSDL nâng cao,3,Nhóm 04,Công nghệ thông tin,2.9,92,7.4,78.1,8,86.6,79,5.5,4.8,1
SV20210812,IT4030,Phát triển ứng dụng Web,4,Nhóm 04,Công nghệ thông tin,2.9,92,5.9,88.3,13,76.9,61,6.8,5.1,0
SV20210812,MA2010,Xác suất thống kê ứng dụng,3,Nhóm 04,Công nghệ thông tin,2.9,92,6.6,65.9,11,79.1,72,7.3,5.8,0
SV20210813,IT4010,Học máy & Khai phá dữ liệu,3,Nhóm 01,Công nghệ thông tin,2.5,70,6.8,83.2,6,80.6,62,6.6,5.2,0
SV20210813,IT4020,Hệ quản trị CSDL nâng cao,3,Nhóm 01,Công nghệ thông tin,2.5,70,5.7,76.1,8,63.6,61,4.4,7.1,0
SV20210813,IT4030,Phát triển ứng dụng Web,4,Nhóm 01,Công nghệ thông tin,2.5,70,8.6,79.0,11,94.5,78,3.8,6.5,0
SV20210813,MA2010,Xác suất thống kê ứng dụng,3,Nhóm 01,Công nghệ thông tin,2.5,70,5.4,82.8,8,95.3,75,4.2,4.7,1
SV20210814,IT4010,Học máy & Khai phá dữ liệu,3,Nhóm 02,Công nghệ thông tin,2.9,86,7.7,65.4,16,80.2,100,7.5,5.1,0
SV20210814,IT4020,Hệ quản trị CSDL nâng cao,3,Nhóm 02,Công nghệ thông tin,2.9,86,8.0,70.9,15,75.3,67,9.2,5.1,0
SV20210814,IT4030,Phát triển ứng dụng Web,4,Nhóm 02,Công nghệ thông tin,2.9,86,9.2,100.0,15,90.7,74,8.3,6.5,0
SV20210814,MA2010,Xác suất thống kê ứng dụng,3,Nhóm 02,Công nghệ thông tin,2.9,86,6.2,84.3,8,80.9,72,8.8,4.8,1
SV20210815,IT4010,Học máy & Khai phá dữ liệu,3,Nhóm 03,Công nghệ thông tin,2.2,56,6.5,83.9,11,58.5,61,6.4,6.8,0
SV20210815,IT4020,Hệ quản trị CSDL nâng cao,3,Nhóm 03,Công nghệ thông tin,2.2,56,7.4,81.8,10,90.4,68,6.3,6.2,0
SV20210815,IT4030,Phát triển ứng dụng Web,4,Nhóm 03,Công nghệ thông tin,2.2,56,6.2,70.3,12,73.2,61,4.6,8.4,0
SV20210815,MA2010,Xác suất thống kê ứng dụng,3,Nhóm 03,Công nghệ thông tin,2.2,56,6.4,86.3,7,92.5,74,3.4,7.8,0
SV20210816,IT4010,Học máy & Khai phá dữ liệu,3,Nhóm 04,Công nghệ thông tin,3.3,109,8.4,83.7,14,100.0,87,6.6,4.8,1
SV20210816,IT4020,Hệ quản trị CSDL nâng cao,3,Nhóm 04,Công nghệ thông tin,3.3,109,7.3,84.0,16,99.9,88,7.3,5.5,0
SV20210816,IT4030,Phát triển ứng dụng Web,4,Nhóm 04,Công nghệ thông tin,3.3,109,9.9,100.0,13,100.0,84,9.0,9.6,0
SV20210816,MA2010,Xác suất thống kê ứng dụng,3,Nhóm 04,Công nghệ thông tin,3.3,109,9.0,97.5,9,88.1,100,8.9,9.1,0
SV20210817,IT4010,Học máy & Khai phá dữ liệu,3,Nhóm 01,Kinh tế số,3.0,103,7.4,89.8,5,79.8,72,8.6,6.8,0
SV20210817,IT4020,Hệ quản trị CSDL nâng cao,3,Nhóm 01,Kinh tế số,3.0,103,8.0,85.1,7,92.4,82,8.5,6.7,0
SV20210817,IT4030,Phát triển ứng dụng Web,4,Nhóm 01,Kinh tế số,3.0,103,7.3,72.1,11,98.7,64,9.5,8.2,0
SV20210817,MA2010,Xác suất thống kê ứng dụng,3,Nhóm 01,Kinh tế số,3.0,103,9.1,91.5,17,100.0,84,5.0,8.7,0
SV20210818,IT4010,Học máy & Khai phá dữ liệu,3,Nhóm 02,Kỹ thuật dữ liệu,2.3,95,7.2,96.8,17,86.7,63,8.5,6.2,0
SV20210818,IT4020,Hệ quản trị CSDL nâng cao,3,Nhóm 02,Kỹ thuật dữ liệu,2.3,95,7.4,86.4,10,83.4,71,6.5,6.1,0
SV20210818,IT4030,Phát triển ứng dụng Web,4,Nhóm 02,Kỹ thuật dữ liệu,2.3,95,8.7,91.0,10,80.8,69,4.9,10.0,0
SV20210818,MA2010,Xác suất thống kê ứng dụng,3,Nhóm 02,Kỹ thuật dữ liệu,2.3,95,8.1,94.8,12,88.3,82,6.2,7.2,0
SV20210819,IT4010,Học máy & Khai phá dữ liệu,3,Nhóm 03,Công nghệ thông tin,2.8,97,7.2,95.2,14,65.3,77,5.4,7.5,0
SV20210819,IT4020,Hệ quản trị CSDL nâng cao,3,Nhóm 03,Công nghệ thông tin,2.8,97,6.7,100.0,7,88.4,59,5.6,5.8,0
SV20210819,IT4030,Phát triển ứng dụng Web,4,Nhóm 03,Công nghệ thông tin,2.8,97,7.9,68.2,9,82.1,80,7.5,6.8,0
SV20210819,MA2010,Xác suất thống kê ứng dụng,3,Nhóm 03,Công nghệ thông tin,2.8,97,7.7,85.9,1,81.7,69,6.4,7.1,0
SV20210820,IT4010,Học máy & Khai phá dữ liệu,3,Nhóm 04,Công nghệ thông tin,2.6,75,6.9,83.5,10,77.1,68,8.6,6.5,0
SV20210820,IT4020,Hệ quản trị CSDL nâng cao,3,Nhóm 04,Công nghệ thông tin,2.6,75,7.2,89.7,9,75.1,89,5.1,7.2,0
SV20210820,IT4030,Phát triển ứng dụng Web,4,Nhóm 04,Công nghệ thông tin,2.6,75,6.4,77.3,13,74.0,81,5.6,4.5,1
SV20210820,MA2010,Xác suất thống kê ứng dụng,3,Nhóm 04,Công nghệ thông tin,2.6,75,8.2,92.3,8,91.5,71,8.9,7.5,0
SV20210821,IT4010,Học máy & Khai phá dữ liệu,3,Nhóm 01,Kỹ thuật dữ liệu,2.1,54,7.5,81.7,7,91.5,64,4.7,5.4,0
SV20210821,IT4020,Hệ quản trị CSDL nâng cao,3,Nhóm 01,Kỹ thuật dữ liệu,2.1,54,5.9,86.0,11,85.8,65,7.7,4.0,1
SV20210821,IT4030,Phát triển ứng dụng Web,4,Nhóm 01,Kỹ thuật dữ liệu,2.1,54,6.6,80.8,14,96.3,79,7.2,7.9,0
SV20210821,MA2010,Xác suất thống kê ứng dụng,3,Nhóm 01,Kỹ thuật dữ liệu,2.1,54,6.9,85.0,6,80.4,69,1.7,4.2,1
SV20210822,IT4010,Học máy & Khai phá dữ liệu,3,Nhóm 02,Kinh tế số,2.8,75,7.6,83.9,4,92.2,81,6.9,6.9,0
SV20210822,IT4020,Hệ quản trị CSDL nâng cao,3,Nhóm 02,Kinh tế số,2.8,75,7.2,98.1,9,80.9,67,7.3,7.1,0
SV20210822,IT4030,Phát triển ứng dụng Web,4,Nhóm 02,Kinh tế số,2.8,75,8.9,95.1,12,82.3,80,5.7,7.6,0
SV20210822,MA2010,Xác suất thống kê ứng dụng,3,Nhóm 02,Kinh tế số,2.8,75,8.4,98.2,12,87.2,79,7.5,7.8,0
SV20210823,IT4010,Học máy & Khai phá dữ liệu,3,Nhóm 03,Kinh tế số,2.0,66,7.3,68.3,7,89.5,54,3.1,8.4,0
SV20210823,IT4020,Hệ quản trị CSDL nâng cao,3,Nhóm 03,Kinh tế số,2.0,66,5.2,62.9,8,59.3,63,8.0,6.3,0
SV20210823,IT4030,Phát triển ứng dụng Web,4,Nhóm 03,Kinh tế số,2.0,66,7.6,83.2,6,100.0,59,3.3,7.6,0
SV20210823,MA2010,Xác suất thống kê ứng dụng,3,Nhóm 03,Kinh tế số,2.0,66,5.2,74.9,5,78.9,62,3.2,6.5,0
SV20210824,IT4010,Học máy & Khai phá dữ liệu,3,Nhóm 04,Công nghệ thông tin,2.4,60,5.8,51.5,12,88.8,54,3.9,4.2,1
SV20210824,IT4020,Hệ quản trị CSDL nâng cao,3,Nhóm 04,Công nghệ thông tin,2.4,60,6.4,63.2,13,88.0,80,4.9,6.6,0
SV20210824,IT4030,Phát triển ứng dụng Web,4,Nhóm 04,Công nghệ thông tin,2.4,60,6.3,76.0,14,65.8,57,7.8,6.6,0
SV20210824,MA2010,Xác suất thống kê ứng dụng,3,Nhóm 04,Công nghệ thông tin,2.4,60,7.2,84.4,11,85.0,76,2.8,5.4,0
SV20210825,IT4010,Học máy & Khai phá dữ liệu,3,Nhóm 01,Công nghệ thông tin,2.7,81,6.9,96.8,8,64.0,87,5.1,6.1,0
SV20210825,IT4020,Hệ quản trị CSDL nâng cao,3,Nhóm 01,Công nghệ thông tin,2.7,81,8.0,91.1,7,81.6,73,8.6,7.2,0
SV20210825,IT4030,Phát triển ứng dụng Web,4,Nhóm 01,Công nghệ thông tin,2.7,81,8.1,73.6,14,96.4,78,3.3,8.5,0
SV20210825,MA2010,Xác suất thống kê ứng dụng,3,Nhóm 01,Công nghệ thông tin,2.7,81,6.5,98.3,9,84.4,83,3.9,6.7,0
SV20210826,IT4010,Học máy & Khai phá dữ liệu,3,Nhóm 02,Kỹ thuật dữ liệu,2.9,94,9.3,88.2,9,92.2,65,7.1,7.8,0
SV20210826,IT4020,Hệ quản trị CSDL nâng cao,3,Nhóm 02,Kỹ thuật dữ liệu,2.9,94,8.4,97.1,6,100.0,66,7.7,7.2,0
SV20210826,IT4030,Phát triển ứng dụng Web,4,Nhóm 02,Kỹ thuật dữ liệu,2.9,94,9.2,78.3,15,82.8,82,5.2,9.1,0
SV20210826,MA2010,Xác suất thống kê ứng dụng,3,Nhóm 02,Kỹ thuật dữ liệu,2.9,94,7.7,87.9,14,85.9,73,8.5,6.9,0
SV20210827,IT4010,Học máy & Khai phá dữ liệu,3,Nhóm 03,Công nghệ thông tin,2.9,93,6.2,79.6,11,76.6,71,7.1,5.1,0
SV20210827,IT4020,Hệ quản trị CSDL nâng cao,3,Nhóm 03,Công nghệ thông tin,2.9,93,5.6,68.2,14,81.6,71,7.3,5.1,0
SV20210827,IT4030,Phát triển ứng dụng Web,4,Nhóm 03,Công nghệ thông tin,2.9,93,6.5,90.1,11,79.9,82,6.7,5.8,0
SV20210827,MA2010,Xác suất thống kê ứng dụng,3,Nhóm 03,Công nghệ thông tin,2.9,93,8.0,99.2,6,92.5,74,5.8,7.4,0
SV20210828,IT4010,Học máy & Khai phá dữ liệu,3,Nhóm 04,Công nghệ thông tin,3.3,80,7.9,100.0,15,96.2,70,4.7,6.4,0
SV20210828,IT4020,Hệ quản trị CSDL nâng cao,3,Nhóm 04,Công nghệ thông tin,3.3,80,8.5,95.3,13,94.4,71,8.5,8.1,0
SV20210828,IT4030,Phát triển ứng dụng Web,4,Nhóm 04,Công nghệ thông tin,3.3,80,9.6,82.0,22,79.1,70,8.2,8.9,0
SV20210828,MA2010,Xác suất thống kê ứng dụng,3,Nhóm 04,Công nghệ thông tin,3.3,80,9.7,94.2,15,84.3,71,9.4,7.9,0
SV20210829,IT4010,Học máy & Khai phá dữ liệu,3,Nhóm 01,Kinh tế số,3.8,123,9.9,96.8,16,85.6,90,7.2,8.3,0
SV20210829,IT4020,Hệ quản trị CSDL nâng cao,3,Nhóm 01,Kinh tế số,3.8,123,8.9,100.0,17,95.7,72,6.2,7.0,0
SV20210829,IT4030,Phát triển ứng dụng Web,4,Nhóm 01,Kinh tế số,3.8,123,9.6,100.0,13,100.0,94,11.8,10.0,0
SV20210829,MA2010,Xác suất thống kê ứng dụng,3,Nhóm 01,Kinh tế số,3.8,123,9.3,80.5,25,100.0,82,6.5,6.8,0
SV20210830,IT4010,Học máy & Khai phá dữ liệu,3,Nhóm 02,Kỹ thuật dữ liệu,3.1,120,6.7,72.6,14,100.0,74,11.4,5.7,0
SV20210830,IT4020,Hệ quản trị CSDL nâng cao,3,Nhóm 02,Kỹ thuật dữ liệu,3.1,120,8.5,84.2,15,94.5,82,7.4,8.2,0
SV20210830,IT4030,Phát triển ứng dụng Web,4,Nhóm 02,Kỹ thuật dữ liệu,3.1,120,9.2,96.0,11,100.0,78,9.9,8.6,0
SV20210830,MA2010,Xác suất thống kê ứng dụng,3,Nhóm 02,Kỹ thuật dữ liệu,3.1,120,7.9,80.7,13,86.1,89,5.1,6.5,0
SV20210831,IT4010,Học máy & Khai phá dữ liệu,3,Nhóm 03,Kinh tế số,2.6,74,7.8,84.3,15,95.8,72,5.1,6.1,0
SV20210831,IT4020,Hệ quản trị CSDL nâng cao,3,Nhóm 03,Kinh tế số,2.6,74,8.0,66.4,9,77.3,72,6.2,6.1,0
SV20210831,IT4030,Phát triển ứng dụng Web,4,Nhóm 03,Kinh tế số,2.6,74,6.9,73.8,11,53.5,61,6.2,7.4,0
SV20210831,MA2010,Xác suất thống kê ứng dụng,3,Nhóm 03,Kinh tế số,2.6,74,6.1,81.9,19,86.3,72,6.4,5.5,0
SV20210832,IT4010,Học máy & Khai phá dữ liệu,3,Nhóm 04,Công nghệ thông tin,2.5,81,7.9,85.8,11,80.1,79,5.2,4.6,1
SV20210832,IT4020,Hệ quản trị CSDL nâng cao,3,Nhóm 04,Công nghệ thông tin,2.5,81,5.0,68.3,13,72.6,66,4.1,3.8,1
SV20210832,IT4030,Phát triển ứng dụng Web,4,Nhóm 04,Công nghệ thông tin,2.5,81,7.3,89.6,13,81.3,68,7.9,7.6,0
SV20210832,MA2010,Xác suất thống kê ứng dụng,3,Nhóm 04,Công nghệ thông tin,2.5,81,6.2,74.0,5,57.7,74,1.7,5.2,0
SV20210833,IT4010,Học máy & Khai phá dữ liệu,3,Nhóm 01,Kinh tế số,2.9,81,8.0,77.7,16,93.0,71,8.7,6.8,0
SV20210833,IT4020,Hệ quản trị CSDL nâng cao,3,Nhóm 01,Kinh tế số,2.9,81,9.0,84.0,10,79.1,70,7.4,6.5,0
SV20210833,IT4030,Phát triển ứng dụng Web,4,Nhóm 01,Kinh tế số,2.9,81,8.3,82.2,14,66.8,73,5.7,7.4,0
SV20210833,MA2010,Xác suất thống kê ứng dụng,3,Nhóm 01,Kinh tế số,2.9,81,8.2,79.6,12,99.0,79,6.7,6.6,0
SV20210834,IT4010,Học máy & Khai phá dữ liệu,3,Nhóm 02,Kinh tế số,2.6,67,6.0,82.5,12,81.8,80,3.6,4.0,1
SV20210834,IT4020,Hệ quản trị CSDL nâng cao,3,Nhóm 02,Kinh tế số,2.6,67,7.1,76.1,12,80.6,67,6.8,6.6,0
SV20210834,IT4030,Phát triển ứng dụng Web,4,Nhóm 02,Kinh tế số,2.6,67,8.5,79.1,10,96.9,72,5.1,7.9,0
SV20210834,MA2010,Xác suất thống kê ứng dụng,3,Nhóm 02,Kinh tế số,2.6,67,6.7,72.8,11,76.8,68,10.0,5.0,0
SV20210835,IT4010,Học máy & Khai phá dữ liệu,3,Nhóm 03,Kinh tế số,2.3,69,6.9,94.4,11,86.4,71,6.6,7.6,0
SV20210835,IT4020,Hệ quản trị CSDL nâng cao,3,Nhóm 03,Kinh tế số,2.3,69,5.6,75.7,5,71.6,72,5.9,6.7,0
SV20210835,IT4030,Phát triển ứng dụng Web,4,Nhóm 03,Kinh tế số,2.3,69,7.2,78.0,9,90.8,81,5.1,5.1,0
SV20210835,MA2010,Xác suất thống kê ứng dụng,3,Nhóm 03,Kinh tế số,2.3,69,6.4,75.9,5,93.6,80,1.8,7.6,0
SV20210836,IT4010,Học máy & Khai phá dữ liệu,3,Nhóm 04,Kỹ thuật dữ liệu,2.9,72,8.7,84.1,8,97.5,73,8.4,7.2,0
SV20210836,IT4020,Hệ quản trị CSDL nâng cao,3,Nhóm 04,Kỹ thuật dữ liệu,2.9,72,6.3,80.1,11,85.6,67,3.8,4.7,1
SV20210836,IT4030,Phát triển ứng dụng Web,4,Nhóm 04,Kỹ thuật dữ liệu,2.9,72,7.7,80.0,9,95.7,80,5.6,6.4,0
SV20210836,MA2010,Xác suất thống kê ứng dụng,3,Nhóm 04,Kỹ thuật dữ liệu,2.9,72,7.4,100.0,8,85.7,76,6.4,8.3,0
SV20210837,IT4010,Học máy & Khai phá dữ liệu,3,Nhóm 01,Kinh tế số,2.8,68,7.8,94.8,13,100.0,69,7.0,5.2,0
SV20210837,IT4020,Hệ quản trị CSDL nâng cao,3,Nhóm 01,Kinh tế số,2.8,68,6.7,72.6,7,87.0,84,9.9,5.9,0
SV20210837,IT4030,Phát triển ứng dụng Web,4,Nhóm 01,Kinh tế số,2.8,68,8.2,90.0,8,92.9,72,3.6,7.7,0
SV20210837,MA2010,Xác suất thống kê ứng dụng,3,Nhóm 01,Kinh tế số,2.8,68,7.1,74.0,8,87.1,78,5.7,6.3,0
SV20210838,IT4010,Học máy & Khai phá dữ liệu,3,Nhóm 02,Kỹ thuật dữ liệu,2.6,82,8.6,86.1,9,86.8,79,6.3,5.9,0
SV20210838,IT4020,Hệ quản trị CSDL nâng cao,3,Nhóm 02,Kỹ thuật dữ liệu,2.6,82,7.8,100.0,15,88.3,79,7.6,7.4,0
SV20210838,IT4030,Phát triển ứng dụng Web,4,Nhóm 02,Kỹ thuật dữ liệu,2.6,82,8.5,88.0,16,93.0,74,6.9,6.7,0
SV20210838,MA2010,Xác suất thống kê ứng dụng,3,Nhóm 02,Kỹ thuật dữ liệu,2.6,82,7.7,97.6,9,77.1,85,7.9,8.7,0
SV20210839,IT4010,Học máy & Khai phá dữ liệu,3,Nhóm 03,Công nghệ thông tin,2.9,104,7.3,88.5,13,89.5,80,7.3,6.8,0
SV20210839,IT4020,Hệ quản trị CSDL nâng cao,3,Nhóm 03,Công nghệ thông tin,2.9,104,8.5,94.3,14,70.7,82,7.5,7.0,0
SV20210839,IT4030,Phát triển ứng dụng Web,4,Nhóm 03,Công nghệ thông tin,2.9,104,9.1,69.8,8,87.9,80,7.0,10.0,0
SV20210839,MA2010,Xác suất thống kê ứng dụng,3,Nhóm 03,Công nghệ thông tin,2.9,104,9.5,100.0,14,98.8,75,6.6,7.9,0
SV20210840,IT4010,Học máy & Khai phá dữ liệu,3,Nhóm 04,Kỹ thuật dữ liệu,2.3,57,6.9,73.0,6,69.9,65,4.8,7.3,0
SV20210840,IT4020,Hệ quản trị CSDL nâng cao,3,Nhóm 04,Kỹ thuật dữ liệu,2.3,57,5.6,80.1,11,77.5,69,6.8,6.0,0
SV20210840,IT4030,Phát triển ứng dụng Web,4,Nhóm 04,Kỹ thuật dữ liệu,2.3,57,6.7,74.9,9,56.2,71,1.6,5.9,0
SV20210840,MA2010,Xác suất thống kê ứng dụng,3,Nhóm 04,Kỹ thuật dữ liệu,2.3,57,6.4,95.2,6,76.3,83,3.5,4.9,1
SV20210841,IT4010,Học máy & Khai phá dữ liệu,3,Nhóm 01,Công nghệ thông tin,1.7,42,3.8,62.7,7,68.3,62,0.7,3.3,1
SV20210841,IT4020,Hệ quản trị CSDL nâng cao,3,Nhóm 01,Công nghệ thông tin,1.7,42,5.7,81.3,3,56.5,57,4.4,5.3,0
SV20210841,IT4030,Phát triển ứng dụng Web,4,Nhóm 01,Công nghệ thông tin,1.7,42,5.9,66.9,7,62.5,65,4.0,4.7,1
SV20210841,MA2010,Xác suất thống kê ứng dụng,3,Nhóm 01,Công nghệ thông tin,1.7,42,6.0,84.5,1,80.7,63,6.0,7.7,0
SV20210842,IT4010,Học máy & Khai phá dữ liệu,3,Nhóm 02,Kinh tế số,2.0,55,7.1,79.6,18,97.4,80,9.1,7.5,0
SV20210842,IT4020,Hệ quản trị CSDL nâng cao,3,Nhóm 02,Kinh tế số,2.0,55,6.0,75.3,6,79.4,64,7.0,3.9,1
SV20210842,IT4030,Phát triển ứng dụng Web,4,Nhóm 02,Kinh tế số,2.0,55,6.0,80.4,4,97.3,70,4.2,6.4,0
SV20210842,MA2010,Xác suất thống kê ứng dụng,3,Nhóm 02,Kinh tế số,2.0,55,7.1,86.3,14,95.7,68,4.6,6.8,0
SV20210843,IT4010,Học máy & Khai phá dữ liệu,3,Nhóm 03,Kỹ thuật dữ liệu,2.6,58,5.9,85.5,7,71.6,88,10.1,5.7,0
SV20210843,IT4020,Hệ quản trị CSDL nâng cao,3,Nhóm 03,Kỹ thuật dữ liệu,2.6,58,6.9,71.4,5,80.2,63,8.8,5.4,0
SV20210843,IT4030,Phát triển ứng dụng Web,4,Nhóm 03,Kỹ thuật dữ liệu,2.6,58,7.2,94.2,9,77.6,72,4.8,7.5,0
SV20210843,MA2010,Xác suất thống kê ứng dụng,3,Nhóm 03,Kỹ thuật dữ liệu,2.6,58,7.5,70.4,5,79.9,78,5.9,5.8,0
SV20210844,IT4010,Học máy & Khai phá dữ liệu,3,Nhóm 04,Công nghệ thông tin,3.6,124,9.1,100.0,18,86.6,100,11.1,8.2,0
SV20210844,IT4020,Hệ quản trị CSDL nâng cao,3,Nhóm 04,Công nghệ thông tin,3.6,124,9.5,100.0,20,100.0,83,8.9,6.9,0
SV20210844,IT4030,Phát triển ứng dụng Web,4,Nhóm 04,Công nghệ thông tin,3.6,124,10.0,100.0,11,100.0,72,10.8,9.9,0
SV20210844,MA2010,Xác suất thống kê ứng dụng,3,Nhóm 04,Công nghệ thông tin,3.6,124,9.5,92.5,15,85.5,73,8.5,8.4,0
SV20210845,IT4010,Học máy & Khai phá dữ liệu,3,Nhóm 01,Kỹ thuật dữ liệu,1.8,61,5.4,66.2,2,83.2,61,3.3,2.4,1
SV20210845,IT4020,Hệ quản trị CSDL nâng cao,3,Nhóm 01,Kỹ thuật dữ liệu,1.8,61,3.3,66.3,5,73.2,50,1.0,2.8,1
SV20210845,IT4030,Phát triển ứng dụng Web,4,Nhóm 01,Kỹ thuật dữ liệu,1.8,61,5.6,73.1,6,77.6,68,4.4,4.3,1
SV20210845,MA2010,Xác suất thống kê ứng dụng,3,Nhóm 01,Kỹ thuật dữ liệu,1.8,61,3.8,65.0,18,73.7,76,3.1,5.2,0
SV20210846,IT4010,Học máy & Khai phá dữ liệu,3,Nhóm 02,Kỹ thuật dữ liệu,1.3,37,4.3,70.7,7,73.5,60,0.8,3.8,1
SV20210846,IT4020,Hệ quản trị CSDL nâng cao,3,Nhóm 02,Kỹ thuật dữ liệu,1.3,37,4.6,69.3,1,84.5,60,1.8,4.4,1
SV20210846,IT4030,Phát triển ứng dụng Web,4,Nhóm 02,Kỹ thuật dữ liệu,1.3,37,5.2,64.6,1,62.1,60,3.6,5.2,0
SV20210846,MA2010,Xác suất thống kê ứng dụng,3,Nhóm 02,Kỹ thuật dữ liệu,1.3,37,5.0,69.8,6,69.3,61,1.5,5.0,0
SV20210847,IT4010,Học máy & Khai phá dữ liệu,3,Nhóm 03,Công nghệ thông tin,2.2,75,7.6,74.7,4,82.3,65,7.3,8.1,0
SV20210847,IT4020,Hệ quản trị CSDL nâng cao,3,Nhóm 03,Công nghệ thông tin,2.2,75,5.0,77.1,5,57.4,59,8.8,4.4,1
SV20210847,IT4030,Phát triển ứng dụng Web,4,Nhóm 03,Công nghệ thông tin,2.2,75,7.2,76.9,1,81.5,69,5.1,7.4,0
SV20210847,MA2010,Xác suất thống kê ứng dụng,3,Nhóm 03,Công nghệ thông tin,2.2,75,6.7,86.9,3,81.3,68,5.8,6.5,0
SV20210848,IT4010,Học máy & Khai phá dữ liệu,3,Nhóm 04,Kỹ thuật dữ liệu,3.3,105,9.6,76.3,17,91.5,81,12.5,7.6,0
SV20210848,IT4020,Hệ quản trị CSDL nâng cao,3,Nhóm 04,Kỹ thuật dữ liệu,3.3,105,8.3,95.8,18,85.9,77,6.7,7.0,0
SV20210848,IT4030,Phát triển ứng dụng Web,4,Nhóm 04,Kỹ thuật dữ liệu,3.3,105,8.7,89.7,16,97.6,74,9.0,9.2,0
SV20210848,MA2010,Xác suất thống kê ứng dụng,3,Nhóm 04,Kỹ thuật dữ liệu,3.3,105,6.7,87.3,12,87.0,71,9.4,7.2,0
SV20210849,IT4010,Học máy & Khai phá dữ liệu,3,Nhóm 01,Công nghệ thông tin,2.3,37,5.5,61.5,1,63.3,80,3.7,5.3,0
SV20210849,IT4020,Hệ quản trị CSDL nâng cao,3,Nhóm 01,Công nghệ thông tin,2.3,37,7.2,77.5,12,54.6,54,4.4,6.8,0
SV20210849,IT4030,Phát triển ứng dụng Web,4,Nhóm 01,Công nghệ thông tin,2.3,37,7.0,73.1,4,71.6,65,2.9,5.1,0
SV20210849,MA2010,Xác suất thống kê ứng dụng,3,Nhóm 01,Công nghệ thông tin,2.3,37,5.9,75.4,10,64.7,67,3.3,3.6,1
SV20210850,IT4010,Học máy & Khai phá dữ liệu,3,Nhóm 02,Công nghệ thông tin,2.3,43,5.5,68.9,1,69.0,70,5.0,6.2,0
SV20210850,IT4020,Hệ quản trị CSDL nâng cao,3,Nhóm 02,Công nghệ thông tin,2.3,43,5.4,62.3,4,78.7,76,1.8,4.6,1
SV20210850,IT4030,Phát triển ứng dụng Web,4,Nhóm 02,Công nghệ thông tin,2.3,43,5.3,69.0,8,84.6,72,3.8,6.6,0
SV20210850,MA2010,Xác suất thống kê ứng dụng,3,Nhóm 02,Công nghệ thông tin,2.3,43,6.5,83.2,14,54.0,76,4.0,5.4,0
SV20210851,IT4010,Học máy & Khai phá dữ liệu,3,Nhóm 03,Công nghệ thông tin,3.0,88,8.4,90.5,12,79.9,71,6.7,7.5,0
SV20210851,IT4020,Hệ quản trị CSDL nâng cao,3,Nhóm 03,Công nghệ thông tin,3.0,88,7.1,100.0,18,88.5,82,8.0,8.7,0
SV20210851,IT4030,Phát triển ứng dụng Web,4,Nhóm 03,Công nghệ thông tin,3.0,88,8.1,68.7,11,87.8,63,7.4,8.8,0
SV20210851,MA2010,Xác suất thống kê ứng dụng,3,Nhóm 03,Công nghệ thông tin,3.0,88,9.5,76.9,15,85.1,82,7.2,7.9,0
SV20210852,IT4010,Học máy & Khai phá dữ liệu,3,Nhóm 04,Kinh tế số,2.6,60,8.0,81.6,11,77.3,77,9.7,7.6,0
SV20210852,IT4020,Hệ quản trị CSDL nâng cao,3,Nhóm 04,Kinh tế số,2.6,60,7.6,84.0,8,82.8,73,3.1,4.9,1
SV20210852,IT4030,Phát triển ứng dụng Web,4,Nhóm 04,Kinh tế số,2.6,60,8.0,89.6,13,96.8,86,7.5,5.3,0
SV20210852,MA2010,Xác suất thống kê ứng dụng,3,Nhóm 04,Kinh tế số,2.6,60,8.7,89.8,12,80.9,94,6.9,6.5,0
SV20210853,IT4010,Học máy & Khai phá dữ liệu,3,Nhóm 01,Công nghệ thông tin,2.9,76,8.3,80.3,18,89.2,74,6.0,7.1,0
SV20210853,IT4020,Hệ quản trị CSDL nâng cao,3,Nhóm 01,Công nghệ thông tin,2.9,76,7.6,88.0,10,85.3,61,5.0,4.4,1
SV20210853,IT4030,Phát triển ứng dụng Web,4,Nhóm 01,Công nghệ thông tin,2.9,76,8.0,83.6,3,82.3,77,8.9,7.8,0
SV20210853,MA2010,Xác suất thống kê ứng dụng,3,Nhóm 01,Công nghệ thông tin,2.9,76,5.5,73.3,17,75.8,67,7.4,5.2,0
SV20210854,IT4010,Học máy & Khai phá dữ liệu,3,Nhóm 02,Công nghệ thông tin,2.4,42,5.6,80.1,9,90.6,79,5.6,3.4,1
SV20210854,IT4020,Hệ quản trị CSDL nâng cao,3,Nhóm 02,Công nghệ thông tin,2.4,42,6.6,75.8,10,80.7,67,3.9,7.7,0
SV20210854,IT4030,Phát triển ứng dụng Web,4,Nhóm 02,Công nghệ thông tin,2.4,42,6.9,73.9,3,76.0,57,3.9,6.6,0
SV20210854,MA2010,Xác suất thống kê ứng dụng,3,Nhóm 02,Công nghệ thông tin,2.4,42,6.7,73.5,17,89.2,63,4.6,4.6,1
SV20210855,IT4010,Học máy & Khai phá dữ liệu,3,Nhóm 03,Công nghệ thông tin,2.3,57,7.3,100.0,7,61.1,69,6.0,8.8,0
SV20210855,IT4020,Hệ quản trị CSDL nâng cao,3,Nhóm 03,Công nghệ thông tin,2.3,57,7.0,93.5,18,88.6,72,5.8,5.0,0
SV20210855,IT4030,Phát triển ứng dụng Web,4,Nhóm 03,Công nghệ thông tin,2.3,57,6.9,90.9,1,84.9,85,4.8,6.2,0
SV20210855,MA2010,Xác suất thống kê ứng dụng,3,Nhóm 03,Công nghệ thông tin,2.3,57,6.3,70.4,9,92.0,61,6.5,4.7,1
SV20210856,IT4010,Học máy & Khai phá dữ liệu,3,Nhóm 04,Kỹ thuật dữ liệu,1.9,37,6.1,77.1,14,77.2,59,5.1,5.4,0
SV20210856,IT4020,Hệ quản trị CSDL nâng cao,3,Nhóm 04,Kỹ thuật dữ liệu,1.9,37,5.5,76.0,1,70.0,63,0.2,5.8,0
SV20210856,IT4030,Phát triển ứng dụng Web,4,Nhóm 04,Kỹ thuật dữ liệu,1.9,37,5.5,54.4,10,74.0,64,4.8,6.7,0
SV20210856,MA2010,Xác suất thống kê ứng dụng,3,Nhóm 04,Kỹ thuật dữ liệu,1.9,37,5.2,72.0,4,78.0,73,5.1,6.8,0
SV20210857,IT4010,Học máy & Khai phá dữ liệu,3,Nhóm 01,Kỹ thuật dữ liệu,2.4,100,7.5,79.0,14,92.7,68,6.6,7.2,0
SV20210857,IT4020,Hệ quản trị CSDL nâng cao,3,Nhóm 01,Kỹ thuật dữ liệu,2.4,100,7.0,61.7,16,80.9,65,5.1,7.0,0
SV20210857,IT4030,Phát triển ứng dụng Web,4,Nhóm 01,Kỹ thuật dữ liệu,2.4,100,6.8,100.0,8,71.7,69,8.6,8.2,0
SV20210857,MA2010,Xác suất thống kê ứng dụng,3,Nhóm 01,Kỹ thuật dữ liệu,2.4,100,8.5,85.8,7,93.2,80,6.1,7.4,0
SV20210858,IT4010,Học máy & Khai phá dữ liệu,3,Nhóm 02,Kỹ thuật dữ liệu,3.1,69,7.6,83.7,10,88.5,82,8.2,6.5,0
SV20210858,IT4020,Hệ quản trị CSDL nâng cao,3,Nhóm 02,Kỹ thuật dữ liệu,3.1,69,7.8,80.0,14,73.2,68,8.3,6.1,0
SV20210858,IT4030,Phát triển ứng dụng Web,4,Nhóm 02,Kỹ thuật dữ liệu,3.1,69,9.5,89.7,17,94.6,69,3.8,6.0,0
SV20210858,MA2010,Xác suất thống kê ứng dụng,3,Nhóm 02,Kỹ thuật dữ liệu,3.1,69,8.3,94.4,14,72.7,71,5.0,9.6,0
SV20210859,IT4010,Học máy & Khai phá dữ liệu,3,Nhóm 03,Kỹ thuật dữ liệu,2.4,67,6.7,65.0,14,69.7,74,6.9,7.2,0
SV20210859,IT4020,Hệ quản trị CSDL nâng cao,3,Nhóm 03,Kỹ thuật dữ liệu,2.4,67,6.5,77.7,11,69.3,67,3.2,3.7,1
SV20210859,IT4030,Phát triển ứng dụng Web,4,Nhóm 03,Kỹ thuật dữ liệu,2.4,67,6.1,76.7,4,69.0,81,7.3,7.2,0
SV20210859,MA2010,Xác suất thống kê ứng dụng,3,Nhóm 03,Kỹ thuật dữ liệu,2.4,67,6.7,68.6,3,71.7,71,3.5,5.8,0
SV20210860,IT4010,Học máy & Khai phá dữ liệu,3,Nhóm 04,Kỹ thuật dữ liệu,2.8,62,7.5,65.9,10,66.4,70,5.8,5.6,0
SV20210860,IT4020,Hệ quản trị CSDL nâng cao,3,Nhóm 04,Kỹ thuật dữ liệu,2.8,62,7.6,95.0,13,87.0,81,7.3,4.9,1
SV20210860,IT4030,Phát triển ứng dụng Web,4,Nhóm 04,Kỹ thuật dữ liệu,2.8,62,6.9,94.1,11,79.7,72,5.9,6.6,0
SV20210860,MA2010,Xác suất thống kê ứng dụng,3,Nhóm 04,Kỹ thuật dữ liệu,2.8,62,8.9,99.1,14,100.0,76,4.1,7.0,0
SV20210861,IT4010,Học máy & Khai phá dữ liệu,3,Nhóm 01,Công nghệ thông tin,3.3,85,8.6,100.0,7,100.0,95,8.9,8.7,0
SV20210861,IT4020,Hệ quản trị CSDL nâng cao,3,Nhóm 01,Công nghệ thông tin,3.3,85,8.8,92.9,17,100.0,75,11.1,7.4,0
SV20210861,IT4030,Phát triển ứng dụng Web,4,Nhóm 01,Công nghệ thông tin,3.3,85,9.2,100.0,12,91.6,67,9.9,10.0,0
SV20210861,MA2010,Xác suất thống kê ứng dụng,3,Nhóm 01,Công nghệ thông tin,3.3,85,7.2,70.5,9,88.7,62,5.5,7.5,0
SV20210862,IT4010,Học máy & Khai phá dữ liệu,3,Nhóm 02,Kỹ thuật dữ liệu,2.4,77,7.9,79.6,7,77.2,61,8.6,6.6,0
SV20210862,IT4020,Hệ quản trị CSDL nâng cao,3,Nhóm 02,Kỹ thuật dữ liệu,2.4,77,7.7,83.3,3,76.1,74,6.2,4.8,1
SV20210862,IT4030,Phát triển ứng dụng Web,4,Nhóm 02,Kỹ thuật dữ liệu,2.4,77,6.7,78.3,12,82.4,75,4.7,6.2,0
SV20210862,MA2010,Xác suất thống kê ứng dụng,3,Nhóm 02,Kỹ thuật dữ liệu,2.4,77,6.5,91.4,10,79.3,71,5.2,5.7,0
SV20210863,IT4010,Học máy & Khai phá dữ liệu,3,Nhóm 03,Công nghệ thông tin,1.9,51,5.2,73.5,12,73.5,66,5.7,3.4,1
SV20210863,IT4020,Hệ quản trị CSDL nâng cao,3,Nhóm 03,Công nghệ thông tin,1.9,51,5.2,72.2,8,73.4,73,4.4,4.6,1
SV20210863,IT4030,Phát triển ứng dụng Web,4,Nhóm 03,Công nghệ thông tin,1.9,51,5.1,66.4,1,87.1,57,3.8,6.2,0
SV20210863,MA2010,Xác suất thống kê ứng dụng,3,Nhóm 03,Công nghệ thông tin,1.9,51,4.5,67.6,6,77.7,70,3.1,4.0,1
SV20210864,IT4010,Học máy & Khai phá dữ liệu,3,Nhóm 04,Công nghệ thông tin,2.3,52,7.3,75.9,9,85.5,80,6.0,7.1,0
SV20210864,IT4020,Hệ quản trị CSDL nâng cao,3,Nhóm 04,Công nghệ thông tin,2.3,52,7.0,78.8,11,70.6,69,4.2,5.9,0
SV20210864,IT4030,Phát triển ứng dụng Web,4,Nhóm 04,Công nghệ thông tin,2.3,52,7.2,67.0,4,79.4,55,9.5,8.3,0
SV20210864,MA2010,Xác suất thống kê ứng dụng,3,Nhóm 04,Công nghệ thông tin,2.3,52,6.1,84.4,13,83.9,70,10.2,3.3,1
SV20210865,IT4010,Học máy & Khai phá dữ liệu,3,Nhóm 01,Kinh tế số,3.1,92,8.4,100.0,12,91.6,86,10.5,9.6,0
SV20210865,IT4020,Hệ quản trị CSDL nâng cao,3,Nhóm 01,Kinh tế số,3.1,92,9.2,100.0,11,95.9,100,12.3,7.2,0
SV20210865,IT4030,Phát triển ứng dụng Web,4,Nhóm 01,Kinh tế số,3.1,92,9.5,97.3,19,67.2,100,10.6,7.8,0
SV20210865,MA2010,Xác suất thống kê ứng dụng,3,Nhóm 01,Kinh tế số,3.1,92,8.1,88.1,4,95.8,94,9.2,8.3,0
SV20210866,IT4010,Học máy & Khai phá dữ liệu,3,Nhóm 02,Công nghệ thông tin,3.0,114,8.1,81.9,16,100.0,89,3.7,5.8,0
SV20210866,IT4020,Hệ quản trị CSDL nâng cao,3,Nhóm 02,Công nghệ thông tin,3.0,114,9.6,100.0,11,84.8,92,8.7,7.5,0
SV20210866,IT4030,Phát triển ứng dụng Web,4,Nhóm 02,Công nghệ thông tin,3.0,114,9.2,82.2,13,80.8,89,6.2,7.6,0
SV20210866,MA2010,Xác suất thống kê ứng dụng,3,Nhóm 02,Công nghệ thông tin,3.0,114,7.2,77.8,15,93.6,77,10.2,6.9,0
SV20210867,IT4010,Học máy & Khai phá dữ liệu,3,Nhóm 03,Công nghệ thông tin,2.5,83,6.9,92.5,6,92.3,73,3.7,6.0,0
SV20210867,IT4020,Hệ quản trị CSDL nâng cao,3,Nhóm 03,Công nghệ thông tin,2.5,83,6.1,72.0,8,78.0,64,5.6,5.7,0
SV20210867,IT4030,Phát triển ứng dụng Web,4,Nhóm 03,Công nghệ thông tin,2.5,83,7.6,72.6,8,89.9,68,5.3,5.8,0
SV20210867,MA2010,Xác suất thống kê ứng dụng,3,Nhóm 03,Công nghệ thông tin,2.5,83,7.1,92.8,16,83.6,70,2.8,4.3,1
SV20210868,IT4010,Học máy & Khai phá dữ liệu,3,Nhóm 04,Kỹ thuật dữ liệu,2.6,99,7.3,76.5,6,74.1,60,3.5,6.6,0
SV20210868,IT4020,Hệ quản trị CSDL nâng cao,3,Nhóm 04,Kỹ thuật dữ liệu,2.6,99,8.9,88.8,11,100.0,61,7.0,7.7,0
SV20210868,IT4030,Phát triển ứng dụng Web,4,Nhóm 04,Kỹ thuật dữ liệu,2.6,99,6.6,89.8,11,93.3,64,7.9,6.6,0
SV20210868,MA2010,Xác suất thống kê ứng dụng,3,Nhóm 04,Kỹ thuật dữ liệu,2.6,99,7.6,83.2,12,100.0,81,6.3,5.9,0
SV20210869,IT4010,Học máy & Khai phá dữ liệu,3,Nhóm 01,Kinh tế số,3.2,102,9.3,83.6,14,89.6,79,5.2,6.9,0
SV20210869,IT4020,Hệ quản trị CSDL nâng cao,3,Nhóm 01,Kinh tế số,3.2,102,8.2,75.7,12,86.9,90,8.5,7.3,0
SV20210869,IT4030,Phát triển ứng dụng Web,4,Nhóm 01,Kinh tế số,3.2,102,8.4,100.0,18,87.6,73,10.2,8.1,0
SV20210869,MA2010,Xác suất thống kê ứng dụng,3,Nhóm 01,Kinh tế số,3.2,102,7.1,81.4,7,96.3,84,7.0,7.8,0
SV20210870,IT4010,Học máy & Khai phá dữ liệu,3,Nhóm 02,Công nghệ thông tin,2.2,38,5.4,64.5,4,84.0,77,8.0,5.8,0
SV20210870,IT4020,Hệ quản trị CSDL nâng cao,3,Nhóm 02,Công nghệ thông tin,2.2,38,6.3,75.7,11,59.2,74,6.4,5.3,0
SV20210870,IT4030,Phát triển ứng dụng Web,4,Nhóm 02,Công nghệ thông tin,2.2,38,6.1,63.7,5,61.9,63,1.2,4.1,1
SV20210870,MA2010,Xác suất thống kê ứng dụng,3,Nhóm 02,Công nghệ thông tin,2.2,38,6.0,69.3,10,96.4,63,4.0,6.6,0
SV20210871,IT4010,Học máy & Khai phá dữ liệu,3,Nhóm 03,Công nghệ thông tin,2.3,65,6.4,76.9,10,78.9,60,2.3,5.9,0
SV20210871,IT4020,Hệ quản trị CSDL nâng cao,3,Nhóm 03,Công nghệ thông tin,2.3,65,7.1,77.9,2,78.9,67,4.7,6.3,0
SV20210871,IT4030,Phát triển ứng dụng Web,4,Nhóm 03,Công nghệ thông tin,2.3,65,6.6,74.3,6,71.4,71,3.9,5.9,0
SV20210871,MA2010,Xác suất thống kê ứng dụng,3,Nhóm 03,Công nghệ thông tin,2.3,65,6.0,70.7,4,51.8,60,6.6,5.8,0
SV20210872,IT4010,Học máy & Khai phá dữ liệu,3,Nhóm 04,Công nghệ thông tin,2.6,59,7.3,71.3,7,89.8,78,6.0,6.3,0
SV20210872,IT4020,Hệ quản trị CSDL nâng cao,3,Nhóm 04,Công nghệ thông tin,2.6,59,7.1,71.0,5,85.2,60,4.1,6.1,0
SV20210872,IT4030,Phát triển ứng dụng Web,4,Nhóm 04,Công nghệ thông tin,2.6,59,6.2,77.3,12,80.5,55,7.1,4.2,1
SV20210872,MA2010,Xác suất thống kê ứng dụng,3,Nhóm 04,Công nghệ thông tin,2.6,59,8.3,75.2,6,74.1,64,8.4,6.9,0
SV20210873,IT4010,Học máy & Khai phá dữ liệu,3,Nhóm 01,Công nghệ thông tin,2.2,59,8.1,80.6,9,82.1,86,6.5,7.5,0
SV20210873,IT4020,Hệ quản trị CSDL nâng cao,3,Nhóm 01,Công nghệ thông tin,2.2,59,5.8,73.4,9,82.4,72,1.2,5.8,0
SV20210873,IT4030,Phát triển ứng dụng Web,4,Nhóm 01,Công nghệ thông tin,2.2,59,6.9,79.3,2,69.8,77,4.3,6.0,0
SV20210873,MA2010,Xác suất thống kê ứng dụng,3,Nhóm 01,Công nghệ thông tin,2.2,59,5.3,78.0,10,69.1,64,4.8,4.8,1
SV20210874,IT4010,Học máy & Khai phá dữ liệu,3,Nhóm 02,Công nghệ thông tin,2.5,66,5.9,71.0,4,78.6,71,4.4,4.7,1
SV20210874,IT4020,Hệ quản trị CSDL nâng cao,3,Nhóm 02,Công nghệ thông tin,2.5,66,5.3,73.9,2,78.2,74,4.1,4.2,1
SV20210874,IT4030,Phát triển ứng dụng Web,4,Nhóm 02,Công nghệ thông tin,2.5,66,6.0,94.3,11,61.7,72,4.4,6.2,0
SV20210874,MA2010,Xác suất thống kê ứng dụng,3,Nhóm 02,Công nghệ thông tin,2.5,66,5.4,100.0,1,70.5,73,2.1,5.3,0
SV20210875,IT4010,Học máy & Khai phá dữ liệu,3,Nhóm 03,Kinh tế số,2.0,62,6.6,83.5,8,78.5,62,5.7,6.2,0
SV20210875,IT4020,Hệ quản trị CSDL nâng cao,3,Nhóm 03,Kinh tế số,2.0,62,6.4,91.1,1,88.3,65,4.6,5.4,0
SV20210875,IT4030,Phát triển ứng dụng Web,4,Nhóm 03,Kinh tế số,2.0,62,6.9,85.1,8,78.3,65,3.9,5.3,0
SV20210875,MA2010,Xác suất thống kê ứng dụng,3,Nhóm 03,Kinh tế số,2.0,62,5.2,71.3,11,82.8,78,6.0,3.0,1
SV20210876,IT4010,Học máy & Khai phá dữ liệu,3,Nhóm 04,Công nghệ thông tin,3.8,82,8.2,100.0,18,98.3,89,8.9,6.2,0
SV20210876,IT4020,Hệ quản trị CSDL nâng cao,3,Nhóm 04,Công nghệ thông tin,3.8,82,9.1,100.0,18,75.5,79,8.0,6.7,0
SV20210876,IT4030,Phát triển ứng dụng Web,4,Nhóm 04,Công nghệ thông tin,3.8,82,9.5,91.0,17,73.5,99,12.3,9.8,0
SV20210876,MA2010,Xác suất thống kê ứng dụng,3,Nhóm 04,Công nghệ thông tin,3.8,82,8.6,87.1,5,95.0,77,5.9,5.7,0
SV20210877,IT4010,Học máy & Khai phá dữ liệu,3,Nhóm 01,Công nghệ thông tin,2.9,66,8.0,82.7,13,73.3,82,8.6,6.7,0
SV20210877,IT4020,Hệ quản trị CSDL nâng cao,3,Nhóm 01,Công nghệ thông tin,2.9,66,5.7,73.3,8,62.3,82,9.2,5.6,0
SV20210877,IT4030,Phát triển ứng dụng Web,4,Nhóm 01,Công nghệ thông tin,2.9,66,7.3,71.5,11,89.2,75,5.9,5.9,0
SV20210877,MA2010,Xác suất thống kê ứng dụng,3,Nhóm 01,Công nghệ thông tin,2.9,66,7.6,86.2,16,88.1,84,6.6,7.9,0
SV20210878,IT4010,Học máy & Khai phá dữ liệu,3,Nhóm 02,Kỹ thuật dữ liệu,3.4,111,8.4,92.4,22,87.2,70,7.2,7.0,0
SV20210878,IT4020,Hệ quản trị CSDL nâng cao,3,Nhóm 02,Kỹ thuật dữ liệu,3.4,111,8.4,93.6,14,100.0,73,10.3,8.0,0
SV20210878,IT4030,Phát triển ứng dụng Web,4,Nhóm 02,Kỹ thuật dữ liệu,3.4,111,8.2,93.7,19,91.9,89,11.5,8.5,0
SV20210878,MA2010,Xác suất thống kê ứng dụng,3,Nhóm 02,Kỹ thuật dữ liệu,3.4,111,10.0,88.8,16,95.5,82,5.7,7.2,0
SV20210879,IT4010,Học máy & Khai phá dữ liệu,3,Nhóm 03,Kinh tế số,3.2,101,8.8,91.9,19,97.7,81,6.3,8.2,0
SV20210879,IT4020,Hệ quản trị CSDL nâng cao,3,Nhóm 03,Kinh tế số,3.2,101,7.5,90.6,20,88.9,86,6.6,7.2,0
SV20210879,IT4030,Phát triển ứng dụng Web,4,Nhóm 03,Kinh tế số,3.2,101,10.0,100.0,9,96.0,85,6.8,10.0,0
SV20210879,MA2010,Xác suất thống kê ứng dụng,3,Nhóm 03,Kinh tế số,3.2,101,8.6,100.0,13,85.9,81,6.6,9.3,0
SV20210880,IT4010,Học máy & Khai phá dữ liệu,3,Nhóm 04,Công nghệ thông tin,1.6,40,4.6,73.8,7,68.4,62,5.4,5.1,0
SV20210880,IT4020,Hệ quản trị CSDL nâng cao,3,Nhóm 04,Công nghệ thông tin,1.6,40,5.4,70.3,1,69.5,51,2.7,4.7,1
SV20210880,IT4030,Phát triển ứng dụng Web,4,Nhóm 04,Công nghệ thông tin,1.6,40,5.3,74.7,8,65.9,62,3.9,7.5,0
SV20210880,MA2010,Xác suất thống kê ứng dụng,3,Nhóm 04,Công nghệ thông tin,1.6,40,5.0,79.2,10,53.6,70,4.9,8.0,0
SV20210881,IT4010,Học máy & Khai phá dữ liệu,3,Nhóm 01,Kinh tế số,3.2,72,9.1,83.2,16,73.2,80,8.4,8.8,0
SV20210881,IT4020,Hệ quản trị CSDL nâng cao,3,Nhóm 01,Kinh tế số,3.2,72,8.0,82.1,9,85.3,68,8.2,7.8,0
SV20210881,IT4030,Phát triển ứng dụng Web,4,Nhóm 01,Kinh tế số,3.2,72,8.9,83.4,12,64.9,84,8.4,7.6,0
SV20210881,MA2010,Xác suất thống kê ứng dụng,3,Nhóm 01,Kinh tế số,3.2,72,7.6,79.9,8,87.5,87,10.4,5.5,0
SV20210882,IT4010,Học máy & Khai phá dữ liệu,3,Nhóm 02,Công nghệ thông tin,3.2,106,7.1,86.2,9,79.4,94,6.8,5.0,0
SV20210882,IT4020,Hệ quản trị CSDL nâng cao,3,Nhóm 02,Công nghệ thông tin,3.2,106,6.9,84.2,13,95.1,80,9.8,6.6,0
SV20210882,IT4030,Phát triển ứng dụng Web,4,Nhóm 02,Công nghệ thông tin,3.2,106,8.2,94.6,13,98.3,82,6.1,6.7,0
SV20210882,MA2010,Xác suất thống kê ứng dụng,3,Nhóm 02,Công nghệ thông tin,3.2,106,9.8,94.4,16,89.8,79,9.4,8.3,0
SV20210883,IT4010,Học máy & Khai phá dữ liệu,3,Nhóm 03,Công nghệ thông tin,2.8,86,7.2,85.7,12,85.2,72,4.6,6.3,0
SV20210883,IT4020,Hệ quản trị CSDL nâng cao,3,Nhóm 03,Công nghệ thông tin,2.8,86,5.8,66.6,9,77.9,65,6.3,5.7,0
SV20210883,IT4030,Phát triển ứng dụng Web,4,Nhóm 03,Công nghệ thông tin,2.8,86,9.3,74.2,12,92.7,72,8.8,8.6,0
SV20210883,MA2010,Xác suất thống kê ứng dụng,3,Nhóm 03,Công nghệ thông tin,2.8,86,8.4,87.0,2,73.5,79,5.4,6.5,0
SV20210884,IT4010,Học máy & Khai phá dữ liệu,3,Nhóm 04,Kinh tế số,2.3,79,7.4,67.4,14,55.0,75,6.3,7.8,0
SV20210884,IT4020,Hệ quản trị CSDL nâng cao,3,Nhóm 04,Kinh tế số,2.3,79,6.3,74.1,9,81.3,72,5.0,7.1,0
SV20210884,IT4030,Phát triển ứng dụng Web,4,Nhóm 04,Kinh tế số,2.3,79,6.3,82.9,4,94.7,88,4.8,5.1,0
SV20210884,MA2010,Xác suất thống kê ứng dụng,3,Nhóm 04,Kinh tế số,2.3,79,7.3,91.2,13,77.4,74,2.7,5.3,0
SV20210885,IT4010,Học máy & Khai phá dữ liệu,3,Nhóm 01,Công nghệ thông tin,2.9,101,7.8,70.9,11,95.5,74,6.2,6.8,0
SV20210885,IT4020,Hệ quản trị CSDL nâng cao,3,Nhóm 01,Công nghệ thông tin,2.9,101,9.2,93.0,16,100.0,74,9.7,7.8,0
SV20210885,IT4030,Phát triển ứng dụng Web,4,Nhóm 01,Công nghệ thông tin,2.9,101,9.2,93.5,17,94.9,79,8.8,6.9,0
SV20210885,MA2010,Xác suất thống kê ứng dụng,3,Nhóm 01,Công nghệ thông tin,2.9,101,9.0,96.2,17,98.0,85,8.2,7.1,0
SV20210886,IT4010,Học máy & Khai phá dữ liệu,3,Nhóm 02,Công nghệ thông tin,1.4,28,4.8,70.4,3,82.1,55,0.0,3.3,1
SV20210886,IT4020,Hệ quản trị CSDL nâng cao,3,Nhóm 02,Công nghệ thông tin,1.4,28,4.6,76.9,6,81.8,62,3.1,4.0,1
SV20210886,IT4030,Phát triển ứng dụng Web,4,Nhóm 02,Công nghệ thông tin,1.4,28,6.4,66.6,1,77.4,61,4.8,5.5,0
SV20210886,MA2010,Xác suất thống kê ứng dụng,3,Nhóm 02,Công nghệ thông tin,1.4,28,5.5,62.9,2,75.2,61,5.6,5.5,0
SV20210887,IT4010,Học máy & Khai phá dữ liệu,3,Nhóm 03,Kỹ thuật dữ liệu,2.1,87,6.8,88.9,5,69.7,67,5.9,8.6,0
SV20210887,IT4020,Hệ quản trị CSDL nâng cao,3,Nhóm 03,Kỹ thuật dữ liệu,2.1,87,8.0,83.3,12,83.5,74,3.9,6.2,0
SV20210887,IT4030,Phát triển ứng dụng Web,4,Nhóm 03,Kỹ thuật dữ liệu,2.1,87,7.1,88.1,7,72.1,70,6.1,5.0,0
SV20210887,MA2010,Xác suất thống kê ứng dụng,3,Nhóm 03,Kỹ thuật dữ liệu,2.1,87,5.3,71.7,8,82.5,57,2.2,3.1,1
SV20210888,IT4010,Học máy & Khai phá dữ liệu,3,Nhóm 04,Công nghệ thông tin,3.3,119,8.9,82.4,15,100.0,70,10.2,9.9,0
SV20210888,IT4020,Hệ quản trị CSDL nâng cao,3,Nhóm 04,Công nghệ thông tin,3.3,119,7.5,84.4,18,90.0,80,7.2,7.7,0
SV20210888,IT4030,Phát triển ứng dụng Web,4,Nhóm 04,Công nghệ thông tin,3.3,119,7.8,91.7,17,85.4,94,10.1,5.1,0
SV20210888,MA2010,Xác suất thống kê ứng dụng,3,Nhóm 04,Công nghệ thông tin,3.3,119,8.7,91.0,9,93.4,80,9.5,7.9,0
SV20210889,IT4010,Học máy & Khai phá dữ liệu,3,Nhóm 01,Công nghệ thông tin,2.1,65,6.1,80.8,15,88.6,69,6.8,6.6,0
SV20210889,IT4020,Hệ quản trị CSDL nâng cao,3,Nhóm 01,Công nghệ thông tin,2.1,65,5.2,86.1,1,76.3,69,3.6,5.5,0
SV20210889,IT4030,Phát triển ứng dụng Web,4,Nhóm 01,Công nghệ thông tin,2.1,65,6.4,62.1,10,73.8,55,2.1,6.4,0
SV20210889,MA2010,Xác suất thống kê ứng dụng,3,Nhóm 01,Công nghệ thông tin,2.1,65,6.6,83.4,1,82.1,61,7.8,7.3,0
SV20210890,IT4010,Học máy & Khai phá dữ liệu,3,Nhóm 02,Công nghệ thông tin,3.1,87,7.5,100.0,6,98.2,78,10.7,7.9,0
SV20210890,IT4020,Hệ quản trị CSDL nâng cao,3,Nhóm 02,Công nghệ thông tin,3.1,87,8.0,70.7,13,87.7,80,6.1,4.7,1
SV20210890,IT4030,Phát triển ứng dụng Web,4,Nhóm 02,Công nghệ thông tin,3.1,87,7.8,65.1,12,78.4,87,7.8,7.5,0
SV20210890,MA2010,Xác suất thống kê ứng dụng,3,Nhóm 02,Công nghệ thông tin,3.1,87,6.5,73.9,8,96.4,77,8.3,5.1,0
SV20210891,IT4010,Học máy & Khai phá dữ liệu,3,Nhóm 03,Công nghệ thông tin,2.1,67,6.3,68.0,4,83.6,65,4.6,5.3,0
SV20210891,IT4020,Hệ quản trị CSDL nâng cao,3,Nhóm 03,Công nghệ thông tin,2.1,67,5.6,70.4,13,80.0,62,7.1,4.0,1
SV20210891,IT4030,Phát triển ứng dụng Web,4,Nhóm 03,Công nghệ thông tin,2.1,67,6.7,78.8,11,69.3,74,4.5,6.8,0
SV20210891,MA2010,Xác suất thống kê ứng dụng,3,Nhóm 03,Công nghệ thông tin,2.1,67,5.3,64.6,2,89.0,71,4.9,7.0,0
SV20210892,IT4010,Học máy & Khai phá dữ liệu,3,Nhóm 04,Kinh tế số,2.4,53,7.2,65.2,13,90.3,60,7.5,8.1,0
SV20210892,IT4020,Hệ quản trị CSDL nâng cao,3,Nhóm 04,Kinh tế số,2.4,53,6.2,76.0,7,77.6,63,6.8,4.4,1
SV20210892,IT4030,Phát triển ứng dụng Web,4,Nhóm 04,Kinh tế số,2.4,53,8.0,99.9,9,59.2,59,5.4,8.5,0
SV20210892,MA2010,Xác suất thống kê ứng dụng,3,Nhóm 04,Kinh tế số,2.4,53,6.8,80.5,9,100.0,75,4.2,4.8,1
SV20210893,IT4010,Học máy & Khai phá dữ liệu,3,Nhóm 01,Công nghệ thông tin,3.3,98,8.8,89.8,3,95.7,74,8.9,10.0,0
SV20210893,IT4020,Hệ quản trị CSDL nâng cao,3,Nhóm 01,Công nghệ thông tin,3.3,98,5.8,83.4,11,80.0,71,5.6,5.7,0
SV20210893,IT4030,Phát triển ứng dụng Web,4,Nhóm 01,Công nghệ thông tin,3.3,98,7.6,94.8,11,84.1,81,4.6,7.2,0
SV20210893,MA2010,Xác suất thống kê ứng dụng,3,Nhóm 01,Công nghệ thông tin,3.3,98,6.7,81.0,9,78.2,80,5.1,5.5,0
SV20210894,IT4010,Học máy & Khai phá dữ liệu,3,Nhóm 02,Công nghệ thông tin,2.7,70,8.1,75.9,9,77.6,74,2.0,5.0,0
SV20210894,IT4020,Hệ quản trị CSDL nâng cao,3,Nhóm 02,Công nghệ thông tin,2.7,70,7.5,77.7,12,93.6,73,7.4,6.7,0
SV20210894,IT4030,Phát triển ứng dụng Web,4,Nhóm 02,Công nghệ thông tin,2.7,70,6.7,89.0,7,65.0,69,6.1,6.6,0
SV20210894,MA2010,Xác suất thống kê ứng dụng,3,Nhóm 02,Công nghệ thông tin,2.7,70,6.8,92.7,6,78.3,70,6.7,6.1,0
SV20210895,IT4010,Học máy & Khai phá dữ liệu,3,Nhóm 03,Công nghệ thông tin,2.5,73,6.5,67.1,11,77.5,66,6.3,6.4,0
SV20210895,IT4020,Hệ quản trị CSDL nâng cao,3,Nhóm 03,Công nghệ thông tin,2.5,73,7.9,82.0,11,84.6,64,5.0,6.2,0
SV20210895,IT4030,Phát triển ứng dụng Web,4,Nhóm 03,Công nghệ thông tin,2.5,73,7.3,74.4,3,100.0,73,5.6,5.8,0
SV20210895,MA2010,Xác suất thống kê ứng dụng,3,Nhóm 03,Công nghệ thông tin,2.5,73,5.9,65.7,2,74.4,65,5.7,5.0,0
SV20210896,IT4010,Học máy & Khai phá dữ liệu,3,Nhóm 04,Công nghệ thông tin,3.0,98,9.0,100.0,12,100.0,75,10.8,8.2,0
SV20210896,IT4020,Hệ quản trị CSDL nâng cao,3,Nhóm 04,Công nghệ thông tin,3.0,98,8.4,100.0,12,73.0,84,7.7,6.8,0
SV20210896,IT4030,Phát triển ứng dụng Web,4,Nhóm 04,Công nghệ thông tin,3.0,98,9.9,94.7,8,72.5,63,9.4,9.9,0
SV20210896,MA2010,Xác suất thống kê ứng dụng,3,Nhóm 04,Công nghệ thông tin,3.0,98,7.9,91.1,12,85.0,74,10.4,7.4,0
SV20210897,IT4010,Học máy & Khai phá dữ liệu,3,Nhóm 01,Kinh tế số,2.0,46,6.9,78.2,13,75.9,69,2.4,4.5,1
SV20210897,IT4020,Hệ quản trị CSDL nâng cao,3,Nhóm 01,Kinh tế số,2.0,46,6.7,71.4,6,71.7,72,4.6,6.3,0
SV20210897,IT4030,Phát triển ứng dụng Web,4,Nhóm 01,Kinh tế số,2.0,46,7.3,97.9,5,67.6,77,4.5,7.3,0
SV20210897,MA2010,Xác suất thống kê ứng dụng,3,Nhóm 01,Kinh tế số,2.0,46,5.1,71.4,11,81.0,78,1.2,4.1,1
SV20210898,IT4010,Học máy & Khai phá dữ liệu,3,Nhóm 02,Công nghệ thông tin,1.8,34,5.4,62.4,4,65.4,63,3.6,4.6,1
SV20210898,IT4020,Hệ quản trị CSDL nâng cao,3,Nhóm 02,Công nghệ thông tin,1.8,34,5.7,75.8,5,83.1,71,3.8,4.1,1
SV20210898,IT4030,Phát triển ứng dụng Web,4,Nhóm 02,Công nghệ thông tin,1.8,34,5.3,61.6,1,69.5,60,0.9,4.7,1
SV20210898,MA2010,Xác suất thống kê ứng dụng,3,Nhóm 02,Công nghệ thông tin,1.8,34,5.2,77.8,2,77.0,69,0.0,1.9,1
SV20210899,IT4010,Học máy & Khai phá dữ liệu,3,Nhóm 03,Kỹ thuật dữ liệu,3.8,113,10.0,100.0,15,85.7,87,13.9,8.0,0
SV20210899,IT4020,Hệ quản trị CSDL nâng cao,3,Nhóm 03,Kỹ thuật dữ liệu,3.8,113,7.9,90.0,17,89.6,81,12.4,5.9,0
SV20210899,IT4030,Phát triển ứng dụng Web,4,Nhóm 03,Kỹ thuật dữ liệu,3.8,113,10.0,100.0,15,100.0,79,9.2,9.7,0
SV20210899,MA2010,Xác suất thống kê ứng dụng,3,Nhóm 03,Kỹ thuật dữ liệu,3.8,113,7.6,82.4,14,99.9,86,8.1,5.7,0
SV20210900,IT4010,Học máy & Khai phá dữ liệu,3,Nhóm 04,Công nghệ thông tin,2.0,56,6.3,64.8,7,85.6,56,4.4,5.7,0
SV20210900,IT4020,Hệ quản trị CSDL nâng cao,3,Nhóm 04,Công nghệ thông tin,2.0,56,4.9,69.4,10,81.8,74,6.3,3.0,1
SV20210900,IT4030,Phát triển ứng dụng Web,4,Nhóm 04,Công nghệ thông tin,2.0,56,5.1,64.2,6,93.1,60,6.1,5.7,0
SV20210900,MA2010,Xác suất thống kê ứng dụng,3,Nhóm 04,Công nghệ thông tin,2.0,56,6.5,64.8,14,64.4,86,3.7,6.2,0
SV20210901,IT4010,Học máy & Khai phá dữ liệu,3,Nhóm 01,Kinh tế số,3.5,107,8.8,95.7,15,92.5,89,7.9,8.3,0
SV20210901,IT4020,Hệ quản trị CSDL nâng cao,3,Nhóm 01,Kinh tế số,3.5,107,9.5,88.6,13,75.2,79,8.2,6.8,0
SV20210901,IT4030,Phát triển ứng dụng Web,4,Nhóm 01,Kinh tế số,3.5,107,10.0,85.1,19,89.0,64,7.5,9.0,0
SV20210901,MA2010,Xác suất thống kê ứng dụng,3,Nhóm 01,Kinh tế số,3.5,107,8.9,89.4,15,85.4,87,7.6,8.2,0
SV20210902,IT4010,Học máy & Khai phá dữ liệu,3,Nhóm 02,Kỹ thuật dữ liệu,2.9,89,8.1,74.7,6,79.4,69,9.7,7.8,0
SV20210902,IT4020,Hệ quản trị CSDL nâng cao,3,Nhóm 02,Kỹ thuật dữ liệu,2.9,89,7.2,96.2,8,75.6,72,6.9,5.7,0
SV20210902,IT4030,Phát triển ứng dụng Web,4,Nhóm 02,Kỹ thuật dữ liệu,2.9,89,8.5,98.4,11,90.0,77,5.8,7.6,0
SV20210902,MA2010,Xác suất thống kê ứng dụng,3,Nhóm 02,Kỹ thuật dữ liệu,2.9,89,5.9,81.8,18,69.1,64,10.7,5.3,0
SV20210903,IT4010,Học máy & Khai phá dữ liệu,3,Nhóm 03,Công nghệ thông tin,2.1,85,6.6,71.0,1,80.3,70,4.8,4.5,1
SV20210903,IT4020,Hệ quản trị CSDL nâng cao,3,Nhóm 03,Công nghệ thông tin,2.1,85,6.7,79.3,9,85.7,76,4.2,5.4,0
SV20210903,IT4030,Phát triển ứng dụng Web,4,Nhóm 03,Công nghệ thông tin,2.1,85,6.4,62.4,9,91.9,59,1.8,5.3,0
SV20210903,MA2010,Xác suất thống kê ứng dụng,3,Nhóm 03,Công nghệ thông tin,2.1,85,6.0,68.8,6,79.2,63,4.4,5.1,0
SV20210904,IT4010,Học máy & Khai phá dữ liệu,3,Nhóm 04,Kỹ thuật dữ liệu,2.7,84,8.6,90.8,8,81.1,64,4.8,7.7,0
SV20210904,IT4020,Hệ quản trị CSDL nâng cao,3,Nhóm 04,Kỹ thuật dữ liệu,2.7,84,7.1,97.3,11,100.0,73,7.5,6.1,0
SV20210904,IT4030,Phát triển ứng dụng Web,4,Nhóm 04,Kỹ thuật dữ liệu,2.7,84,7.6,79.3,17,100.0,83,8.7,9.4,0
SV20210904,MA2010,Xác suất thống kê ứng dụng,3,Nhóm 04,Kỹ thuật dữ liệu,2.7,84,7.3,80.5,13,88.7,97,4.6,6.2,0
SV20210905,IT4010,Học máy & Khai phá dữ liệu,3,Nhóm 01,Công nghệ thông tin,2.0,64,7.0,75.2,8,76.4,64,5.9,6.2,0
SV20210905,IT4020,Hệ quản trị CSDL nâng cao,3,Nhóm 01,Công nghệ thông tin,2.0,64,5.6,65.8,5,96.7,65,3.5,4.2,1
SV20210905,IT4030,Phát triển ứng dụng Web,4,Nhóm 01,Công nghệ thông tin,2.0,64,6.7,62.6,10,79.4,60,5.7,5.3,0
SV20210905,MA2010,Xác suất thống kê ứng dụng,3,Nhóm 01,Công nghệ thông tin,2.0,64,6.3,74.4,8,93.2,68,5.6,5.9,0
SV20210906,IT4010,Học máy & Khai phá dữ liệu,3,Nhóm 02,Công nghệ thông tin,3.6,97,8.9,79.7,13,97.1,95,9.7,6.7,0
SV20210906,IT4020,Hệ quản trị CSDL nâng cao,3,Nhóm 02,Công nghệ thông tin,3.6,97,9.2,95.8,12,90.7,95,9.8,7.7,0
SV20210906,IT4030,Phát triển ứng dụng Web,4,Nhóm 02,Công nghệ thông tin,3.6,97,9.4,84.3,17,100.0,91,8.9,8.0,0
SV20210906,MA2010,Xác suất thống kê ứng dụng,3,Nhóm 02,Công nghệ thông tin,3.6,97,8.3,93.8,13,90.6,82,6.7,6.3,0
SV20210907,IT4010,Học máy & Khai phá dữ liệu,3,Nhóm 03,Công nghệ thông tin,2.1,65,5.8,57.7,9,88.4,56,9.5,6.8,0
SV20210907,IT4020,Hệ quản trị CSDL nâng cao,3,Nhóm 03,Công nghệ thông tin,2.1,65,5.4,65.6,10,76.6,64,3.8,3.9,1
SV20210907,IT4030,Phát triển ứng dụng Web,4,Nhóm 03,Công nghệ thông tin,2.1,65,5.8,86.1,7,80.5,50,3.9,6.9,0
SV20210907,MA2010,Xác suất thống kê ứng dụng,3,Nhóm 03,Công nghệ thông tin,2.1,65,6.5,76.1,10,66.3,72,4.0,4.0,1
SV20210908,IT4010,Học máy & Khai phá dữ liệu,3,Nhóm 04,Công nghệ thông tin,2.6,77,6.0,71.2,11,68.7,72,2.3,5.8,0
SV20210908,IT4020,Hệ quản trị CSDL nâng cao,3,Nhóm 04,Công nghệ thông tin,2.6,77,5.9,90.7,5,68.8,64,6.2,8.4,0
SV20210908,IT4030,Phát triển ứng dụng Web,4,Nhóm 04,Công nghệ thông tin,2.6,77,7.3,76.6,5,74.3,74,4.2,6.3,0
SV20210908,MA2010,Xác suất thống kê ứng dụng,3,Nhóm 04,Công nghệ thông tin,2.6,77,5.6,83.4,15,91.1,67,4.7,5.4,0
SV20210909,IT4010,Học máy & Khai phá dữ liệu,3,Nhóm 01,Công nghệ thông tin,3.1,76,7.9,77.4,14,72.8,79,8.5,6.4,0
SV20210909,IT4020,Hệ quản trị CSDL nâng cao,3,Nhóm 01,Công nghệ thông tin,3.1,76,7.0,100.0,11,90.2,74,7.2,5.9,0
SV20210909,IT4030,Phát triển ứng dụng Web,4,Nhóm 01,Công nghệ thông tin,3.1,76,8.7,80.4,9,100.0,74,6.0,7.5,0
SV20210909,MA2010,Xác suất thống kê ứng dụng,3,Nhóm 01,Công nghệ thông tin,3.1,76,8.7,92.6,8,87.2,64,5.5,7.6,0
SV20210910,IT4010,Học máy & Khai phá dữ liệu,3,Nhóm 02,Công nghệ thông tin,2.3,47,6.6,80.5,3,89.8,79,9.2,7.4,0
SV20210910,IT4020,Hệ quản trị CSDL nâng cao,3,Nhóm 02,Công nghệ thông tin,2.3,47,4.6,78.8,7,58.9,64,7.0,6.0,0
SV20210910,IT4030,Phát triển ứng dụng Web,4,Nhóm 02,Công nghệ thông tin,2.3,47,5.3,67.9,11,69.3,71,1.3,6.6,0
SV20210910,MA2010,Xác suất thống kê ứng dụng,3,Nhóm 02,Công nghệ thông tin,2.3,47,5.2,91.4,9,75.2,55,0.5,4.8,1
SV20210911,IT4010,Học máy & Khai phá dữ liệu,3,Nhóm 03,Công nghệ thông tin,2.8,79,7.1,65.1,9,94.4,83,6.0,7.8,0
SV20210911,IT4020,Hệ quản trị CSDL nâng cao,3,Nhóm 03,Công nghệ thông tin,2.8,79,7.1,78.6,6,90.0,87,4.7,5.0,0
SV20210911,IT4030,Phát triển ứng dụng Web,4,Nhóm 03,Công nghệ thông tin,2.8,79,8.4,78.5,12,74.6,83,5.8,7.2,0
SV20210911,MA2010,Xác suất thống kê ứng dụng,3,Nhóm 03,Công nghệ thông tin,2.8,79,8.7,85.9,7,91.3,70,6.2,6.4,0
SV20210912,IT4010,Học máy & Khai phá dữ liệu,3,Nhóm 04,Kinh tế số,2.0,56,4.9,60.4,9,77.9,52,4.3,5.0,0
SV20210912,IT4020,Hệ quản trị CSDL nâng cao,3,Nhóm 04,Kinh tế số,2.0,56,5.2,62.5,5,72.2,62,6.0,5.7,0
SV20210912,IT4030,Phát triển ứng dụng Web,4,Nhóm 04,Kinh tế số,2.0,56,7.4,67.3,6,80.3,67,5.9,8.0,0
SV20210912,MA2010,Xác suất thống kê ứng dụng,3,Nhóm 04,Kinh tế số,2.0,56,6.6,78.9,1,74.3,63,1.8,3.2,1
SV20210913,IT4010,Học máy & Khai phá dữ liệu,3,Nhóm 01,Kỹ thuật dữ liệu,3.4,77,8.7,100.0,13,80.3,86,3.6,7.6,0
SV20210913,IT4020,Hệ quản trị CSDL nâng cao,3,Nhóm 01,Kỹ thuật dữ liệu,3.4,77,7.0,85.0,11,91.0,89,9.1,6.3,0
SV20210913,IT4030,Phát triển ứng dụng Web,4,Nhóm 01,Kỹ thuật dữ liệu,3.4,77,8.6,93.7,6,88.9,88,8.0,10.0,0
SV20210913,MA2010,Xác suất thống kê ứng dụng,3,Nhóm 01,Kỹ thuật dữ liệu,3.4,77,7.0,100.0,6,81.9,81,7.4,5.2,0
SV20210914,IT4010,Học máy & Khai phá dữ liệu,3,Nhóm 02,Công nghệ thông tin,2.0,62,6.6,77.0,13,70.9,70,5.1,5.6,0
SV20210914,IT4020,Hệ quản trị CSDL nâng cao,3,Nhóm 02,Công nghệ thông tin,2.0,62,6.3,70.4,9,69.1,65,6.6,5.1,0
SV20210914,IT4030,Phát triển ứng dụng Web,4,Nhóm 02,Công nghệ thông tin,2.0,62,6.8,75.9,4,60.2,68,6.9,7.9,0
SV20210914,MA2010,Xác suất thống kê ứng dụng,3,Nhóm 02,Công nghệ thông tin,2.0,62,6.9,79.1,6,67.9,66,3.1,4.5,1
SV20210915,IT4010,Học máy & Khai phá dữ liệu,3,Nhóm 03,Công nghệ thông tin,2.8,69,8.0,84.6,8,95.9,91,6.4,8.1,0
SV20210915,IT4020,Hệ quản trị CSDL nâng cao,3,Nhóm 03,Công nghệ thông tin,2.8,69,7.2,92.5,8,73.5,72,5.6,6.0,0
SV20210915,IT4030,Phát triển ứng dụng Web,4,Nhóm 03,Công nghệ thông tin,2.8,69,9.9,90.9,10,85.8,88,7.6,9.2,0
SV20210915,MA2010,Xác suất thống kê ứng dụng,3,Nhóm 03,Công nghệ thông tin,2.8,69,7.9,90.1,10,98.4,74,7.3,5.8,0
SV20210916,IT4010,Học máy & Khai phá dữ liệu,3,Nhóm 04,Kỹ thuật dữ liệu,2.8,82,5.8,74.0,4,64.2,84,3.8,5.8,0
SV20210916,IT4020,Hệ quản trị CSDL nâng cao,3,Nhóm 04,Kỹ thuật dữ liệu,2.8,82,7.0,83.7,10,80.0,71,4.1,4.5,1
SV20210916,IT4030,Phát triển ứng dụng Web,4,Nhóm 04,Kỹ thuật dữ liệu,2.8,82,7.7,99.5,8,80.9,88,8.5,8.6,0
SV20210916,MA2010,Xác suất thống kê ứng dụng,3,Nhóm 04,Kỹ thuật dữ liệu,2.8,82,7.7,82.7,17,95.5,63,6.4,7.1,0
SV20210917,IT4010,Học máy & Khai phá dữ liệu,3,Nhóm 01,Kỹ thuật dữ liệu,2.5,65,7.1,77.5,11,85.4,82,7.1,6.6,0
SV20210917,IT4020,Hệ quản trị CSDL nâng cao,3,Nhóm 01,Kỹ thuật dữ liệu,2.5,65,7.1,89.7,12,95.7,85,4.9,6.9,0
SV20210917,IT4030,Phát triển ứng dụng Web,4,Nhóm 01,Kỹ thuật dữ liệu,2.5,65,7.6,70.2,10,100.0,78,6.9,6.5,0
SV20210917,MA2010,Xác suất thống kê ứng dụng,3,Nhóm 01,Kỹ thuật dữ liệu,2.5,65,9.3,100.0,8,80.4,71,6.0,9.6,0
SV20210918,IT4010,Học máy & Khai phá dữ liệu,3,Nhóm 02,Công nghệ thông tin,3.0,86,7.7,79.1,14,81.6,86,8.6,8.7,0
SV20210918,IT4020,Hệ quản trị CSDL nâng cao,3,Nhóm 02,Công nghệ thông tin,3.0,86,7.7,92.0,10,97.4,79,4.0,7.2,0
SV20210918,IT4030,Phát triển ứng dụng Web,4,Nhóm 02,Công nghệ thông tin,3.0,86,8.1,95.9,5,85.2,75,7.0,9.3,0
SV20210918,MA2010,Xác suất thống kê ứng dụng,3,Nhóm 02,Công nghệ thông tin,3.0,86,6.0,69.9,11,83.3,77,8.2,7.4,0
SV20210919,IT4010,Học máy & Khai phá dữ liệu,3,Nhóm 03,Công nghệ thông tin,2.5,58,7.4,76.0,2,100.0,69,6.2,6.2,0
SV20210919,IT4020,Hệ quản trị CSDL nâng cao,3,Nhóm 03,Công nghệ thông tin,2.5,58,7.7,74.1,1,82.4,77,8.4,6.8,0
SV20210919,IT4030,Phát triển ứng dụng Web,4,Nhóm 03,Công nghệ thông tin,2.5,58,8.0,81.6,3,77.8,68,5.4,6.6,0
SV20210919,MA2010,Xác suất thống kê ứng dụng,3,Nhóm 03,Công nghệ thông tin,2.5,58,7.0,86.2,9,62.5,64,8.5,7.3,0
SV20210920,IT4010,Học máy & Khai phá dữ liệu,3,Nhóm 04,Công nghệ thông tin,3.2,104,8.8,100.0,13,100.0,80,3.7,8.3,0
SV20210920,IT4020,Hệ quản trị CSDL nâng cao,3,Nhóm 04,Công nghệ thông tin,3.2,104,8.0,88.3,13,96.6,81,8.6,7.7,0
SV20210920,IT4030,Phát triển ứng dụng Web,4,Nhóm 04,Công nghệ thông tin,3.2,104,6.3,89.4,20,89.0,81,7.9,5.5,0
SV20210920,MA2010,Xác suất thống kê ứng dụng,3,Nhóm 04,Công nghệ thông tin,3.2,104,7.2,87.7,19,94.3,95,8.0,6.2,0
SV20210921,IT4010,Học máy & Khai phá dữ liệu,3,Nhóm 01,Công nghệ thông tin,2.6,81,8.1,90.7,14,79.5,55,7.4,6.0,0
SV20210921,IT4020,Hệ quản trị CSDL nâng cao,3,Nhóm 01,Công nghệ thông tin,2.6,81,6.9,63.5,17,85.8,81,7.5,5.1,0
SV20210921,IT4030,Phát triển ứng dụng Web,4,Nhóm 01,Công nghệ thông tin,2.6,81,8.2,77.7,11,74.9,75,7.0,8.0,0
SV20210921,MA2010,Xác suất thống kê ứng dụng,3,Nhóm 01,Công nghệ thông tin,2.6,81,8.0,75.0,17,81.8,66,6.3,7.9,0
SV20210922,IT4010,Học máy & Khai phá dữ liệu,3,Nhóm 02,Công nghệ thông tin,2.5,106,8.0,86.7,14,70.4,80,4.6,6.6,0
SV20210922,IT4020,Hệ quản trị CSDL nâng cao,3,Nhóm 02,Công nghệ thông tin,2.5,106,7.5,87.7,9,82.2,73,3.9,5.0,0
SV20210922,IT4030,Phát triển ứng dụng Web,4,Nhóm 02,Công nghệ thông tin,2.5,106,6.7,94.1,13,81.0,68,6.5,7.2,0
SV20210922,MA2010,Xác suất thống kê ứng dụng,3,Nhóm 02,Công nghệ thông tin,2.5,106,7.9,91.9,16,94.0,62,8.5,7.5,0
SV20210923,IT4010,Học máy & Khai phá dữ liệu,3,Nhóm 03,Công nghệ thông tin,2.0,55,6.4,81.5,5,67.8,66,4.9,8.2,0
SV20210923,IT4020,Hệ quản trị CSDL nâng cao,3,Nhóm 03,Công nghệ thông tin,2.0,55,6.8,80.7,12,80.4,77,4.3,5.9,0
SV20210923,IT4030,Phát triển ứng dụng Web,4,Nhóm 03,Công nghệ thông tin,2.0,55,6.5,80.6,12,63.1,64,5.2,6.8,0
SV20210923,MA2010,Xác suất thống kê ứng dụng,3,Nhóm 03,Công nghệ thông tin,2.0,55,6.7,68.5,1,79.0,55,4.3,5.3,0
SV20210924,IT4010,Học máy & Khai phá dữ liệu,3,Nhóm 04,Công nghệ thông tin,2.5,46,7.1,76.2,13,81.5,70,7.0,6.1,0
SV20210924,IT4020,Hệ quản trị CSDL nâng cao,3,Nhóm 04,Công nghệ thông tin,2.5,46,8.1,100.0,8,88.6,86,7.0,6.7,0
SV20210924,IT4030,Phát triển ứng dụng Web,4,Nhóm 04,Công nghệ thông tin,2.5,46,6.0,82.6,13,89.2,79,8.3,5.8,0
SV20210924,MA2010,Xác suất thống kê ứng dụng,3,Nhóm 04,Công nghệ thông tin,2.5,46,7.4,96.9,9,87.2,66,2.5,7.3,0
SV20210925,IT4010,Học máy & Khai phá dữ liệu,3,Nhóm 01,Công nghệ thông tin,3.3,97,9.5,98.3,16,97.3,77,9.2,7.8,0
SV20210925,IT4020,Hệ quản trị CSDL nâng cao,3,Nhóm 01,Công nghệ thông tin,3.3,97,9.5,100.0,17,98.8,90,7.5,8.0,0
SV20210925,IT4030,Phát triển ứng dụng Web,4,Nhóm 01,Công nghệ thông tin,3.3,97,7.1,89.8,5,93.2,77,9.9,7.6,0
SV20210925,MA2010,Xác suất thống kê ứng dụng,3,Nhóm 01,Công nghệ thông tin,3.3,97,7.7,83.3,15,100.0,86,8.0,8.2,0
SV20210926,IT4010,Học máy & Khai phá dữ liệu,3,Nhóm 02,Kỹ thuật dữ liệu,2.5,100,7.6,85.9,14,100.0,93,8.1,7.8,0
SV20210926,IT4020,Hệ quản trị CSDL nâng cao,3,Nhóm 02,Kỹ thuật dữ liệu,2.5,100,8.1,76.0,11,78.3,73,9.1,6.7,0
SV20210926,IT4030,Phát triển ứng dụng Web,4,Nhóm 02,Kỹ thuật dữ liệu,2.5,100,6.7,94.9,15,60.8,81,6.2,6.3,0
SV20210926,MA2010,Xác suất thống kê ứng dụng,3,Nhóm 02,Kỹ thuật dữ liệu,2.5,100,7.9,76.1,8,94.1,77,7.7,6.7,0
SV20210927,IT4010,Học máy & Khai phá dữ liệu,3,Nhóm 03,Kinh tế số,2.1,58,7.8,91.5,9,66.3,69,6.5,9.0,0
SV20210927,IT4020,Hệ quản trị CSDL nâng cao,3,Nhóm 03,Kinh tế số,2.1,58,7.5,88.3,9,75.2,73,5.7,4.6,1
SV20210927,IT4030,Phát triển ứng dụng Web,4,Nhóm 03,Kinh tế số,2.1,58,8.0,70.9,12,88.2,67,4.7,7.3,0
SV20210927,MA2010,Xác suất thống kê ứng dụng,3,Nhóm 03,Kinh tế số,2.1,58,5.9,66.3,10,86.9,86,5.6,5.2,0
SV20210928,IT4010,Học máy & Khai phá dữ liệu,3,Nhóm 04,Công nghệ thông tin,2.8,121,8.2,83.1,10,86.3,68,7.8,6.6,0
SV20210928,IT4020,Hệ quản trị CSDL nâng cao,3,Nhóm 04,Công nghệ thông tin,2.8,121,9.0,95.3,8,78.7,72,8.1,8.3,0
SV20210928,IT4030,Phát triển ứng dụng Web,4,Nhóm 04,Công nghệ thông tin,2.8,121,7.6,86.2,10,85.1,85,8.1,8.3,0
SV20210928,MA2010,Xác suất thống kê ứng dụng,3,Nhóm 04,Công nghệ thông tin,2.8,121,8.4,100.0,22,99.7,74,7.9,6.3,0
SV20210929,IT4010,Học máy & Khai phá dữ liệu,3,Nhóm 01,Kinh tế số,2.3,49,5.4,70.2,8,63.8,74,4.2,6.0,0
SV20210929,IT4020,Hệ quản trị CSDL nâng cao,3,Nhóm 01,Kinh tế số,2.3,49,7.5,70.8,6,87.7,86,3.6,5.1,0
SV20210929,IT4030,Phát triển ứng dụng Web,4,Nhóm 01,Kinh tế số,2.3,49,8.3,64.0,3,88.3,70,4.9,7.5,0
SV20210929,MA2010,Xác suất thống kê ứng dụng,3,Nhóm 01,Kinh tế số,2.3,49,7.1,75.3,10,81.6,69,7.9,7.4,0
SV20210930,IT4010,Học máy & Khai phá dữ liệu,3,Nhóm 02,Kinh tế số,2.9,83,7.8,84.5,12,91.4,70,7.4,7.3,0
SV20210930,IT4020,Hệ quản trị CSDL nâng cao,3,Nhóm 02,Kinh tế số,2.9,83,6.7,83.1,11,79.6,90,8.1,7.1,0
SV20210930,IT4030,Phát triển ứng dụng Web,4,Nhóm 02,Kinh tế số,2.9,83,8.7,81.7,8,84.3,78,8.7,7.8,0
SV20210930,MA2010,Xác suất thống kê ứng dụng,3,Nhóm 02,Kinh tế số,2.9,83,7.4,90.3,14,73.6,90,6.3,7.2,0
SV20210931,IT4010,Học máy & Khai phá dữ liệu,3,Nhóm 03,Công nghệ thông tin,1.6,28,4.2,53.4,1,78.7,54,3.7,3.5,1
SV20210931,IT4020,Hệ quản trị CSDL nâng cao,3,Nhóm 03,Công nghệ thông tin,1.6,28,5.1,66.5,1,59.9,67,2.8,4.4,1
SV20210931,IT4030,Phát triển ứng dụng Web,4,Nhóm 03,Công nghệ thông tin,1.6,28,5.8,68.5,3,67.4,65,1.7,6.9,0
SV20210931,MA2010,Xác suất thống kê ứng dụng,3,Nhóm 03,Công nghệ thông tin,1.6,28,5.8,58.5,4,74.3,67,0.0,3.7,1
SV20210932,IT4010,Học máy & Khai phá dữ liệu,3,Nhóm 04,Công nghệ thông tin,2.6,80,7.0,80.7,14,76.5,81,4.6,6.0,0
SV20210932,IT4020,Hệ quản trị CSDL nâng cao,3,Nhóm 04,Công nghệ thông tin,2.6,80,8.2,82.9,5,85.2,75,6.0,7.1,0
SV20210932,IT4030,Phát triển ứng dụng Web,4,Nhóm 04,Công nghệ thông tin,2.6,80,7.9,92.5,13,80.5,68,4.1,7.8,0
SV20210932,MA2010,Xác suất thống kê ứng dụng,3,Nhóm 04,Công nghệ thông tin,2.6,80,7.9,90.8,13,96.1,75,8.8,4.6,1
SV20210933,IT4010,Học máy & Khai phá dữ liệu,3,Nhóm 01,Công nghệ thông tin,2.7,132,8.4,84.9,12,65.6,87,5.6,7.2,0
SV20210933,IT4020,Hệ quản trị CSDL nâng cao,3,Nhóm 01,Công nghệ thông tin,2.7,132,5.9,79.9,12,93.1,64,5.8,7.0,0
SV20210933,IT4030,Phát triển ứng dụng Web,4,Nhóm 01,Công nghệ thông tin,2.7,132,8.0,88.6,8,99.3,69,5.8,8.0,0
SV20210933,MA2010,Xác suất thống kê ứng dụng,3,Nhóm 01,Công nghệ thông tin,2.7,132,6.3,77.8,6,62.7,82,8.3,6.5,0
SV20210934,IT4010,Học máy & Khai phá dữ liệu,3,Nhóm 02,Công nghệ thông tin,2.6,90,7.8,86.5,14,88.4,84,5.6,6.7,0
SV20210934,IT4020,Hệ quản trị CSDL nâng cao,3,Nhóm 02,Công nghệ thông tin,2.6,90,5.9,90.4,9,92.7,74,6.6,5.1,0
SV20210934,IT4030,Phát triển ứng dụng Web,4,Nhóm 02,Công nghệ thông tin,2.6,90,8.9,97.6,10,83.9,81,4.1,6.5,0
SV20210934,MA2010,Xác suất thống kê ứng dụng,3,Nhóm 02,Công nghệ thông tin,2.6,90,7.6,73.6,16,84.1,77,5.2,5.5,0
SV20210935,IT4010,Học máy & Khai phá dữ liệu,3,Nhóm 03,Công nghệ thông tin,3.1,98,8.0,79.8,10,86.5,76,7.6,7.6,0
SV20210935,IT4020,Hệ quản trị CSDL nâng cao,3,Nhóm 03,Công nghệ thông tin,3.1,98,7.3,92.6,11,78.5,75,7.1,6.2,0
SV20210935,IT4030,Phát triển ứng dụng Web,4,Nhóm 03,Công nghệ thông tin,3.1,98,8.2,82.9,15,78.0,72,9.4,8.0,0
SV20210935,MA2010,Xác suất thống kê ứng dụng,3,Nhóm 03,Công nghệ thông tin,3.1,98,7.3,95.3,5,77.3,71,3.6,4.6,1
SV20210936,IT4010,Học máy & Khai phá dữ liệu,3,Nhóm 04,Công nghệ thông tin,3.2,126,10.0,92.2,18,94.6,85,8.9,8.5,0
SV20210936,IT4020,Hệ quản trị CSDL nâng cao,3,Nhóm 04,Công nghệ thông tin,3.2,126,8.8,88.5,14,91.3,72,9.0,7.6,0
SV20210936,IT4030,Phát triển ứng dụng Web,4,Nhóm 04,Công nghệ thông tin,3.2,126,8.5,98.4,11,96.6,76,8.2,8.9,0
SV20210936,MA2010,Xác suất thống kê ứng dụng,3,Nhóm 04,Công nghệ thông tin,3.2,126,9.9,93.4,20,90.4,79,13.0,8.7,0
SV20210937,IT4010,Học máy & Khai phá dữ liệu,3,Nhóm 01,Kinh tế số,2.8,111,8.4,89.3,14,86.5,73,7.1,8.6,0
SV20210937,IT4020,Hệ quản trị CSDL nâng cao,3,Nhóm 01,Kinh tế số,2.8,111,7.2,86.9,13,85.0,81,3.3,7.6,0
SV20210937,IT4030,Phát triển ứng dụng Web,4,Nhóm 01,Kinh tế số,2.8,111,9.0,95.2,10,97.0,70,10.0,8.3,0
SV20210937,MA2010,Xác suất thống kê ứng dụng,3,Nhóm 01,Kinh tế số,2.8,111,6.6,73.3,16,84.8,72,8.7,6.0,0
SV20210938,IT4010,Học máy & Khai phá dữ liệu,3,Nhóm 02,Kỹ thuật dữ liệu,2.6,78,7.7,74.1,4,67.6,63,5.3,6.1,0
SV20210938,IT4020,Hệ quản trị CSDL nâng cao,3,Nhóm 02,Kỹ thuật dữ liệu,2.6,78,6.6,84.3,8,69.6,72,5.8,5.4,0
SV20210938,IT4030,Phát triển ứng dụng Web,4,Nhóm 02,Kỹ thuật dữ liệu,2.6,78,5.9,83.6,11,80.4,75,7.4,7.0,0
SV20210938,MA2010,Xác suất thống kê ứng dụng,3,Nhóm 02,Kỹ thuật dữ liệu,2.6,78,7.3,96.3,8,61.0,73,6.8,6.5,0
SV20210939,IT4010,Học máy & Khai phá dữ liệu,3,Nhóm 03,Kỹ thuật dữ liệu,2.5,99,6.2,72.7,13,90.9,64,7.3,5.5,0
SV20210939,IT4020,Hệ quản trị CSDL nâng cao,3,Nhóm 03,Kỹ thuật dữ liệu,2.5,99,7.5,80.5,15,76.9,77,6.7,7.1,0
SV20210939,IT4030,Phát triển ứng dụng Web,4,Nhóm 03,Kỹ thuật dữ liệu,2.5,99,6.5,82.5,4,81.9,69,4.9,7.0,0
SV20210939,MA2010,Xác suất thống kê ứng dụng,3,Nhóm 03,Kỹ thuật dữ liệu,2.5,99,9.0,74.8,16,70.1,65,6.1,5.5,0
SV20210940,IT4010,Học máy & Khai phá dữ liệu,3,Nhóm 04,Công nghệ thông tin,3.5,107,7.7,100.0,14,100.0,79,10.7,6.8,0
SV20210940,IT4020,Hệ quản trị CSDL nâng cao,3,Nhóm 04,Công nghệ thông tin,3.5,107,9.2,94.3,19,91.6,81,10.9,7.8,0
SV20210940,IT4030,Phát triển ứng dụng Web,4,Nhóm 04,Công nghệ thông tin,3.5,107,10.0,100.0,15,88.0,70,7.8,8.2,0
SV20210940,MA2010,Xác suất thống kê ứng dụng,3,Nhóm 04,Công nghệ thông tin,3.5,107,9.8,100.0,13,98.8,82,9.7,8.7,0
SV20210941,IT4010,Học máy & Khai phá dữ liệu,3,Nhóm 01,Công nghệ thông tin,3.3,84,8.6,83.0,15,86.8,84,13.6,7.3,0
SV20210941,IT4020,Hệ quản trị CSDL nâng cao,3,Nhóm 01,Công nghệ thông tin,3.3,84,8.6,93.7,18,78.5,75,9.2,7.8,0
SV20210941,IT4030,Phát triển ứng dụng Web,4,Nhóm 01,Công nghệ thông tin,3.3,84,10.0,100.0,10,95.1,88,7.3,8.5,0
SV20210941,MA2010,Xác suất thống kê ứng dụng,3,Nhóm 01,Công nghệ thông tin,3.3,84,7.1,91.4,11,100.0,88,11.3,9.1,0
SV20210942,IT4010,Học máy & Khai phá dữ liệu,3,Nhóm 02,Kỹ thuật dữ liệu,2.3,64,4.8,48.4,6,84.0,77,8.8,4.7,1
SV20210942,IT4020,Hệ quản trị CSDL nâng cao,3,Nhóm 02,Kỹ thuật dữ liệu,2.3,64,6.2,72.8,7,88.5,71,4.5,2.8,1
SV20210942,IT4030,Phát triển ứng dụng Web,4,Nhóm 02,Kỹ thuật dữ liệu,2.3,64,6.9,75.8,5,87.6,77,2.7,4.8,1
SV20210942,MA2010,Xác suất thống kê ứng dụng,3,Nhóm 02,Kỹ thuật dữ liệu,2.3,64,7.2,88.0,5,77.1,67,3.8,7.0,0
SV20210943,IT4010,Học máy & Khai phá dữ liệu,3,Nhóm 03,Công nghệ thông tin,1.9,59,6.0,71.0,6,84.7,60,2.9,4.3,1
SV20210943,IT4020,Hệ quản trị CSDL nâng cao,3,Nhóm 03,Công nghệ thông tin,1.9,59,5.6,73.7,9,73.3,80,6.8,5.6,0
SV20210943,IT4030,Phát triển ứng dụng Web,4,Nhóm 03,Công nghệ thông tin,1.9,59,6.1,73.0,11,85.4,59,4.6,7.3,0
SV20210943,MA2010,Xác suất thống kê ứng dụng,3,Nhóm 03,Công nghệ thông tin,1.9,59,5.6,56.4,4,85.3,73,5.4,4.8,1
SV20210944,IT4010,Học máy & Khai phá dữ liệu,3,Nhóm 04,Kinh tế số,2.0,34,7.4,73.3,6,80.0,77,3.5,6.1,0
SV20210944,IT4020,Hệ quản trị CSDL nâng cao,3,Nhóm 04,Kinh tế số,2.0,34,5.5,69.5,4,77.0,69,3.8,4.4,1
SV20210944,IT4030,Phát triển ứng dụng Web,4,Nhóm 04,Kinh tế số,2.0,34,8.5,78.9,2,71.9,81,6.8,7.8,0
SV20210944,MA2010,Xác suất thống kê ứng dụng,3,Nhóm 04,Kinh tế số,2.0,34,5.8,76.6,7,82.4,58,3.5,3.9,1
SV20210945,IT4010,Học máy & Khai phá dữ liệu,3,Nhóm 01,Công nghệ thông tin,3.0,106,6.8,79.6,13,82.4,74,8.1,8.4,0
SV20210945,IT4020,Hệ quản trị CSDL nâng cao,3,Nhóm 01,Công nghệ thông tin,3.0,106,7.2,84.4,12,82.5,79,7.7,7.0,0
SV20210945,IT4030,Phát triển ứng dụng Web,4,Nhóm 01,Công nghệ thông tin,3.0,106,8.1,87.6,8,89.8,75,6.7,8.0,0
SV20210945,MA2010,Xác suất thống kê ứng dụng,3,Nhóm 01,Công nghệ thông tin,3.0,106,6.1,71.3,13,93.4,80,3.9,5.7,0
SV20210946,IT4010,Học máy & Khai phá dữ liệu,3,Nhóm 02,Kỹ thuật dữ liệu,3.4,121,8.7,82.0,17,79.6,85,10.9,7.1,0
SV20210946,IT4020,Hệ quản trị CSDL nâng cao,3,Nhóm 02,Kỹ thuật dữ liệu,3.4,121,9.8,90.7,14,90.5,86,9.5,7.2,0
SV20210946,IT4030,Phát triển ứng dụng Web,4,Nhóm 02,Kỹ thuật dữ liệu,3.4,121,8.4,97.1,13,95.2,79,8.1,7.8,0
SV20210946,MA2010,Xác suất thống kê ứng dụng,3,Nhóm 02,Kỹ thuật dữ liệu,3.4,121,9.1,100.0,22,73.9,80,9.0,8.3,0
SV20210947,IT4010,Học máy & Khai phá dữ liệu,3,Nhóm 03,Công nghệ thông tin,2.6,60,7.0,86.5,11,81.1,75,7.5,7.3,0
SV20210947,IT4020,Hệ quản trị CSDL nâng cao,3,Nhóm 03,Công nghệ thông tin,2.6,60,9.0,87.5,6,87.7,86,8.7,7.6,0
SV20210947,IT4030,Phát triển ứng dụng Web,4,Nhóm 03,Công nghệ thông tin,2.6,60,7.5,70.5,17,87.8,75,10.9,7.2,0
SV20210947,MA2010,Xác suất thống kê ứng dụng,3,Nhóm 03,Công nghệ thông tin,2.6,60,7.5,73.6,13,85.6,75,5.6,5.8,0
SV20210948,IT4010,Học máy & Khai phá dữ liệu,3,Nhóm 04,Kinh tế số,2.8,79,6.3,80.5,12,85.6,72,7.1,5.8,0
SV20210948,IT4020,Hệ quản trị CSDL nâng cao,3,Nhóm 04,Kinh tế số,2.8,79,8.0,90.8,8,74.2,66,3.2,6.7,0
SV20210948,IT4030,Phát triển ứng dụng Web,4,Nhóm 04,Kinh tế số,2.8,79,6.8,89.5,15,63.9,63,8.1,6.6,0
SV20210948,MA2010,Xác suất thống kê ứng dụng,3,Nhóm 04,Kinh tế số,2.8,79,6.3,86.8,13,90.5,85,7.8,5.7,0
SV20210949,IT4010,Học máy & Khai phá dữ liệu,3,Nhóm 01,Công nghệ thông tin,3.2,99,7.9,90.8,15,82.6,67,5.3,6.9,0
SV20210949,IT4020,Hệ quản trị CSDL nâng cao,3,Nhóm 01,Công nghệ thông tin,3.2,99,8.6,78.9,12,84.1,73,7.1,7.1,0
SV20210949,IT4030,Phát triển ứng dụng Web,4,Nhóm 01,Công nghệ thông tin,3.2,99,7.9,90.3,10,55.8,83,7.6,7.0,0
SV20210949,MA2010,Xác suất thống kê ứng dụng,3,Nhóm 01,Công nghệ thông tin,3.2,99,7.4,89.2,13,99.0,67,9.1,6.1,0
SV20210950,IT4010,Học máy & Khai phá dữ liệu,3,Nhóm 02,Kinh tế số,3.2,114,10.0,100.0,14,83.2,64,9.2,8.7,0
SV20210950,IT4020,Hệ quản trị CSDL nâng cao,3,Nhóm 02,Kinh tế số,3.2,114,8.2,89.7,14,73.7,88,10.9,8.5,0
SV20210950,IT4030,Phát triển ứng dụng Web,4,Nhóm 02,Kinh tế số,3.2,114,8.9,88.7,14,89.9,90,10.7,8.7,0
SV20210950,MA2010,Xác suất thống kê ứng dụng,3,Nhóm 02,Kinh tế số,3.2,114,8.9,97.8,11,96.2,95,12.8,7.0,0
SV20210951,IT4010,Học máy & Khai phá dữ liệu,3,Nhóm 03,Công nghệ thông tin,2.3,80,8.1,67.3,12,59.0,75,6.4,7.4,0
SV20210951,IT4020,Hệ quản trị CSDL nâng cao,3,Nhóm 03,Công nghệ thông tin,2.3,80,6.7,79.0,13,81.8,76,7.2,5.2,0
SV20210951,IT4030,Phát triển ứng dụng Web,4,Nhóm 03,Công nghệ thông tin,2.3,80,6.3,79.5,11,71.6,69,7.0,6.1,0
SV20210951,MA2010,Xác suất thống kê ứng dụng,3,Nhóm 03,Công nghệ thông tin,2.3,80,7.3,71.0,6,89.3,65,5.7,7.8,0
SV20210952,IT4010,Học máy & Khai phá dữ liệu,3,Nhóm 04,Kinh tế số,1.7,28,5.0,69.5,1,64.1,73,4.4,5.5,0
SV20210952,IT4020,Hệ quản trị CSDL nâng cao,3,Nhóm 04,Kinh tế số,1.7,28,5.2,75.1,7,61.9,58,1.7,5.2,0
SV20210952,IT4030,Phát triển ứng dụng Web,4,Nhóm 04,Kinh tế số,1.7,28,6.0,60.7,11,59.0,64,3.6,4.3,1
SV20210952,MA2010,Xác suất thống kê ứng dụng,3,Nhóm 04,Kinh tế số,1.7,28,5.4,79.3,1,80.0,50,1.8,5.8,0
SV20210953,IT4010,Học máy & Khai phá dữ liệu,3,Nhóm 01,Kinh tế số,2.2,65,5.9,71.8,5,66.4,65,6.2,4.4,1
SV20210953,IT4020,Hệ quản trị CSDL nâng cao,3,Nhóm 01,Kinh tế số,2.2,65,5.3,69.7,6,75.0,66,2.6,3.3,1
SV20210953,IT4030,Phát triển ứng dụng Web,4,Nhóm 01,Kinh tế số,2.2,65,7.3,75.6,9,70.4,63,5.8,6.5,0
SV20210953,MA2010,Xác suất thống kê ứng dụng,3,Nhóm 01,Kinh tế số,2.2,65,6.0,67.9,7,77.4,62,7.9,5.2,0
SV20210954,IT4010,Học máy & Khai phá dữ liệu,3,Nhóm 02,Công nghệ thông tin,2.3,56,7.0,74.7,4,92.7,63,6.2,5.7,0
SV20210954,IT4020,Hệ quản trị CSDL nâng cao,3,Nhóm 02,Công nghệ thông tin,2.3,56,8.0,82.8,9,86.4,65,5.6,7.9,0
SV20210954,IT4030,Phát triển ứng dụng Web,4,Nhóm 02,Công nghệ thông tin,2.3,56,7.3,91.3,9,95.3,63,5.9,7.5,0
SV20210954,MA2010,Xác suất thống kê ứng dụng,3,Nhóm 02,Công nghệ thông tin,2.3,56,6.6,62.0,10,70.0,63,6.1,5.7,0
SV20210955,IT4010,Học máy & Khai phá dữ liệu,3,Nhóm 03,Kinh tế số,3.0,95,6.9,85.7,13,84.4,84,8.0,7.2,0
SV20210955,IT4020,Hệ quản trị CSDL nâng cao,3,Nhóm 03,Kinh tế số,3.0,95,6.9,83.5,14,90.4,75,3.4,3.7,1
SV20210955,IT4030,Phát triển ứng dụng Web,4,Nhóm 03,Kinh tế số,3.0,95,7.8,82.6,15,90.7,87,5.5,6.4,0
SV20210955,MA2010,Xác suất thống kê ứng dụng,3,Nhóm 03,Kinh tế số,3.0,95,9.6,100.0,15,94.3,73,5.8,7.7,0
SV20210956,IT4010,Học máy & Khai phá dữ liệu,3,Nhóm 04,Kỹ thuật dữ liệu,3.0,47,6.5,91.8,8,80.5,73,7.0,6.5,0
SV20210956,IT4020,Hệ quản trị CSDL nâng cao,3,Nhóm 04,Kỹ thuật dữ liệu,3.0,47,8.1,69.6,17,76.6,72,6.0,5.9,0
SV20210956,IT4030,Phát triển ứng dụng Web,4,Nhóm 04,Kỹ thuật dữ liệu,3.0,47,7.3,100.0,12,58.2,76,8.5,9.4,0
SV20210956,MA2010,Xác suất thống kê ứng dụng,3,Nhóm 04,Kỹ thuật dữ liệu,3.0,47,7.5,84.9,15,78.9,74,8.3,7.1,0
SV20210957,IT4010,Học máy & Khai phá dữ liệu,3,Nhóm 01,Công nghệ thông tin,2.7,83,6.6,69.3,8,95.7,71,6.1,7.3,0
SV20210957,IT4020,Hệ quản trị CSDL nâng cao,3,Nhóm 01,Công nghệ thông tin,2.7,83,5.9,66.2,10,72.4,95,3.8,3.8,1
SV20210957,IT4030,Phát triển ứng dụng Web,4,Nhóm 01,Công nghệ thông tin,2.7,83,6.3,96.3,6,90.6,71,5.9,6.3,0
SV20210957,MA2010,Xác suất thống kê ứng dụng,3,Nhóm 01,Công nghệ thông tin,2.7,83,5.9,78.0,7,84.2,75,5.9,6.3,0
SV20210958,IT4010,Học máy & Khai phá dữ liệu,3,Nhóm 02,Công nghệ thông tin,3.7,99,8.2,98.8,15,94.8,87,5.4,5.8,0
SV20210958,IT4020,Hệ quản trị CSDL nâng cao,3,Nhóm 02,Công nghệ thông tin,3.7,99,6.5,77.4,8,82.4,73,8.7,6.2,0
SV20210958,IT4030,Phát triển ứng dụng Web,4,Nhóm 02,Công nghệ thông tin,3.7,99,9.4,100.0,8,83.5,72,8.3,6.2,0
SV20210958,MA2010,Xác suất thống kê ứng dụng,3,Nhóm 02,Công nghệ thông tin,3.7,99,6.5,90.8,13,96.1,72,6.6,6.8,0
SV20210959,IT4010,Học máy & Khai phá dữ liệu,3,Nhóm 03,Kỹ thuật dữ liệu,2.4,85,8.2,73.5,6,80.0,73,8.8,9.0,0
SV20210959,IT4020,Hệ quản trị CSDL nâng cao,3,Nhóm 03,Kỹ thuật dữ liệu,2.4,85,6.3,87.4,2,73.4,71,3.4,4.4,1
SV20210959,IT4030,Phát triển ứng dụng Web,4,Nhóm 03,Kỹ thuật dữ liệu,2.4,85,8.2,75.4,5,80.2,71,5.7,8.7,0
SV20210959,MA2010,Xác suất thống kê ứng dụng,3,Nhóm 03,Kỹ thuật dữ liệu,2.4,85,6.6,85.0,8,86.8,67,4.6,5.5,0
SV20210960,IT4010,Học máy & Khai phá dữ liệu,3,Nhóm 04,Kinh tế số,2.6,76,6.7,74.3,13,79.1,70,10.1,6.3,0
SV20210960,IT4020,Hệ quản trị CSDL nâng cao,3,Nhóm 04,Kinh tế số,2.6,76,7.2,87.9,10,71.6,68,5.3,6.6,0
SV20210960,IT4030,Phát triển ứng dụng Web,4,Nhóm 04,Kinh tế số,2.6,76,8.5,81.1,2,84.9,76,5.2,8.4,0
SV20210960,MA2010,Xác suất thống kê ứng dụng,3,Nhóm 04,Kinh tế số,2.6,76,7.1,78.9,8,87.0,56,5.8,5.6,0
SV20210961,IT4010,Học máy & Khai phá dữ liệu,3,Nhóm 01,Công nghệ thông tin,3.4,89,8.7,73.4,16,87.3,75,7.5,7.2,0
SV20210961,IT4020,Hệ quản trị CSDL nâng cao,3,Nhóm 01,Công nghệ thông tin,3.4,89,9.1,91.2,5,90.7,94,6.5,7.1,0
SV20210961,IT4030,Phát triển ứng dụng Web,4,Nhóm 01,Công nghệ thông tin,3.4,89,9.2,94.3,18,86.8,94,9.2,5.8,0
SV20210961,MA2010,Xác suất thống kê ứng dụng,3,Nhóm 01,Công nghệ thông tin,3.4,89,7.3,92.4,10,82.4,94,6.8,5.8,0
SV20210962,IT4010,Học máy & Khai phá dữ liệu,3,Nhóm 02,Kinh tế số,2.3,65,4.6,68.9,4,75.2,66,1.5,4.6,1
SV20210962,IT4020,Hệ quản trị CSDL nâng cao,3,Nhóm 02,Kinh tế số,2.3,65,5.7,86.7,2,87.7,52,5.6,5.7,0
SV20210962,IT4030,Phát triển ứng dụng Web,4,Nhóm 02,Kinh tế số,2.3,65,7.2,78.6,7,87.8,68,5.9,6.7,0
SV20210962,MA2010,Xác suất thống kê ứng dụng,3,Nhóm 02,Kinh tế số,2.3,65,6.6,84.0,6,50.3,58,1.5,3.7,1
SV20210963,IT4010,Học máy & Khai phá dữ liệu,3,Nhóm 03,Kỹ thuật dữ liệu,2.9,86,7.9,73.8,9,84.7,77,5.5,7.1,0
SV20210963,IT4020,Hệ quản trị CSDL nâng cao,3,Nhóm 03,Kỹ thuật dữ liệu,2.9,86,7.7,94.4,13,94.7,79,4.4,6.2,0
SV20210963,IT4030,Phát triển ứng dụng Web,4,Nhóm 03,Kỹ thuật dữ liệu,2.9,86,9.4,78.0,9,88.6,73,7.8,8.8,0
SV20210963,MA2010,Xác suất thống kê ứng dụng,3,Nhóm 03,Kỹ thuật dữ liệu,2.9,86,8.2,92.9,11,72.8,72,5.3,8.1,0
SV20210964,IT4010,Học máy & Khai phá dữ liệu,3,Nhóm 04,Công nghệ thông tin,2.5,47,7.2,90.3,16,76.7,75,6.5,8.3,0
SV20210964,IT4020,Hệ quản trị CSDL nâng cao,3,Nhóm 04,Công nghệ thông tin,2.5,47,8.1,68.5,8,77.6,75,8.4,6.0,0
SV20210964,IT4030,Phát triển ứng dụng Web,4,Nhóm 04,Công nghệ thông tin,2.5,47,7.9,80.2,8,79.3,64,6.6,7.6,0
SV20210964,MA2010,Xác suất thống kê ứng dụng,3,Nhóm 04,Công nghệ thông tin,2.5,47,6.8,86.6,12,86.2,62,6.7,6.9,0
SV20210965,IT4010,Học máy & Khai phá dữ liệu,3,Nhóm 01,Công nghệ thông tin,2.9,92,7.8,82.5,5,95.5,71,5.4,7.1,0
SV20210965,IT4020,Hệ quản trị CSDL nâng cao,3,Nhóm 01,Công nghệ thông tin,2.9,92,7.4,82.6,14,85.0,70,6.2,6.4,0
SV20210965,IT4030,Phát triển ứng dụng Web,4,Nhóm 01,Công nghệ thông tin,2.9,92,7.1,84.6,13,88.4,69,3.5,6.3,0
SV20210965,MA2010,Xác suất thống kê ứng dụng,3,Nhóm 01,Công nghệ thông tin,2.9,92,7.1,72.7,11,91.2,75,6.0,7.1,0
SV20210966,IT4010,Học máy & Khai phá dữ liệu,3,Nhóm 02,Công nghệ thông tin,2.5,52,9.0,82.7,16,80.8,72,7.5,7.0,0
SV20210966,IT4020,Hệ quản trị CSDL nâng cao,3,Nhóm 02,Công nghệ thông tin,2.5,52,7.8,93.5,7,100.0,60,3.0,6.6,0
SV20210966,IT4030,Phát triển ứng dụng Web,4,Nhóm 02,Công nghệ thông tin,2.5,52,8.4,90.7,13,95.0,79,5.7,8.6,0
SV20210966,MA2010,Xác suất thống kê ứng dụng,3,Nhóm 02,Công nghệ thông tin,2.5,52,7.1,83.6,15,77.4,77,5.8,5.7,0
SV20210967,IT4010,Học máy & Khai phá dữ liệu,3,Nhóm 03,Kỹ thuật dữ liệu,1.6,28,4.0,57.3,6,67.5,71,3.8,2.8,1
SV20210967,IT4020,Hệ quản trị CSDL nâng cao,3,Nhóm 03,Kỹ thuật dữ liệu,1.6,28,6.3,77.5,8,69.6,50,5.4,5.2,0
SV20210967,IT4030,Phát triển ứng dụng Web,4,Nhóm 03,Kỹ thuật dữ liệu,1.6,28,5.3,82.9,3,77.9,55,5.2,5.9,0
SV20210967,MA2010,Xác suất thống kê ứng dụng,3,Nhóm 03,Kỹ thuật dữ liệu,1.6,28,6.0,70.5,4,82.5,56,0.3,4.4,1
SV20210968,IT4010,Học máy & Khai phá dữ liệu,3,Nhóm 04,Kinh tế số,2.3,84,5.2,83.6,10,71.1,67,5.8,5.1,0
SV20210968,IT4020,Hệ quản trị CSDL nâng cao,3,Nhóm 04,Kinh tế số,2.3,84,5.9,73.1,2,59.8,68,3.7,4.5,1
SV20210968,IT4030,Phát triển ứng dụng Web,4,Nhóm 04,Kinh tế số,2.3,84,6.4,78.2,6,76.1,57,5.1,5.8,0
SV20210968,MA2010,Xác suất thống kê ứng dụng,3,Nhóm 04,Kinh tế số,2.3,84,7.3,75.5,7,85.1,74,7.8,6.1,0
SV20210969,IT4010,Học máy & Khai phá dữ liệu,3,Nhóm 01,Công nghệ thông tin,2.7,75,6.5,68.9,8,88.9,79,9.9,6.2,0
SV20210969,IT4020,Hệ quản trị CSDL nâng cao,3,Nhóm 01,Công nghệ thông tin,2.7,75,6.8,70.8,2,70.2,79,7.8,5.0,0
SV20210969,IT4030,Phát triển ứng dụng Web,4,Nhóm 01,Công nghệ thông tin,2.7,75,8.4,77.0,10,71.1,66,5.1,7.5,0
SV20210969,MA2010,Xác suất thống kê ứng dụng,3,Nhóm 01,Công nghệ thông tin,2.7,75,6.1,92.5,10,79.8,73,6.1,6.3,0
SV20210970,IT4010,Học máy & Khai phá dữ liệu,3,Nhóm 02,Công nghệ thông tin,3.1,108,9.3,96.7,20,93.8,73,10.5,7.2,0
SV20210970,IT4020,Hệ quản trị CSDL nâng cao,3,Nhóm 02,Công nghệ thông tin,3.1,108,7.2,98.7,11,89.9,89,9.4,5.8,0
SV20210970,IT4030,Phát triển ứng dụng Web,4,Nhóm 02,Công nghệ thông tin,3.1,108,10.0,96.1,15,95.1,78,10.4,8.3,0
SV20210970,MA2010,Xác suất thống kê ứng dụng,3,Nhóm 02,Công nghệ thông tin,3.1,108,8.9,92.5,18,94.4,72,11.1,8.3,0
SV20210971,IT4010,Học máy & Khai phá dữ liệu,3,Nhóm 03,Kinh tế số,2.2,81,7.9,82.7,7,80.9,62,6.4,8.3,0
SV20210971,IT4020,Hệ quản trị CSDL nâng cao,3,Nhóm 03,Kinh tế số,2.2,81,5.3,65.2,11,100.0,63,0.6,4.5,1
SV20210971,IT4030,Phát triển ứng dụng Web,4,Nhóm 03,Kinh tế số,2.2,81,6.9,83.3,1,72.0,60,5.1,6.9,0
SV20210971,MA2010,Xác suất thống kê ứng dụng,3,Nhóm 03,Kinh tế số,2.2,81,7.9,76.4,12,74.3,67,5.6,6.5,0
SV20210972,IT4010,Học máy & Khai phá dữ liệu,3,Nhóm 04,Kỹ thuật dữ liệu,3.1,81,8.7,83.8,19,89.9,72,5.6,8.1,0
SV20210972,IT4020,Hệ quản trị CSDL nâng cao,3,Nhóm 04,Kỹ thuật dữ liệu,3.1,81,8.5,66.2,4,79.0,92,4.9,6.8,0
SV20210972,IT4030,Phát triển ứng dụng Web,4,Nhóm 04,Kỹ thuật dữ liệu,3.1,81,8.2,83.4,8,89.5,76,6.2,7.4,0
SV20210972,MA2010,Xác suất thống kê ứng dụng,3,Nhóm 04,Kỹ thuật dữ liệu,3.1,81,6.7,85.0,14,94.5,80,5.4,4.1,1
SV20210973,IT4010,Học máy & Khai phá dữ liệu,3,Nhóm 01,Công nghệ thông tin,2.3,105,6.5,85.5,14,73.5,57,6.7,4.6,1
SV20210973,IT4020,Hệ quản trị CSDL nâng cao,3,Nhóm 01,Công nghệ thông tin,2.3,105,6.7,94.7,12,80.5,71,4.4,3.6,1
SV20210973,IT4030,Phát triển ứng dụng Web,4,Nhóm 01,Công nghệ thông tin,2.3,105,7.5,63.3,10,67.7,70,5.0,8.3,0
SV20210973,MA2010,Xác suất thống kê ứng dụng,3,Nhóm 01,Công nghệ thông tin,2.3,105,6.9,71.1,13,82.3,68,3.0,6.8,0
SV20210974,IT4010,Học máy & Khai phá dữ liệu,3,Nhóm 02,Công nghệ thông tin,2.8,101,8.0,85.6,1,79.1,75,3.9,4.9,1
SV20210974,IT4020,Hệ quản trị CSDL nâng cao,3,Nhóm 02,Công nghệ thông tin,2.8,101,8.1,94.8,12,98.0,72,3.4,7.3,0
SV20210974,IT4030,Phát triển ứng dụng Web,4,Nhóm 02,Công nghệ thông tin,2.8,101,7.9,88.5,7,84.1,82,6.5,8.1,0
SV20210974,MA2010,Xác suất thống kê ứng dụng,3,Nhóm 02,Công nghệ thông tin,2.8,101,8.4,73.3,9,80.1,77,3.5,6.4,0
SV20210975,IT4010,Học máy & Khai phá dữ liệu,3,Nhóm 03,Kỹ thuật dữ liệu,2.5,87,7.4,93.0,11,71.2,94,7.7,6.2,0
SV20210975,IT4020,Hệ quản trị CSDL nâng cao,3,Nhóm 03,Kỹ thuật dữ liệu,2.5,87,7.5,84.6,14,98.0,78,5.6,6.4,0
SV20210975,IT4030,Phát triển ứng dụng Web,4,Nhóm 03,Kỹ thuật dữ liệu,2.5,87,9.2,94.7,15,86.7,81,3.3,9.7,0
SV20210975,MA2010,Xác suất thống kê ứng dụng,3,Nhóm 03,Kỹ thuật dữ liệu,2.5,87,8.6,88.7,13,77.2,83,8.9,6.9,0
SV20210976,IT4010,Học máy & Khai phá dữ liệu,3,Nhóm 04,Kinh tế số,1.9,43,5.6,76.3,3,81.6,75,4.1,5.0,0
SV20210976,IT4020,Hệ quản trị CSDL nâng cao,3,Nhóm 04,Kinh tế số,1.9,43,6.0,70.4,6,81.4,75,3.9,2.5,1
SV20210976,IT4030,Phát triển ứng dụng Web,4,Nhóm 04,Kinh tế số,1.9,43,5.5,52.1,11,79.9,60,2.4,5.4,0
SV20210976,MA2010,Xác suất thống kê ứng dụng,3,Nhóm 04,Kinh tế số,1.9,43,6.3,100.0,4,71.5,80,4.7,5.7,0
SV20210977,IT4010,Học máy & Khai phá dữ liệu,3,Nhóm 01,Công nghệ thông tin,2.9,97,7.5,75.4,13,100.0,73,5.5,6.5,0
SV20210977,IT4020,Hệ quản trị CSDL nâng cao,3,Nhóm 01,Công nghệ thông tin,2.9,97,7.3,72.5,20,99.3,96,8.6,5.5,0
SV20210977,IT4030,Phát triển ứng dụng Web,4,Nhóm 01,Công nghệ thông tin,2.9,97,9.7,93.7,9,88.3,73,7.1,9.9,0
SV20210977,MA2010,Xác suất thống kê ứng dụng,3,Nhóm 01,Công nghệ thông tin,2.9,97,8.3,97.9,14,78.0,77,4.7,7.0,0
SV20210978,IT4010,Học máy & Khai phá dữ liệu,3,Nhóm 02,Công nghệ thông tin,3.1,84,8.9,78.7,19,100.0,92,7.1,8.2,0
SV20210978,IT4020,Hệ quản trị CSDL nâng cao,3,Nhóm 02,Công nghệ thông tin,3.1,84,8.3,71.2,13,97.7,76,9.0,7.9,0
SV20210978,IT4030,Phát triển ứng dụng Web,4,Nhóm 02,Công nghệ thông tin,3.1,84,7.9,86.9,14,100.0,81,9.5,7.6,0
SV20210978,MA2010,Xác suất thống kê ứng dụng,3,Nhóm 02,Công nghệ thông tin,3.1,84,7.9,90.0,17,85.1,79,6.4,7.2,0
SV20210979,IT4010,Học máy & Khai phá dữ liệu,3,Nhóm 03,Kỹ thuật dữ liệu,2.7,73,7.4,82.1,1,81.3,60,5.2,8.1,0
SV20210979,IT4020,Hệ quản trị CSDL nâng cao,3,Nhóm 03,Kỹ thuật dữ liệu,2.7,73,8.5,97.5,11,89.4,64,7.5,7.8,0
SV20210979,IT4030,Phát triển ứng dụng Web,4,Nhóm 03,Kỹ thuật dữ liệu,2.7,73,8.5,90.2,12,82.1,65,7.7,7.3,0
SV20210979,MA2010,Xác suất thống kê ứng dụng,3,Nhóm 03,Kỹ thuật dữ liệu,2.7,73,6.1,74.1,11,93.2,56,6.1,4.4,1
SV20210980,IT4010,Học máy & Khai phá dữ liệu,3,Nhóm 04,Kỹ thuật dữ liệu,2.9,70,7.0,86.2,11,83.5,87,6.2,6.3,0
SV20210980,IT4020,Hệ quản trị CSDL nâng cao,3,Nhóm 04,Kỹ thuật dữ liệu,2.9,70,8.6,95.0,9,99.7,73,9.4,8.9,0
SV20210980,IT4030,Phát triển ứng dụng Web,4,Nhóm 04,Kỹ thuật dữ liệu,2.9,70,8.0,81.1,16,87.5,77,10.3,6.6,0
SV20210980,MA2010,Xác suất thống kê ứng dụng,3,Nhóm 04,Kỹ thuật dữ liệu,2.9,70,7.9,83.2,13,82.4,86,9.8,7.8,0
SV20210981,IT4010,Học máy & Khai phá dữ liệu,3,Nhóm 01,Công nghệ thông tin,2.9,110,7.5,73.4,7,92.7,85,6.0,7.1,0
SV20210981,IT4020,Hệ quản trị CSDL nâng cao,3,Nhóm 01,Công nghệ thông tin,2.9,110,5.9,84.5,14,88.1,89,8.5,5.6,0
SV20210981,IT4030,Phát triển ứng dụng Web,4,Nhóm 01,Công nghệ thông tin,2.9,110,7.6,89.0,7,79.7,78,5.8,7.5,0
SV20210981,MA2010,Xác suất thống kê ứng dụng,3,Nhóm 01,Công nghệ thông tin,2.9,110,8.0,84.9,11,92.2,73,7.0,7.4,0
SV20210982,IT4010,Học máy & Khai phá dữ liệu,3,Nhóm 02,Kỹ thuật dữ liệu,3.5,108,9.1,86.7,19,100.0,82,5.9,7.5,0
SV20210982,IT4020,Hệ quản trị CSDL nâng cao,3,Nhóm 02,Kỹ thuật dữ liệu,3.5,108,9.1,86.2,20,96.2,80,12.7,9.2,0
SV20210982,IT4030,Phát triển ứng dụng Web,4,Nhóm 02,Kỹ thuật dữ liệu,3.5,108,9.5,84.8,13,92.4,86,5.3,10.0,0
SV20210982,MA2010,Xác suất thống kê ứng dụng,3,Nhóm 02,Kỹ thuật dữ liệu,3.5,108,8.9,83.2,11,100.0,82,9.7,6.4,0
SV20210983,IT4010,Học máy & Khai phá dữ liệu,3,Nhóm 03,Công nghệ thông tin,2.7,90,8.6,85.8,10,93.6,70,8.8,8.1,0
SV20210983,IT4020,Hệ quản trị CSDL nâng cao,3,Nhóm 03,Công nghệ thông tin,2.7,90,7.7,100.0,9,92.5,80,6.2,6.6,0
SV20210983,IT4030,Phát triển ứng dụng Web,4,Nhóm 03,Công nghệ thông tin,2.7,90,7.6,100.0,10,97.5,67,5.5,8.5,0
SV20210983,MA2010,Xác suất thống kê ứng dụng,3,Nhóm 03,Công nghệ thông tin,2.7,90,7.1,76.8,8,78.6,70,8.7,8.2,0
SV20210984,IT4010,Học máy & Khai phá dữ liệu,3,Nhóm 04,Kinh tế số,3.8,94,9.6,100.0,8,94.5,82,11.5,9.3,0
SV20210984,IT4020,Hệ quản trị CSDL nâng cao,3,Nhóm 04,Kinh tế số,3.8,94,9.0,79.9,11,86.7,82,11.3,6.7,0
SV20210984,IT4030,Phát triển ứng dụng Web,4,Nhóm 04,Kinh tế số,3.8,94,10.0,90.4,25,100.0,91,10.5,8.6,0
SV20210984,MA2010,Xác suất thống kê ứng dụng,3,Nhóm 04,Kinh tế số,3.8,94,7.7,85.8,15,87.7,88,7.3,9.4,0
SV20210985,IT4010,Học máy & Khai phá dữ liệu,3,Nhóm 01,Công nghệ thông tin,2.6,103,7.5,80.5,14,90.6,69,4.9,6.0,0
SV20210985,IT4020,Hệ quản trị CSDL nâng cao,3,Nhóm 01,Công nghệ thông tin,2.6,103,6.7,74.4,6,83.6,75,4.0,7.5,0
SV20210985,IT4030,Phát triển ứng dụng Web,4,Nhóm 01,Công nghệ thông tin,2.6,103,8.0,69.9,6,82.7,69,4.4,7.0,0
SV20210985,MA2010,Xác suất thống kê ứng dụng,3,Nhóm 01,Công nghệ thông tin,2.6,103,6.5,70.2,13,78.2,58,6.2,5.4,0
SV20210986,IT4010,Học máy & Khai phá dữ liệu,3,Nhóm 02,Kỹ thuật dữ liệu,2.8,83,8.1,83.4,16,88.4,84,6.3,7.5,0
SV20210986,IT4020,Hệ quản trị CSDL nâng cao,3,Nhóm 02,Kỹ thuật dữ liệu,2.8,83,6.9,84.2,9,78.4,89,5.3,7.1,0
SV20210986,IT4030,Phát triển ứng dụng Web,4,Nhóm 02,Kỹ thuật dữ liệu,2.8,83,7.2,83.5,11,67.3,75,5.4,7.2,0
SV20210986,MA2010,Xác suất thống kê ứng dụng,3,Nhóm 02,Kỹ thuật dữ liệu,2.8,83,8.1,96.0,15,89.5,76,5.1,5.8,0
SV20210987,IT4010,Học máy & Khai phá dữ liệu,3,Nhóm 03,Công nghệ thông tin,3.5,87,8.7,89.4,15,100.0,92,8.2,4.9,1
SV20210987,IT4020,Hệ quản trị CSDL nâng cao,3,Nhóm 03,Công nghệ thông tin,3.5,87,10.0,100.0,16,100.0,85,6.5,8.3,0
SV20210987,IT4030,Phát triển ứng dụng Web,4,Nhóm 03,Công nghệ thông tin,3.5,87,8.5,93.2,15,96.7,88,9.8,9.0,0
SV20210987,MA2010,Xác suất thống kê ứng dụng,3,Nhóm 03,Công nghệ thông tin,3.5,87,9.3,92.5,22,86.4,88,10.1,7.5,0
SV20210988,IT4010,Học máy & Khai phá dữ liệu,3,Nhóm 04,Công nghệ thông tin,2.9,43,8.0,70.5,2,75.6,72,4.4,7.2,0
SV20210988,IT4020,Hệ quản trị CSDL nâng cao,3,Nhóm 04,Công nghệ thông tin,2.9,43,7.1,100.0,9,80.7,66,7.7,8.0,0
SV20210988,IT4030,Phát triển ứng dụng Web,4,Nhóm 04,Công nghệ thông tin,2.9,43,6.9,79.1,13,80.3,70,6.3,7.5,0
SV20210988,MA2010,Xác suất thống kê ứng dụng,3,Nhóm 04,Công nghệ thông tin,2.9,43,7.1,81.9,2,92.2,65,2.9,7.0,0
SV20210989,IT4010,Học máy & Khai phá dữ liệu,3,Nhóm 01,Kỹ thuật dữ liệu,2.6,79,6.3,75.7,16,78.3,80,3.5,2.7,1
SV20210989,IT4020,Hệ quản trị CSDL nâng cao,3,Nhóm 01,Kỹ thuật dữ liệu,2.6,79,6.0,73.1,7,89.0,68,4.8,4.9,1
SV20210989,IT4030,Phát triển ứng dụng Web,4,Nhóm 01,Kỹ thuật dữ liệu,2.6,79,7.8,83.3,11,77.1,67,7.5,7.2,0
SV20210989,MA2010,Xác suất thống kê ứng dụng,3,Nhóm 01,Kỹ thuật dữ liệu,2.6,79,6.2,80.6,13,70.5,60,8.8,6.0,0
SV20210990,IT4010,Học máy & Khai phá dữ liệu,3,Nhóm 02,Kinh tế số,2.3,81,6.1,71.7,4,86.1,73,5.7,6.4,0
SV20210990,IT4020,Hệ quản trị CSDL nâng cao,3,Nhóm 02,Kinh tế số,2.3,81,5.3,85.5,7,69.8,68,7.6,6.2,0
SV20210990,IT4030,Phát triển ứng dụng Web,4,Nhóm 02,Kinh tế số,2.3,81,7.7,80.7,12,88.7,68,7.3,6.8,0
SV20210990,MA2010,Xác suất thống kê ứng dụng,3,Nhóm 02,Kinh tế số,2.3,81,8.5,100.0,11,69.1,50,4.7,7.1,0
SV20210991,IT4010,Học máy & Khai phá dữ liệu,3,Nhóm 03,Kinh tế số,2.9,98,8.5,71.3,12,92.7,84,7.8,7.4,0
SV20210991,IT4020,Hệ quản trị CSDL nâng cao,3,Nhóm 03,Kinh tế số,2.9,98,6.3,72.5,12,83.4,95,4.6,5.1,0
SV20210991,IT4030,Phát triển ứng dụng Web,4,Nhóm 03,Kinh tế số,2.9,98,7.5,84.0,14,91.2,80,6.2,6.3,0
SV20210991,MA2010,Xác suất thống kê ứng dụng,3,Nhóm 03,Kinh tế số,2.9,98,8.0,82.8,6,84.4,78,6.1,7.9,0
SV20210992,IT4010,Học máy & Khai phá dữ liệu,3,Nhóm 04,Kinh tế số,3.1,111,8.0,87.7,12,89.2,77,5.1,8.4,0
SV20210992,IT4020,Hệ quản trị CSDL nâng cao,3,Nhóm 04,Kinh tế số,3.1,111,8.0,87.7,15,87.5,70,8.1,7.0,0
SV20210992,IT4030,Phát triển ứng dụng Web,4,Nhóm 04,Kinh tế số,3.1,111,9.3,89.8,13,100.0,69,6.7,9.9,0
SV20210992,MA2010,Xác suất thống kê ứng dụng,3,Nhóm 04,Kinh tế số,3.1,111,9.3,86.0,14,94.1,72,8.6,9.8,0
SV20210993,IT4010,Học máy & Khai phá dữ liệu,3,Nhóm 01,Công nghệ thông tin,2.5,61,7.2,72.6,4,78.8,71,4.8,7.5,0
SV20210993,IT4020,Hệ quản trị CSDL nâng cao,3,Nhóm 01,Công nghệ thông tin,2.5,61,6.8,84.3,12,88.6,79,6.5,4.2,1
SV20210993,IT4030,Phát triển ứng dụng Web,4,Nhóm 01,Công nghệ thông tin,2.5,61,7.8,73.4,9,90.3,65,7.5,7.5,0
SV20210993,MA2010,Xác suất thống kê ứng dụng,3,Nhóm 01,Công nghệ thông tin,2.5,61,6.5,75.6,14,86.8,67,6.0,6.0,0
SV20210994,IT4010,Học máy & Khai phá dữ liệu,3,Nhóm 02,Kinh tế số,2.5,83,7.0,72.9,15,86.3,77,8.1,7.6,0
SV20210994,IT4020,Hệ quản trị CSDL nâng cao,3,Nhóm 02,Kinh tế số,2.5,83,6.9,82.7,13,94.8,75,5.9,6.1,0
SV20210994,IT4030,Phát triển ứng dụng Web,4,Nhóm 02,Kinh tế số,2.5,83,7.2,77.0,10,79.1,84,2.5,5.1,0
SV20210994,MA2010,Xác suất thống kê ứng dụng,3,Nhóm 02,Kinh tế số,2.5,83,7.6,89.5,7,76.8,80,4.3,6.8,0
SV20210995,IT4010,Học máy & Khai phá dữ liệu,3,Nhóm 03,Công nghệ thông tin,3.1,85,9.0,80.0,9,100.0,78,12.4,10.0,0
SV20210995,IT4020,Hệ quản trị CSDL nâng cao,3,Nhóm 03,Công nghệ thông tin,3.1,85,8.1,82.7,13,78.9,93,4.5,6.9,0
SV20210995,IT4030,Phát triển ứng dụng Web,4,Nhóm 03,Công nghệ thông tin,3.1,85,8.9,97.3,14,73.9,81,6.6,9.1,0
SV20210995,MA2010,Xác suất thống kê ứng dụng,3,Nhóm 03,Công nghệ thông tin,3.1,85,6.9,83.6,14,81.3,90,9.1,7.1,0
SV20210996,IT4010,Học máy & Khai phá dữ liệu,3,Nhóm 04,Kinh tế số,2.9,87,6.8,84.1,16,85.4,67,7.5,5.9,0
SV20210996,IT4020,Hệ quản trị CSDL nâng cao,3,Nhóm 04,Kinh tế số,2.9,87,7.6,95.1,13,82.5,65,9.0,7.5,0
SV20210996,IT4030,Phát triển ứng dụng Web,4,Nhóm 04,Kinh tế số,2.9,87,8.4,91.3,15,94.2,84,7.4,7.9,0
SV20210996,MA2010,Xác suất thống kê ứng dụng,3,Nhóm 04,Kinh tế số,2.9,87,7.1,93.0,17,89.3,80,9.7,8.4,0
SV20210997,IT4010,Học máy & Khai phá dữ liệu,3,Nhóm 01,Kỹ thuật dữ liệu,2.6,67,6.6,72.0,4,75.9,81,10.0,6.6,0
SV20210997,IT4020,Hệ quản trị CSDL nâng cao,3,Nhóm 01,Kỹ thuật dữ liệu,2.6,67,6.6,71.4,9,85.7,68,4.6,5.1,0
SV20210997,IT4030,Phát triển ứng dụng Web,4,Nhóm 01,Kỹ thuật dữ liệu,2.6,67,7.8,84.4,4,92.7,75,5.8,8.4,0
SV20210997,MA2010,Xác suất thống kê ứng dụng,3,Nhóm 01,Kỹ thuật dữ liệu,2.6,67,9.3,70.9,4,83.0,76,7.6,7.4,0
SV20210998,IT4010,Học máy & Khai phá dữ liệu,3,Nhóm 02,Kỹ thuật dữ liệu,2.5,76,6.2,77.8,11,86.4,69,4.7,4.0,1
SV20210998,IT4020,Hệ quản trị CSDL nâng cao,3,Nhóm 02,Kỹ thuật dữ liệu,2.5,76,6.3,66.9,8,82.0,61,8.6,5.4,0
SV20210998,IT4030,Phát triển ứng dụng Web,4,Nhóm 02,Kỹ thuật dữ liệu,2.5,76,8.6,96.0,11,79.1,71,4.4,6.2,0
SV20210998,MA2010,Xác suất thống kê ứng dụng,3,Nhóm 02,Kỹ thuật dữ liệu,2.5,76,8.8,84.9,12,76.1,60,4.9,7.7,0
SV20210999,IT4010,Học máy & Khai phá dữ liệu,3,Nhóm 03,Công nghệ thông tin,3.7,124,8.8,97.6,11,100.0,76,10.2,6.9,0
SV20210999,IT4020,Hệ quản trị CSDL nâng cao,3,Nhóm 03,Công nghệ thông tin,3.7,124,8.1,94.5,13,89.9,80,13.7,7.1,0
SV20210999,IT4030,Phát triển ứng dụng Web,4,Nhóm 03,Công nghệ thông tin,3.7,124,10.0,87.0,15,100.0,83,10.6,8.4,0
SV20210999,MA2010,Xác suất thống kê ứng dụng,3,Nhóm 03,Công nghệ thông tin,3.7,124,9.1,81.8,19,87.7,94,9.1,7.2,0
SV20211000,IT4010,Học máy & Khai phá dữ liệu,3,Nhóm 04,Công nghệ thông tin,2.0,43,5.7,73.7,7,71.0,67,2.6,4.3,1
SV20211000,IT4020,Hệ quản trị CSDL nâng cao,3,Nhóm 04,Công nghệ thông tin,2.0,43,6.0,90.0,4,79.4,65,3.6,6.5,0
SV20211000,IT4030,Phát triển ứng dụng Web,4,Nhóm 04,Công nghệ thông tin,2.0,43,4.9,70.7,5,77.2,62,5.1,6.8,0
SV20211000,MA2010,Xác suất thống kê ứng dụng,3,Nhóm 04,Công nghệ thông tin,2.0,43,5.2,54.3,14,56.8,68,1.5,4.8,1
SV20211001,IT4010,Học máy & Khai phá dữ liệu,3,Nhóm 01,Công nghệ thông tin,3.3,91,8.1,83.4,20,89.2,88,8.1,7.4,0
SV20211001,IT4020,Hệ quản trị CSDL nâng cao,3,Nhóm 01,Công nghệ thông tin,3.3,91,8.0,91.0,21,96.1,73,11.4,7.6,0
SV20211001,IT4030,Phát triển ứng dụng Web,4,Nhóm 01,Công nghệ thông tin,3.3,91,10.0,92.0,11,94.7,74,9.3,9.9,0
SV20211001,MA2010,Xác suất thống kê ứng dụng,3,Nhóm 01,Công nghệ thông tin,3.3,91,8.2,89.5,12,100.0,74,11.4,8.4,0
SV20211002,IT4010,Học máy & Khai phá dữ liệu,3,Nhóm 02,Công nghệ thông tin,3.1,75,6.7,71.5,15,89.1,78,9.7,7.7,0
SV20211002,IT4020,Hệ quản trị CSDL nâng cao,3,Nhóm 02,Công nghệ thông tin,3.1,75,8.3,80.5,17,88.9,64,7.3,8.6,0
SV20211002,IT4030,Phát triển ứng dụng Web,4,Nhóm 02,Công nghệ thông tin,3.1,75,9.1,89.5,10,100.0,70,8.8,8.3,0
SV20211002,MA2010,Xác suất thống kê ứng dụng,3,Nhóm 02,Công nghệ thông tin,3.1,75,8.6,93.8,10,100.0,82,9.9,6.7,0
SV20211003,IT4010,Học máy & Khai phá dữ liệu,3,Nhóm 03,Kinh tế số,3.9,126,10.0,100.0,16,93.9,87,9.5,6.9,0
SV20211003,IT4020,Hệ quản trị CSDL nâng cao,3,Nhóm 03,Kinh tế số,3.9,126,9.2,80.6,9,100.0,98,10.7,6.4,0
SV20211003,IT4030,Phát triển ứng dụng Web,4,Nhóm 03,Kinh tế số,3.9,126,10.0,100.0,12,89.8,77,7.4,8.7,0
SV20211003,MA2010,Xác suất thống kê ứng dụng,3,Nhóm 03,Kinh tế số,3.9,126,9.7,95.8,9,98.4,93,9.4,7.9,0
SV20211004,IT4010,Học máy & Khai phá dữ liệu,3,Nhóm 04,Công nghệ thông tin,2.6,79,6.5,88.2,14,78.5,80,7.8,5.9,0
SV20211004,IT4020,Hệ quản trị CSDL nâng cao,3,Nhóm 04,Công nghệ thông tin,2.6,79,6.0,82.7,13,84.2,66,5.0,4.9,1
SV20211004,IT4030,Phát triển ứng dụng Web,4,Nhóm 04,Công nghệ thông tin,2.6,79,6.4,64.2,15,92.1,67,8.9,6.7,0
SV20211004,MA2010,Xác suất thống kê ứng dụng,3,Nhóm 04,Công nghệ thông tin,2.6,79,7.1,79.9,14,78.0,67,4.4,6.7,0
SV20211005,IT4010,Học máy & Khai phá dữ liệu,3,Nhóm 01,Kinh tế số,2.2,51,5.7,86.6,8,74.0,77,5.7,3.3,1
SV20211005,IT4020,Hệ quản trị CSDL nâng cao,3,Nhóm 01,Kinh tế số,2.2,51,5.1,69.4,1,76.4,70,4.7,5.0,0
SV20211005,IT4030,Phát triển ứng dụng Web,4,Nhóm 01,Kinh tế số,2.2,51,5.5,74.6,1,59.9,59,2.2,5.6,0
SV20211005,MA2010,Xác suất thống kê ứng dụng,3,Nhóm 01,Kinh tế số,2.2,51,6.2,76.6,4,86.5,67,4.6,5.6,0
SV20211006,IT4010,Học máy & Khai phá dữ liệu,3,Nhóm 02,Công nghệ thông tin,3.8,125,10.0,100.0,13,98.2,96,11.3,8.6,0
SV20211006,IT4020,Hệ quản trị CSDL nâng cao,3,Nhóm 02,Công nghệ thông tin,3.8,125,9.8,88.5,15,86.0,94,9.0,7.6,0
SV20211006,IT4030,Phát triển ứng dụng Web,4,Nhóm 02,Công nghệ thông tin,3.8,125,10.0,100.0,17,100.0,100,10.5,8.2,0
SV20211006,MA2010,Xác suất thống kê ứng dụng,3,Nhóm 02,Công nghệ thông tin,3.8,125,10.0,90.8,19,100.0,94,11.7,7.3,0
SV20211007,IT4010,Học máy & Khai phá dữ liệu,3,Nhóm 03,Công nghệ thông tin,2.8,57,6.6,82.5,15,69.0,71,5.6,5.6,0
SV20211007,IT4020,Hệ quản trị CSDL nâng cao,3,Nhóm 03,Công nghệ thông tin,2.8,57,7.1,87.7,11,93.3,75,4.2,4.8,1
SV20211007,IT4030,Phát triển ứng dụng Web,4,Nhóm 03,Công nghệ thông tin,2.8,57,8.5,98.6,11,77.5,88,5.9,8.2,0
SV20211007,MA2010,Xác suất thống kê ứng dụng,3,Nhóm 03,Công nghệ thông tin,2.8,57,7.0,83.8,13,86.6,62,10.3,5.6,0
SV20211008,IT4010,Học máy & Khai phá dữ liệu,3,Nhóm 04,Kinh tế số,2.5,82,5.3,69.3,11,91.9,64,7.5,5.3,0
SV20211008,IT4020,Hệ quản trị CSDL nâng cao,3,Nhóm 04,Kinh tế số,2.5,82,6.7,83.6,6,69.6,74,4.7,5.7,0
SV20211008,IT4030,Phát triển ứng dụng Web,4,Nhóm 04,Kinh tế số,2.5,82,6.1,98.9,12,67.7,65,5.7,5.7,0
SV20211008,MA2010,Xác suất thống kê ứng dụng,3,Nhóm 04,Kinh tế số,2.5,82,6.9,61.5,9,82.1,51,5.2,4.9,1
SV20211009,IT4010,Học máy & Khai phá dữ liệu,3,Nhóm 01,Công nghệ thông tin,2.7,115,8.7,86.1,10,80.0,72,7.0,9.1,0
SV20211009,IT4020,Hệ quản trị CSDL nâng cao,3,Nhóm 01,Công nghệ thông tin,2.7,115,6.8,88.5,13,89.4,75,9.1,4.5,1
SV20211009,IT4030,Phát triển ứng dụng Web,4,Nhóm 01,Công nghệ thông tin,2.7,115,8.4,86.8,8,89.4,76,10.0,6.9,0
SV20211009,MA2010,Xác suất thống kê ứng dụng,3,Nhóm 01,Công nghệ thông tin,2.7,115,6.8,74.0,14,83.8,88,6.1,6.1,0
SV20211010,IT4010,Học máy & Khai phá dữ liệu,3,Nhóm 02,Kỹ thuật dữ liệu,1.6,28,5.1,73.4,4,68.8,70,2.3,3.4,1
SV20211010,IT4020,Hệ quản trị CSDL nâng cao,3,Nhóm 02,Kỹ thuật dữ liệu,1.6,28,4.6,53.8,5,75.1,74,4.3,4.0,1
SV20211010,IT4030,Phát triển ứng dụng Web,4,Nhóm 02,Kỹ thuật dữ liệu,1.6,28,6.7,72.6,1,65.3,64,0.0,4.1,1
SV20211010,MA2010,Xác suất thống kê ứng dụng,3,Nhóm 02,Kỹ thuật dữ liệu,1.6,28,4.3,59.4,5,70.9,66,2.1,3.7,1
SV20211011,IT4010,Học máy & Khai phá dữ liệu,3,Nhóm 03,Kinh tế số,2.2,66,5.7,69.9,12,64.0,86,4.5,3.5,1
SV20211011,IT4020,Hệ quản trị CSDL nâng cao,3,Nhóm 03,Kinh tế số,2.2,66,5.6,65.1,1,81.4,85,1.9,4.7,1
SV20211011,IT4030,Phát triển ứng dụng Web,4,Nhóm 03,Kinh tế số,2.2,66,6.0,82.1,10,78.3,76,5.4,6.9,0
SV20211011,MA2010,Xác suất thống kê ứng dụng,3,Nhóm 03,Kinh tế số,2.2,66,7.4,80.0,8,88.6,77,6.7,5.1,0
SV20211012,IT4010,Học máy & Khai phá dữ liệu,3,Nhóm 04,Công nghệ thông tin,2.4,85,8.1,81.8,10,64.5,81,5.9,5.9,0
SV20211012,IT4020,Hệ quản trị CSDL nâng cao,3,Nhóm 04,Công nghệ thông tin,2.4,85,6.5,79.7,17,91.9,91,8.5,6.2,0
SV20211012,IT4030,Phát triển ứng dụng Web,4,Nhóm 04,Công nghệ thông tin,2.4,85,7.5,87.7,7,78.8,83,8.9,7.0,0
SV20211012,MA2010,Xác suất thống kê ứng dụng,3,Nhóm 04,Công nghệ thông tin,2.4,85,7.6,90.7,12,96.8,54,4.8,5.9,0
SV20211013,IT4010,Học máy & Khai phá dữ liệu,3,Nhóm 01,Công nghệ thông tin,2.4,73,6.3,77.4,11,61.5,66,4.5,6.2,0
SV20211013,IT4020,Hệ quản trị CSDL nâng cao,3,Nhóm 01,Công nghệ thông tin,2.4,73,6.8,74.1,6,61.8,66,7.4,6.2,0
SV20211013,IT4030,Phát triển ứng dụng Web,4,Nhóm 01,Công nghệ thông tin,2.4,73,7.6,70.5,12,89.5,73,8.7,8.6,0
SV20211013,MA2010,Xác suất thống kê ứng dụng,3,Nhóm 01,Công nghệ thông tin,2.4,73,6.9,99.1,13,62.8,80,4.5,5.1,0
SV20211014,IT4010,Học máy & Khai phá dữ liệu,3,Nhóm 02,Công nghệ thông tin,2.4,87,7.0,78.1,13,60.0,62,7.2,7.2,0
SV20211014,IT4020,Hệ quản trị CSDL nâng cao,3,Nhóm 02,Công nghệ thông tin,2.4,87,7.7,93.8,4,99.6,69,7.8,6.8,0
SV20211014,IT4030,Phát triển ứng dụng Web,4,Nhóm 02,Công nghệ thông tin,2.4,87,8.1,90.4,12,86.1,88,5.3,7.0,0
SV20211014,MA2010,Xác suất thống kê ứng dụng,3,Nhóm 02,Công nghệ thông tin,2.4,87,5.2,92.3,9,72.0,82,6.5,6.4,0
SV20211015,IT4010,Học máy & Khai phá dữ liệu,3,Nhóm 03,Kinh tế số,1.8,55,5.1,55.8,7,69.2,72,3.0,4.5,1
SV20211015,IT4020,Hệ quản trị CSDL nâng cao,3,Nhóm 03,Kinh tế số,1.8,55,5.2,77.7,11,67.6,75,3.9,3.6,1
SV20211015,IT4030,Phát triển ứng dụng Web,4,Nhóm 03,Kinh tế số,1.8,55,5.6,89.1,7,87.6,68,8.0,5.4,0
SV20211015,MA2010,Xác suất thống kê ứng dụng,3,Nhóm 03,Kinh tế số,1.8,55,5.6,79.0,6,52.8,52,4.2,5.9,0
SV20211016,IT4010,Học máy & Khai phá dữ liệu,3,Nhóm 04,Công nghệ thông tin,2.2,99,7.2,81.3,8,66.9,78,5.3,6.1,0
SV20211016,IT4020,Hệ quản trị CSDL nâng cao,3,Nhóm 04,Công nghệ thông tin,2.2,99,7.4,82.8,8,90.3,78,7.1,8.8,0
SV20211016,IT4030,Phát triển ứng dụng Web,4,Nhóm 04,Công nghệ thông tin,2.2,99,7.3,62.9,6,75.6,75,6.8,5.3,0
SV20211016,MA2010,Xác suất thống kê ứng dụng,3,Nhóm 04,Công nghệ thông tin,2.2,99,7.3,75.9,7,83.4,69,7.1,5.6,0
SV20211017,IT4010,Học máy & Khai phá dữ liệu,3,Nhóm 01,Công nghệ thông tin,2.0,74,7.5,76.1,4,81.4,65,4.8,5.8,0
SV20211017,IT4020,Hệ quản trị CSDL nâng cao,3,Nhóm 01,Công nghệ thông tin,2.0,74,5.7,80.1,5,80.8,75,5.0,6.0,0
SV20211017,IT4030,Phát triển ứng dụng Web,4,Nhóm 01,Công nghệ thông tin,2.0,74,6.8,68.6,2,88.4,55,3.1,7.5,0
SV20211017,MA2010,Xác suất thống kê ứng dụng,3,Nhóm 01,Công nghệ thông tin,2.0,74,5.9,74.8,13,100.0,69,8.1,4.9,1
SV20211018,IT4010,Học máy & Khai phá dữ liệu,3,Nhóm 02,Công nghệ thông tin,3.8,114,9.9,87.3,16,85.7,90,10.7,8.9,0
SV20211018,IT4020,Hệ quản trị CSDL nâng cao,3,Nhóm 02,Công nghệ thông tin,3.8,114,10.0,96.8,15,91.5,84,9.9,8.0,0
SV20211018,IT4030,Phát triển ứng dụng Web,4,Nhóm 02,Công nghệ thông tin,3.8,114,10.0,88.9,16,100.0,83,8.2,9.2,0
SV20211018,MA2010,Xác suất thống kê ứng dụng,3,Nhóm 02,Công nghệ thông tin,3.8,114,9.8,87.7,14,97.2,84,13.2,8.0,0
SV20211019,IT4010,Học máy & Khai phá dữ liệu,3,Nhóm 03,Công nghệ thông tin,3.2,100,9.6,77.8,11,98.5,79,11.2,9.5,0
SV20211019,IT4020,Hệ quản trị CSDL nâng cao,3,Nhóm 03,Công nghệ thông tin,3.2,100,8.1,100.0,17,82.1,82,7.1,5.9,0
SV20211019,IT4030,Phát triển ứng dụng Web,4,Nhóm 03,Công nghệ thông tin,3.2,100,7.4,89.7,13,98.3,69,8.6,7.3,0
SV20211019,MA2010,Xác suất thống kê ứng dụng,3,Nhóm 03,Công nghệ thông tin,3.2,100,8.0,91.5,13,83.3,90,8.2,7.9,0
SV20211020,IT4010,Học máy & Khai phá dữ liệu,3,Nhóm 04,Kỹ thuật dữ liệu,2.9,99,6.9,91.9,9,92.6,73,5.9,7.0,0
SV20211020,IT4020,Hệ quản trị CSDL nâng cao,3,Nhóm 04,Kỹ thuật dữ liệu,2.9,99,8.2,84.1,13,92.3,86,8.1,5.9,0
SV20211020,IT4030,Phát triển ứng dụng Web,4,Nhóm 04,Kỹ thuật dữ liệu,2.9,99,8.8,82.7,20,88.5,76,9.3,7.9,0
SV20211020,MA2010,Xác suất thống kê ứng dụng,3,Nhóm 04,Kỹ thuật dữ liệu,2.9,99,7.6,84.1,15,83.3,77,9.4,7.3,0
SV20211021,IT4010,Học máy & Khai phá dữ liệu,3,Nhóm 01,Kinh tế số,3.2,115,8.8,97.5,14,86.2,80,7.9,7.8,0
SV20211021,IT4020,Hệ quản trị CSDL nâng cao,3,Nhóm 01,Kinh tế số,3.2,115,7.4,75.3,22,100.0,88,11.3,5.9,0
SV20211021,IT4030,Phát triển ứng dụng Web,4,Nhóm 01,Kinh tế số,3.2,115,9.7,96.0,13,100.0,93,7.2,9.4,0
SV20211021,MA2010,Xác suất thống kê ứng dụng,3,Nhóm 01,Kinh tế số,3.2,115,8.3,83.1,15,76.5,86,5.8,9.9,0
SV20211022,IT4010,Học máy & Khai phá dữ liệu,3,Nhóm 02,Kinh tế số,1.8,55,6.5,81.4,7,82.4,79,4.0,4.6,1
SV20211022,IT4020,Hệ quản trị CSDL nâng cao,3,Nhóm 02,Kinh tế số,1.8,55,6.1,84.5,7,100.0,61,3.0,6.4,0
SV20211022,IT4030,Phát triển ứng dụng Web,4,Nhóm 02,Kinh tế số,1.8,55,6.5,78.1,2,67.5,70,0.7,7.0,0
SV20211022,MA2010,Xác suất thống kê ứng dụng,3,Nhóm 02,Kinh tế số,1.8,55,6.7,77.7,1,77.4,64,4.8,5.7,0
SV20211023,IT4010,Học máy & Khai phá dữ liệu,3,Nhóm 03,Công nghệ thông tin,3.2,115,10.0,100.0,15,100.0,70,7.4,9.1,0
SV20211023,IT4020,Hệ quản trị CSDL nâng cao,3,Nhóm 03,Công nghệ thông tin,3.2,115,7.7,92.2,7,99.2,89,9.2,5.3,0
SV20211023,IT4030,Phát triển ứng dụng Web,4,Nhóm 03,Công nghệ thông tin,3.2,115,10.0,80.5,18,82.9,78,8.8,8.7,0
SV20211023,MA2010,Xác suất thống kê ứng dụng,3,Nhóm 03,Công nghệ thông tin,3.2,115,10.0,100.0,15,96.4,81,10.6,8.5,0
SV20211024,IT4010,Học máy & Khai phá dữ liệu,3,Nhóm 04,Công nghệ thông tin,2.4,93,6.8,95.6,13,83.5,87,3.9,5.5,0
SV20211024,IT4020,Hệ quản trị CSDL nâng cao,3,Nhóm 04,Công nghệ thông tin,2.4,93,7.6,98.1,8,80.0,74,5.4,5.9,0
SV20211024,IT4030,Phát triển ứng dụng Web,4,Nhóm 04,Công nghệ thông tin,2.4,93,8.4,68.1,9,61.1,68,8.3,8.7,0
SV20211024,MA2010,Xác suất thống kê ứng dụng,3,Nhóm 04,Công nghệ thông tin,2.4,93,8.4,75.8,15,86.3,71,5.0,7.6,0
SV20211025,IT4010,Học máy & Khai phá dữ liệu,3,Nhóm 01,Công nghệ thông tin,2.6,94,7.8,90.2,13,99.9,78,6.5,6.4,0
SV20211025,IT4020,Hệ quản trị CSDL nâng cao,3,Nhóm 01,Công nghệ thông tin,2.6,94,6.7,90.3,16,91.8,82,5.7,4.5,1
SV20211025,IT4030,Phát triển ứng dụng Web,4,Nhóm 01,Công nghệ thông tin,2.6,94,8.1,87.9,11,81.6,85,5.7,7.1,0
SV20211025,MA2010,Xác suất thống kê ứng dụng,3,Nhóm 01,Công nghệ thông tin,2.6,94,7.4,72.7,7,83.0,76,7.0,6.6,0
SV20211026,IT4010,Học máy & Khai phá dữ liệu,3,Nhóm 02,Kinh tế số,3.3,73,7.5,80.6,13,89.0,71,10.0,8.0,0
SV20211026,IT4020,Hệ quản trị CSDL nâng cao,3,Nhóm 02,Kinh tế số,3.3,73,7.5,90.0,16,100.0,77,3.2,4.4,1
SV20211026,IT4030,Phát triển ứng dụng Web,4,Nhóm 02,Kinh tế số,3.3,73,8.6,78.2,8,88.9,78,8.7,8.9,0
SV20211026,MA2010,Xác suất thống kê ứng dụng,3,Nhóm 02,Kinh tế số,3.3,73,7.6,87.4,16,83.7,72,5.2,7.6,0
SV20211027,IT4010,Học máy & Khai phá dữ liệu,3,Nhóm 03,Công nghệ thông tin,3.3,81,7.3,91.8,14,100.0,89,7.8,7.2,0
SV20211027,IT4020,Hệ quản trị CSDL nâng cao,3,Nhóm 03,Công nghệ thông tin,3.3,81,7.2,88.6,17,100.0,90,7.2,5.2,0
SV20211027,IT4030,Phát triển ứng dụng Web,4,Nhóm 03,Công nghệ thông tin,3.3,81,8.8,72.2,21,100.0,83,4.5,8.7,0
SV20211027,MA2010,Xác suất thống kê ứng dụng,3,Nhóm 03,Công nghệ thông tin,3.3,81,9.0,93.5,10,88.5,84,9.5,7.9,0
SV20211028,IT4010,Học máy & Khai phá dữ liệu,3,Nhóm 04,Công nghệ thông tin,3.6,93,7.9,78.3,8,99.4,75,9.3,6.9,0
SV20211028,IT4020,Hệ quản trị CSDL nâng cao,3,Nhóm 04,Công nghệ thông tin,3.6,93,7.8,86.7,13,84.8,78,7.6,6.0,0
SV20211028,IT4030,Phát triển ứng dụng Web,4,Nhóm 04,Công nghệ thông tin,3.6,93,10.0,100.0,17,98.2,94,8.3,9.7,0
SV20211028,MA2010,Xác suất thống kê ứng dụng,3,Nhóm 04,Công nghệ thông tin,3.6,93,8.2,88.9,16,89.9,69,8.5,7.9,0
SV20211029,IT4010,Học máy & Khai phá dữ liệu,3,Nhóm 01,Công nghệ thông tin,1.6,39,4.3,76.8,6,75.9,66,3.3,4.5,1
SV20211029,IT4020,Hệ quản trị CSDL nâng cao,3,Nhóm 01,Công nghệ thông tin,1.6,39,4.1,72.3,11,55.2,70,3.3,3.7,1
SV20211029,IT4030,Phát triển ứng dụng Web,4,Nhóm 01,Công nghệ thông tin,1.6,39,5.2,61.9,4,71.0,66,3.4,3.0,1
SV20211029,MA2010,Xác suất thống kê ứng dụng,3,Nhóm 01,Công nghệ thông tin,1.6,39,5.3,80.4,2,66.9,59,4.6,4.6,1
SV20211030,IT4010,Học máy & Khai phá dữ liệu,3,Nhóm 02,Công nghệ thông tin,2.8,63,8.1,91.2,15,74.6,81,7.7,7.7,0
SV20211030,IT4020,Hệ quản trị CSDL nâng cao,3,Nhóm 02,Công nghệ thông tin,2.8,63,7.9,75.1,8,79.1,73,9.6,6.3,0
SV20211030,IT4030,Phát triển ứng dụng Web,4,Nhóm 02,Công nghệ thông tin,2.8,63,9.4,74.4,14,85.0,59,5.6,6.0,0
SV20211030,MA2010,Xác suất thống kê ứng dụng,3,Nhóm 02,Công nghệ thông tin,2.8,63,7.8,94.4,11,93.7,73,5.9,6.5,0
SV20211031,IT4010,Học máy & Khai phá dữ liệu,3,Nhóm 03,Công nghệ thông tin,2.4,70,4.9,75.7,10,78.5,69,5.6,5.2,0
SV20211031,IT4020,Hệ quản trị CSDL nâng cao,3,Nhóm 03,Công nghệ thông tin,2.4,70,5.0,74.9,13,78.0,73,6.4,3.5,1
SV20211031,IT4030,Phát triển ứng dụng Web,4,Nhóm 03,Công nghệ thông tin,2.4,70,7.8,86.2,4,93.3,66,3.2,6.3,0
SV20211031,MA2010,Xác suất thống kê ứng dụng,3,Nhóm 03,Công nghệ thông tin,2.4,70,6.0,74.7,2,95.8,70,4.0,6.2,0
SV20211032,IT4010,Học máy & Khai phá dữ liệu,3,Nhóm 04,Kinh tế số,3.0,57,7.7,84.3,12,75.1,88,10.1,5.9,0
SV20211032,IT4020,Hệ quản trị CSDL nâng cao,3,Nhóm 04,Kinh tế số,3.0,57,8.3,91.1,13,86.7,76,8.8,7.1,0
SV20211032,IT4030,Phát triển ứng dụng Web,4,Nhóm 04,Kinh tế số,3.0,57,7.6,94.9,7,78.4,74,5.1,7.0,0
SV20211032,MA2010,Xác suất thống kê ứng dụng,3,Nhóm 04,Kinh tế số,3.0,57,7.7,91.2,13,69.4,83,3.7,6.5,0
SV20211033,IT4010,Học máy & Khai phá dữ liệu,3,Nhóm 01,Công nghệ thông tin,2.0,52,5.6,63.3,8,69.9,72,3.0,3.5,1
SV20211033,IT4020,Hệ quản trị CSDL nâng cao,3,Nhóm 01,Công nghệ thông tin,2.0,52,5.5,67.7,9,72.9,70,2.6,4.1,1
SV20211033,IT4030,Phát triển ứng dụng Web,4,Nhóm 01,Công nghệ thông tin,2.0,52,5.4,89.6,4,88.9,53,6.4,5.8,0
SV20211033,MA2010,Xác suất thống kê ứng dụng,3,Nhóm 01,Công nghệ thông tin,2.0,52,5.8,88.5,1,72.5,68,6.0,5.1,0
SV20211034,IT4010,Học máy & Khai phá dữ liệu,3,Nhóm 02,Kinh tế số,2.9,85,6.2,84.7,11,70.7,77,9.3,6.7,0
SV20211034,IT4020,Hệ quản trị CSDL nâng cao,3,Nhóm 02,Kinh tế số,2.9,85,8.2,78.9,9,95.0,91,8.0,5.8,0
SV20211034,IT4030,Phát triển ứng dụng Web,4,Nhóm 02,Kinh tế số,2.9,85,8.3,90.2,13,88.2,81,6.0,7.4,0
SV20211034,MA2010,Xác suất thống kê ứng dụng,3,Nhóm 02,Kinh tế số,2.9,85,7.3,76.7,7,86.1,83,6.2,5.1,0
SV20211035,IT4010,Học máy & Khai phá dữ liệu,3,Nhóm 03,Kinh tế số,3.0,104,8.4,96.7,23,78.2,72,13.3,8.5,0
SV20211035,IT4020,Hệ quản trị CSDL nâng cao,3,Nhóm 03,Kinh tế số,3.0,104,7.1,83.4,10,100.0,94,8.9,6.4,0
SV20211035,IT4030,Phát triển ứng dụng Web,4,Nhóm 03,Kinh tế số,3.0,104,9.4,89.7,6,80.3,82,5.6,8.7,0
SV20211035,MA2010,Xác suất thống kê ứng dụng,3,Nhóm 03,Kinh tế số,3.0,104,7.5,88.4,13,100.0,56,8.6,6.4,0
SV20211036,IT4010,Học máy & Khai phá dữ liệu,3,Nhóm 04,Công nghệ thông tin,3.4,92,9.1,99.9,13,100.0,74,6.5,7.2,0
SV20211036,IT4020,Hệ quản trị CSDL nâng cao,3,Nhóm 04,Công nghệ thông tin,3.4,92,8.8,79.6,14,98.0,64,8.9,7.3,0
SV20211036,IT4030,Phát triển ứng dụng Web,4,Nhóm 04,Công nghệ thông tin,3.4,92,8.7,73.1,15,88.2,64,7.6,8.8,0
SV20211036,MA2010,Xác suất thống kê ứng dụng,3,Nhóm 04,Công nghệ thông tin,3.4,92,8.9,82.2,8,88.6,54,8.2,8.8,0
SV20211037,IT4010,Học máy & Khai phá dữ liệu,3,Nhóm 01,Kinh tế số,3.7,104,9.6,100.0,20,94.6,92,10.7,7.8,0
SV20211037,IT4020,Hệ quản trị CSDL nâng cao,3,Nhóm 01,Kinh tế số,3.7,104,8.4,90.2,19,88.9,81,8.9,8.8,0
SV20211037,IT4030,Phát triển ứng dụng Web,4,Nhóm 01,Kinh tế số,3.7,104,9.4,98.0,20,98.4,86,10.1,10.0,0
SV20211037,MA2010,Xác suất thống kê ứng dụng,3,Nhóm 01,Kinh tế số,3.7,104,8.4,100.0,19,91.1,96,10.7,6.4,0
SV20211038,IT4010,Học máy & Khai phá dữ liệu,3,Nhóm 02,Kinh tế số,2.1,28,5.0,77.8,10,67.4,71,5.6,4.9,1
SV20211038,IT4020,Hệ quản trị CSDL nâng cao,3,Nhóm 02,Kinh tế số,2.1,28,4.5,81.3,5,69.4,59,4.7,4.6,1
SV20211038,IT4030,Phát triển ứng dụng Web,4,Nhóm 02,Kinh tế số,2.1,28,5.5,79.4,3,70.6,67,5.6,5.2,0
SV20211038,MA2010,Xác suất thống kê ứng dụng,3,Nhóm 02,Kinh tế số,2.1,28,5.8,64.1,4,86.6,74,3.6,5.6,0
SV20211039,IT4010,Học máy & Khai phá dữ liệu,3,Nhóm 03,Công nghệ thông tin,3.4,101,9.6,98.2,14,81.1,88,6.1,7.7,0
SV20211039,IT4020,Hệ quản trị CSDL nâng cao,3,Nhóm 03,Công nghệ thông tin,3.4,101,7.9,82.5,23,82.3,87,12.4,4.9,1
SV20211039,IT4030,Phát triển ứng dụng Web,4,Nhóm 03,Công nghệ thông tin,3.4,101,8.1,88.3,16,92.1,96,9.4,8.9,0
SV20211039,MA2010,Xác suất thống kê ứng dụng,3,Nhóm 03,Công nghệ thông tin,3.4,101,9.5,88.9,19,74.9,79,5.6,7.0,0
SV20211040,IT4010,Học máy & Khai phá dữ liệu,3,Nhóm 04,Kinh tế số,2.6,97,7.9,76.7,9,83.9,85,7.0,6.4,0
SV20211040,IT4020,Hệ quản trị CSDL nâng cao,3,Nhóm 04,Kinh tế số,2.6,97,5.9,87.5,14,73.5,83,5.1,4.2,1
SV20211040,IT4030,Phát triển ứng dụng Web,4,Nhóm 04,Kinh tế số,2.6,97,8.8,78.5,7,76.9,70,4.3,8.7,0
SV20211040,MA2010,Xác suất thống kê ứng dụng,3,Nhóm 04,Kinh tế số,2.6,97,7.4,79.0,6,100.0,67,4.8,5.8,0
SV20211041,IT4010,Học máy & Khai phá dữ liệu,3,Nhóm 01,Công nghệ thông tin,2.7,38,7.2,75.4,6,69.0,73,6.1,6.5,0
SV20211041,IT4020,Hệ quản trị CSDL nâng cao,3,Nhóm 01,Công nghệ thông tin,2.7,38,6.9,78.9,6,80.7,70,5.6,6.1,0
SV20211041,IT4030,Phát triển ứng dụng Web,4,Nhóm 01,Công nghệ thông tin,2.7,38,7.2,84.6,3,72.5,70,6.2,7.5,0
SV20211041,MA2010,Xác suất thống kê ứng dụng,3,Nhóm 01,Công nghệ thông tin,2.7,38,7.1,71.0,10,88.7,60,2.6,6.1,0
SV20211042,IT4010,Học máy & Khai phá dữ liệu,3,Nhóm 02,Công nghệ thông tin,1.8,39,5.1,63.9,1,68.6,75,2.6,5.2,0
SV20211042,IT4020,Hệ quản trị CSDL nâng cao,3,Nhóm 02,Công nghệ thông tin,1.8,39,5.8,81.1,13,89.7,66,4.7,6.8,0
SV20211042,IT4030,Phát triển ứng dụng Web,4,Nhóm 02,Công nghệ thông tin,1.8,39,5.6,68.8,16,69.8,58,6.4,7.2,0
SV20211042,MA2010,Xác suất thống kê ứng dụng,3,Nhóm 02,Công nghệ thông tin,1.8,39,6.4,77.6,7,84.3,65,7.8,5.8,0
SV20211043,IT4010,Học máy & Khai phá dữ liệu,3,Nhóm 03,Công nghệ thông tin,2.8,70,6.4,74.6,12,80.1,85,4.9,6.9,0
SV20211043,IT4020,Hệ quản trị CSDL nâng cao,3,Nhóm 03,Công nghệ thông tin,2.8,70,6.2,82.1,16,95.2,66,5.4,4.6,1
SV20211043,IT4030,Phát triển ứng dụng Web,4,Nhóm 03,Công nghệ thông tin,2.8,70,8.3,90.3,15,84.6,58,6.8,9.0,0
SV20211043,MA2010,Xác suất thống kê ứng dụng,3,Nhóm 03,Công nghệ thông tin,2.8,70,7.7,86.8,15,83.9,71,9.2,7.8,0
SV20211044,IT4010,Học máy & Khai phá dữ liệu,3,Nhóm 04,Kỹ thuật dữ liệu,2.6,79,7.2,92.5,7,87.1,67,9.0,4.5,1
SV20211044,IT4020,Hệ quản trị CSDL nâng cao,3,Nhóm 04,Kỹ thuật dữ liệu,2.6,79,9.3,92.8,8,79.0,78,9.1,7.1,0
SV20211044,IT4030,Phát triển ứng dụng Web,4,Nhóm 04,Kỹ thuật dữ liệu,2.6,79,8.0,89.2,10,79.1,90,6.7,6.4,0
SV20211044,MA2010,Xác suất thống kê ứng dụng,3,Nhóm 04,Kỹ thuật dữ liệu,2.6,79,8.0,90.0,19,74.4,84,5.1,6.7,0
SV20211045,IT4010,Học máy & Khai phá dữ liệu,3,Nhóm 01,Kỹ thuật dữ liệu,3.0,63,7.1,75.5,6,71.3,82,6.9,6.5,0
SV20211045,IT4020,Hệ quản trị CSDL nâng cao,3,Nhóm 01,Kỹ thuật dữ liệu,3.0,63,8.1,72.1,15,87.3,73,8.2,8.0,0
SV20211045,IT4030,Phát triển ứng dụng Web,4,Nhóm 01,Kỹ thuật dữ liệu,3.0,63,9.1,76.7,7,79.1,77,6.4,8.2,0
SV20211045,MA2010,Xác suất thống kê ứng dụng,3,Nhóm 01,Kỹ thuật dữ liệu,3.0,63,7.9,87.1,7,92.5,65,6.6,6.6,0
SV20211046,IT4010,Học máy & Khai phá dữ liệu,3,Nhóm 02,Công nghệ thông tin,3.8,125,9.2,95.5,25,88.0,81,9.6,8.2,0
SV20211046,IT4020,Hệ quản trị CSDL nâng cao,3,Nhóm 02,Công nghệ thông tin,3.8,125,9.7,89.2,16,87.5,92,5.4,6.2,0
SV20211046,IT4030,Phát triển ứng dụng Web,4,Nhóm 02,Công nghệ thông tin,3.8,125,8.5,90.2,21,100.0,93,12.4,7.8,0
SV20211046,MA2010,Xác suất thống kê ứng dụng,3,Nhóm 02,Công nghệ thông tin,3.8,125,9.4,89.8,18,100.0,88,11.0,7.4,0
SV20211047,IT4010,Học máy & Khai phá dữ liệu,3,Nhóm 03,Kinh tế số,3.0,60,7.6,87.3,9,94.6,77,8.9,8.5,0
SV20211047,IT4020,Hệ quản trị CSDL nâng cao,3,Nhóm 03,Kinh tế số,3.0,60,7.4,84.7,1,100.0,71,6.6,5.2,0
SV20211047,IT4030,Phát triển ứng dụng Web,4,Nhóm 03,Kinh tế số,3.0,60,9.9,88.1,6,97.2,71,9.2,10.0,0
SV20211047,MA2010,Xác suất thống kê ứng dụng,3,Nhóm 03,Kinh tế số,3.0,60,7.1,76.6,15,91.2,74,7.3,4.3,1
SV20211048,IT4010,Học máy & Khai phá dữ liệu,3,Nhóm 04,Kinh tế số,3.8,116,10.0,100.0,18,78.1,97,10.5,9.3,0
SV20211048,IT4020,Hệ quản trị CSDL nâng cao,3,Nhóm 04,Kinh tế số,3.8,116,10.0,100.0,19,100.0,85,14.6,10.0,0
SV20211048,IT4030,Phát triển ứng dụng Web,4,Nhóm 04,Kinh tế số,3.8,116,10.0,100.0,20,98.2,100,9.6,9.1,0
SV20211048,MA2010,Xác suất thống kê ứng dụng,3,Nhóm 04,Kinh tế số,3.8,116,10.0,95.5,23,90.9,93,9.6,8.4,0
SV20211049,IT4010,Học máy & Khai phá dữ liệu,3,Nhóm 01,Công nghệ thông tin,3.0,92,8.4,79.1,7,88.0,65,7.6,6.5,0
SV20211049,IT4020,Hệ quản trị CSDL nâng cao,3,Nhóm 01,Công nghệ thông tin,3.0,92,7.4,87.3,10,72.5,88,8.8,6.1,0
SV20211049,IT4030,Phát triển ứng dụng Web,4,Nhóm 01,Công nghệ thông tin,3.0,92,7.0,93.9,11,97.4,80,6.8,7.3,0
SV20211049,MA2010,Xác suất thống kê ứng dụng,3,Nhóm 01,Công nghệ thông tin,3.0,92,7.7,88.7,8,58.5,64,9.9,7.7,0
SV20211050,IT4010,Học máy & Khai phá dữ liệu,3,Nhóm 02,Công nghệ thông tin,3.4,105,9.6,95.6,19,98.0,78,8.6,8.0,0
SV20211050,IT4020,Hệ quản trị CSDL nâng cao,3,Nhóm 02,Công nghệ thông tin,3.4,105,8.5,85.2,7,100.0,86,7.7,7.7,0
SV20211050,IT4030,Phát triển ứng dụng Web,4,Nhóm 02,Công nghệ thông tin,3.4,105,10.0,80.5,4,88.1,89,6.0,7.3,0
SV20211050,MA2010,Xác suất thống kê ứng dụng,3,Nhóm 02,Công nghệ thông tin,3.4,105,8.8,100.0,15,97.0,87,9.8,7.9,0
SV20211051,IT4010,Học máy & Khai phá dữ liệu,3,Nhóm 03,Công nghệ thông tin,2.4,61,6.3,59.9,10,71.5,69,5.6,5.5,0
SV20211051,IT4020,Hệ quản trị CSDL nâng cao,3,Nhóm 03,Công nghệ thông tin,2.4,61,6.6,75.8,6,69.8,59,4.6,4.5,1
SV20211051,IT4030,Phát triển ứng dụng Web,4,Nhóm 03,Công nghệ thông tin,2.4,61,6.4,72.4,6,84.8,70,3.6,6.0,0
SV20211051,MA2010,Xác suất thống kê ứng dụng,3,Nhóm 03,Công nghệ thông tin,2.4,61,6.5,62.9,7,83.3,66,3.6,7.0,0
SV20211052,IT4010,Học máy & Khai phá dữ liệu,3,Nhóm 04,Kinh tế số,2.1,70,5.9,74.1,9,91.3,76,3.6,6.1,0
SV20211052,IT4020,Hệ quản trị CSDL nâng cao,3,Nhóm 04,Kinh tế số,2.1,70,6.4,65.4,8,73.0,62,2.0,7.4,0
SV20211052,IT4030,Phát triển ứng dụng Web,4,Nhóm 04,Kinh tế số,2.1,70,6.0,79.6,15,72.2,73,0.2,7.2,0
SV20211052,MA2010,Xác suất thống kê ứng dụng,3,Nhóm 04,Kinh tế số,2.1,70,5.5,91.0,4,64.0,56,5.4,6.4,0
SV20211053,IT4010,Học máy & Khai phá dữ liệu,3,Nhóm 01,Kỹ thuật dữ liệu,2.8,86,7.5,90.6,14,84.3,85,5.6,6.4,0
SV20211053,IT4020,Hệ quản trị CSDL nâng cao,3,Nhóm 01,Kỹ thuật dữ liệu,2.8,86,6.6,74.7,14,92.0,66,7.3,6.1,0
SV20211053,IT4030,Phát triển ứng dụng Web,4,Nhóm 01,Kỹ thuật dữ liệu,2.8,86,8.3,80.1,1,68.1,75,6.9,9.0,0
SV20211053,MA2010,Xác suất thống kê ứng dụng,3,Nhóm 01,Kỹ thuật dữ liệu,2.8,86,7.2,89.1,7,90.9,72,3.5,7.6,0
SV20211054,IT4010,Học máy & Khai phá dữ liệu,3,Nhóm 02,Công nghệ thông tin,3.1,51,7.9,83.4,15,68.6,78,6.2,9.3,0
SV20211054,IT4020,Hệ quản trị CSDL nâng cao,3,Nhóm 02,Công nghệ thông tin,3.1,51,7.8,83.2,13,81.8,81,7.7,8.0,0
SV20211054,IT4030,Phát triển ứng dụng Web,4,Nhóm 02,Công nghệ thông tin,3.1,51,8.3,93.9,18,85.0,79,10.2,8.7,0
SV20211054,MA2010,Xác suất thống kê ứng dụng,3,Nhóm 02,Công nghệ thông tin,3.1,51,9.0,100.0,19,98.1,74,8.2,7.6,0
SV20211055,IT4010,Học máy & Khai phá dữ liệu,3,Nhóm 03,Công nghệ thông tin,2.7,87,7.6,88.5,8,73.0,83,3.7,6.2,0
SV20211055,IT4020,Hệ quản trị CSDL nâng cao,3,Nhóm 03,Công nghệ thông tin,2.7,87,5.3,93.3,13,69.4,75,6.0,5.1,0
SV20211055,IT4030,Phát triển ứng dụng Web,4,Nhóm 03,Công nghệ thông tin,2.7,87,8.7,77.8,9,79.9,73,5.2,8.1,0
SV20211055,MA2010,Xác suất thống kê ứng dụng,3,Nhóm 03,Công nghệ thông tin,2.7,87,8.7,85.3,11,69.1,71,6.4,8.0,0
SV20211056,IT4010,Học máy & Khai phá dữ liệu,3,Nhóm 04,Công nghệ thông tin,2.8,53,8.0,83.8,4,76.1,92,8.8,7.0,0
SV20211056,IT4020,Hệ quản trị CSDL nâng cao,3,Nhóm 04,Công nghệ thông tin,2.8,53,6.8,75.9,15,75.5,71,8.8,5.9,0
SV20211056,IT4030,Phát triển ứng dụng Web,4,Nhóm 04,Công nghệ thông tin,2.8,53,9.6,76.8,11,93.5,91,5.5,6.7,0
SV20211056,MA2010,Xác suất thống kê ứng dụng,3,Nhóm 04,Công nghệ thông tin,2.8,53,7.2,81.8,15,78.2,76,7.4,7.0,0
SV20211057,IT4010,Học máy & Khai phá dữ liệu,3,Nhóm 01,Công nghệ thông tin,2.4,99,9.0,91.1,8,85.2,57,5.7,9.7,0
SV20211057,IT4020,Hệ quản trị CSDL nâng cao,3,Nhóm 01,Công nghệ thông tin,2.4,99,6.6,92.7,11,88.8,78,6.7,5.7,0
SV20211057,IT4030,Phát triển ứng dụng Web,4,Nhóm 01,Công nghệ thông tin,2.4,99,6.8,78.3,7,83.0,80,8.3,7.7,0
SV20211057,MA2010,Xác suất thống kê ứng dụng,3,Nhóm 01,Công nghệ thông tin,2.4,99,7.2,78.5,12,83.1,65,5.4,6.5,0
SV20211058,IT4010,Học máy & Khai phá dữ liệu,3,Nhóm 02,Kinh tế số,2.8,60,7.2,98.5,13,73.0,82,6.2,7.1,0
SV20211058,IT4020,Hệ quản trị CSDL nâng cao,3,Nhóm 02,Kinh tế số,2.8,60,6.3,85.5,10,74.7,89,7.6,6.1,0
SV20211058,IT4030,Phát triển ứng dụng Web,4,Nhóm 02,Kinh tế số,2.8,60,6.9,75.5,18,88.8,79,3.3,6.3,0
SV20211058,MA2010,Xác suất thống kê ứng dụng,3,Nhóm 02,Kinh tế số,2.8,60,7.8,79.9,17,79.5,70,5.0,6.9,0
SV20211059,IT4010,Học máy & Khai phá dữ liệu,3,Nhóm 03,Công nghệ thông tin,3.8,132,9.5,100.0,20,96.6,99,6.2,8.7,0
SV20211059,IT4020,Hệ quản trị CSDL nâng cao,3,Nhóm 03,Công nghệ thông tin,3.8,132,8.4,100.0,15,100.0,93,12.8,6.9,0
SV20211059,IT4030,Phát triển ứng dụng Web,4,Nhóm 03,Công nghệ thông tin,3.8,132,8.2,88.4,21,86.0,87,9.5,8.0,0
SV20211059,MA2010,Xác suất thống kê ứng dụng,3,Nhóm 03,Công nghệ thông tin,3.8,132,10.0,91.2,21,100.0,100,4.0,8.6,0
SV20211060,IT4010,Học máy & Khai phá dữ liệu,3,Nhóm 04,Công nghệ thông tin,3.0,121,7.8,83.3,13,100.0,78,8.2,6.8,0
SV20211060,IT4020,Hệ quản trị CSDL nâng cao,3,Nhóm 04,Công nghệ thông tin,3.0,121,9.2,81.1,15,87.9,96,9.8,7.5,0
SV20211060,IT4030,Phát triển ứng dụng Web,4,Nhóm 04,Công nghệ thông tin,3.0,121,9.8,84.5,15,100.0,77,8.8,10.0,0
SV20211060,MA2010,Xác suất thống kê ứng dụng,3,Nhóm 04,Công nghệ thông tin,3.0,121,9.5,85.3,18,89.5,84,5.4,8.4,0
SV20211061,IT4010,Học máy & Khai phá dữ liệu,3,Nhóm 01,Công nghệ thông tin,2.4,78,8.5,92.0,7,75.7,79,4.5,7.7,0
SV20211061,IT4020,Hệ quản trị CSDL nâng cao,3,Nhóm 01,Công nghệ thông tin,2.4,78,7.6,91.6,9,83.2,72,5.7,4.5,1
SV20211061,IT4030,Phát triển ứng dụng Web,4,Nhóm 01,Công nghệ thông tin,2.4,78,7.9,94.8,12,64.4,70,3.0,5.8,0
SV20211061,MA2010,Xác suất thống kê ứng dụng,3,Nhóm 01,Công nghệ thông tin,2.4,78,6.8,80.8,1,91.5,64,4.6,7.5,0
SV20211062,IT4010,Học máy & Khai phá dữ liệu,3,Nhóm 02,Công nghệ thông tin,2.3,62,6.2,82.5,11,81.5,65,6.0,6.4,0
SV20211062,IT4020,Hệ quản trị CSDL nâng cao,3,Nhóm 02,Công nghệ thông tin,2.3,62,6.5,82.6,1,74.8,74,5.0,5.6,0
SV20211062,IT4030,Phát triển ứng dụng Web,4,Nhóm 02,Công nghệ thông tin,2.3,62,7.0,71.1,14,75.5,63,7.1,6.4,0
SV20211062,MA2010,Xác suất thống kê ứng dụng,3,Nhóm 02,Công nghệ thông tin,2.3,62,7.6,73.4,15,73.2,73,7.5,6.8,0
SV20211063,IT4010,Học máy & Khai phá dữ liệu,3,Nhóm 03,Công nghệ thông tin,2.7,81,8.0,80.6,5,86.0,57,5.7,5.7,0
SV20211063,IT4020,Hệ quản trị CSDL nâng cao,3,Nhóm 03,Công nghệ thông tin,2.7,81,7.1,86.4,10,84.0,68,9.2,8.5,0
SV20211063,IT4030,Phát triển ứng dụng Web,4,Nhóm 03,Công nghệ thông tin,2.7,81,6.7,89.6,16,79.7,66,6.6,7.4,0
SV20211063,MA2010,Xác suất thống kê ứng dụng,3,Nhóm 03,Công nghệ thông tin,2.7,81,6.5,70.7,1,76.0,73,2.9,5.6,0
SV20211064,IT4010,Học máy & Khai phá dữ liệu,3,Nhóm 04,Công nghệ thông tin,3.0,83,6.8,82.8,13,72.6,83,4.6,7.3,0
SV20211064,IT4020,Hệ quản trị CSDL nâng cao,3,Nhóm 04,Công nghệ thông tin,3.0,83,6.9,89.7,10,71.4,78,9.2,5.8,0
SV20211064,IT4030,Phát triển ứng dụng Web,4,Nhóm 04,Công nghệ thông tin,3.0,83,8.1,82.2,9,82.5,63,3.3,6.8,0
SV20211064,MA2010,Xác suất thống kê ứng dụng,3,Nhóm 04,Công nghệ thông tin,3.0,83,7.6,97.0,14,78.7,83,4.0,7.6,0
SV20211065,IT4010,Học máy & Khai phá dữ liệu,3,Nhóm 01,Công nghệ thông tin,3.0,81,8.0,84.2,10,82.6,75,9.4,5.7,0
SV20211065,IT4020,Hệ quản trị CSDL nâng cao,3,Nhóm 01,Công nghệ thông tin,3.0,81,8.5,91.7,11,85.9,84,7.0,8.2,0
SV20211065,IT4030,Phát triển ứng dụng Web,4,Nhóm 01,Công nghệ thông tin,3.0,81,7.8,83.6,7,100.0,76,4.2,4.7,1
SV20211065,MA2010,Xác suất thống kê ứng dụng,3,Nhóm 01,Công nghệ thông tin,3.0,81,8.5,84.9,9,88.6,84,7.1,8.0,0
SV20211066,IT4010,Học máy & Khai phá dữ liệu,3,Nhóm 02,Kỹ thuật dữ liệu,2.9,96,6.0,76.6,8,74.2,79,7.1,5.2,0
SV20211066,IT4020,Hệ quản trị CSDL nâng cao,3,Nhóm 02,Kỹ thuật dữ liệu,2.9,96,4.8,73.7,10,86.6,67,5.8,3.7,1
SV20211066,IT4030,Phát triển ứng dụng Web,4,Nhóm 02,Kỹ thuật dữ liệu,2.9,96,7.6,91.7,9,79.3,72,6.0,8.2,0
SV20211066,MA2010,Xác suất thống kê ứng dụng,3,Nhóm 02,Kỹ thuật dữ liệu,2.9,96,6.3,75.6,10,73.3,65,4.9,4.7,1
SV20211067,IT4010,Học máy & Khai phá dữ liệu,3,Nhóm 03,Công nghệ thông tin,3.1,92,8.1,81.5,11,97.0,83,8.5,6.7,0
SV20211067,IT4020,Hệ quản trị CSDL nâng cao,3,Nhóm 03,Công nghệ thông tin,3.1,92,8.7,89.7,10,97.3,81,7.8,8.2,0
SV20211067,IT4030,Phát triển ứng dụng Web,4,Nhóm 03,Công nghệ thông tin,3.1,92,7.4,84.3,12,76.8,74,4.5,6.5,0
SV20211067,MA2010,Xác suất thống kê ứng dụng,3,Nhóm 03,Công nghệ thông tin,3.1,92,6.8,93.1,5,100.0,86,9.6,8.6,0
SV20211068,IT4010,Học máy & Khai phá dữ liệu,3,Nhóm 04,Kỹ thuật dữ liệu,2.0,72,6.8,66.9,19,92.9,62,4.7,7.5,0
SV20211068,IT4020,Hệ quản trị CSDL nâng cao,3,Nhóm 04,Kỹ thuật dữ liệu,2.0,72,6.5,72.2,8,76.5,76,3.1,4.1,1
SV20211068,IT4030,Phát triển ứng dụng Web,4,Nhóm 04,Kỹ thuật dữ liệu,2.0,72,6.1,78.6,14,92.6,51,3.1,6.7,0
SV20211068,MA2010,Xác suất thống kê ứng dụng,3,Nhóm 04,Kỹ thuật dữ liệu,2.0,72,7.4,73.0,2,74.7,72,3.4,6.1,0
SV20211069,IT4010,Học máy & Khai phá dữ liệu,3,Nhóm 01,Công nghệ thông tin,2.7,74,7.7,74.0,14,78.3,65,6.8,8.1,0
SV20211069,IT4020,Hệ quản trị CSDL nâng cao,3,Nhóm 01,Công nghệ thông tin,2.7,74,7.4,84.2,2,100.0,76,7.2,6.5,0
SV20211069,IT4030,Phát triển ứng dụng Web,4,Nhóm 01,Công nghệ thông tin,2.7,74,8.1,70.1,13,80.0,75,3.7,7.3,0
SV20211069,MA2010,Xác suất thống kê ứng dụng,3,Nhóm 01,Công nghệ thông tin,2.7,74,6.9,83.7,18,87.8,76,5.2,4.7,1
SV20211070,IT4010,Học máy & Khai phá dữ liệu,3,Nhóm 02,Kinh tế số,2.2,60,6.7,68.0,4,81.1,78,7.8,5.2,0
SV20211070,IT4020,Hệ quản trị CSDL nâng cao,3,Nhóm 02,Kinh tế số,2.2,60,6.7,91.5,3,66.8,59,3.7,5.9,0
SV20211070,IT4030,Phát triển ứng dụng Web,4,Nhóm 02,Kinh tế số,2.2,60,7.6,75.4,6,94.3,58,6.7,8.5,0
SV20211070,MA2010,Xác suất thống kê ứng dụng,3,Nhóm 02,Kinh tế số,2.2,60,5.8,84.4,13,75.4,79,4.2,5.4,0
SV20211071,IT4010,Học máy & Khai phá dữ liệu,3,Nhóm 03,Kỹ thuật dữ liệu,2.5,64,6.8,84.4,7,87.3,76,4.2,6.9,0
SV20211071,IT4020,Hệ quản trị CSDL nâng cao,3,Nhóm 03,Kỹ thuật dữ liệu,2.5,64,6.0,61.9,15,80.5,64,5.2,5.6,0
SV20211071,IT4030,Phát triển ứng dụng Web,4,Nhóm 03,Kỹ thuật dữ liệu,2.5,64,7.9,89.8,14,92.8,71,6.3,8.8,0
SV20211071,MA2010,Xác suất thống kê ứng dụng,3,Nhóm 03,Kỹ thuật dữ liệu,2.5,64,7.5,78.1,17,76.6,73,5.7,5.8,0
SV20211072,IT4010,Học máy & Khai phá dữ liệu,3,Nhóm 04,Kinh tế số,2.6,83,6.8,76.1,5,82.6,80,7.4,7.0,0
SV20211072,IT4020,Hệ quản trị CSDL nâng cao,3,Nhóm 04,Kinh tế số,2.6,83,7.7,78.3,8,95.0,69,2.4,5.7,0
SV20211072,IT4030,Phát triển ứng dụng Web,4,Nhóm 04,Kinh tế số,2.6,83,8.4,83.4,10,90.9,66,1.4,7.4,0
SV20211072,MA2010,Xác suất thống kê ứng dụng,3,Nhóm 04,Kinh tế số,2.6,83,6.4,95.2,7,95.5,64,6.9,6.7,0
SV20211073,IT4010,Học máy & Khai phá dữ liệu,3,Nhóm 01,Kỹ thuật dữ liệu,2.8,67,7.4,80.8,6,99.5,63,7.0,5.4,0
SV20211073,IT4020,Hệ quản trị CSDL nâng cao,3,Nhóm 01,Kỹ thuật dữ liệu,2.8,67,6.3,81.1,11,91.4,75,6.9,5.7,0
SV20211073,IT4030,Phát triển ứng dụng Web,4,Nhóm 01,Kỹ thuật dữ liệu,2.8,67,7.2,72.3,8,76.1,72,3.5,4.8,1
SV20211073,MA2010,Xác suất thống kê ứng dụng,3,Nhóm 01,Kỹ thuật dữ liệu,2.8,67,7.8,84.2,7,92.9,53,7.3,9.2,0
SV20211074,IT4010,Học máy & Khai phá dữ liệu,3,Nhóm 02,Công nghệ thông tin,2.5,75,7.0,85.2,6,81.1,57,8.1,7.9,0
SV20211074,IT4020,Hệ quản trị CSDL nâng cao,3,Nhóm 02,Công nghệ thông tin,2.5,75,8.3,79.6,7,80.8,76,5.7,8.4,0
SV20211074,IT4030,Phát triển ứng dụng Web,4,Nhóm 02,Công nghệ thông tin,2.5,75,7.4,94.6,9,89.4,88,9.0,6.0,0
SV20211074,MA2010,Xác suất thống kê ứng dụng,3,Nhóm 02,Công nghệ thông tin,2.5,75,8.3,82.8,3,83.2,85,4.9,8.3,0
SV20211075,IT4010,Học máy & Khai phá dữ liệu,3,Nhóm 03,Kỹ thuật dữ liệu,2.0,69,6.0,72.2,8,70.9,56,3.1,5.2,0
SV20211075,IT4020,Hệ quản trị CSDL nâng cao,3,Nhóm 03,Kỹ thuật dữ liệu,2.0,69,6.4,72.2,6,82.5,75,3.5,5.6,0
SV20211075,IT4030,Phát triển ứng dụng Web,4,Nhóm 03,Kỹ thuật dữ liệu,2.0,69,6.5,86.5,9,79.1,57,3.7,6.9,0
SV20211075,MA2010,Xác suất thống kê ứng dụng,3,Nhóm 03,Kỹ thuật dữ liệu,2.0,69,6.9,59.6,3,77.9,60,5.3,7.3,0
SV20211076,IT4010,Học máy & Khai phá dữ liệu,3,Nhóm 04,Kinh tế số,2.3,55,7.2,69.8,10,77.4,75,4.3,6.8,0
SV20211076,IT4020,Hệ quản trị CSDL nâng cao,3,Nhóm 04,Kinh tế số,2.3,55,7.8,71.1,13,82.5,75,5.5,5.5,0
SV20211076,IT4030,Phát triển ứng dụng Web,4,Nhóm 04,Kinh tế số,2.3,55,7.6,87.5,3,98.4,76,8.4,6.0,0
SV20211076,MA2010,Xác suất thống kê ứng dụng,3,Nhóm 04,Kinh tế số,2.3,55,6.5,85.3,5,77.7,74,5.9,5.8,0
SV20211077,IT4010,Học máy & Khai phá dữ liệu,3,Nhóm 01,Công nghệ thông tin,2.7,81,7.3,90.9,15,81.8,79,7.2,7.5,0
SV20211077,IT4020,Hệ quản trị CSDL nâng cao,3,Nhóm 01,Công nghệ thông tin,2.7,81,7.7,86.8,11,75.7,69,7.9,7.2,0
SV20211077,IT4030,Phát triển ứng dụng Web,4,Nhóm 01,Công nghệ thông tin,2.7,81,7.5,85.9,11,92.5,61,9.1,8.2,0
SV20211077,MA2010,Xác suất thống kê ứng dụng,3,Nhóm 01,Công nghệ thông tin,2.7,81,7.8,90.4,9,82.5,68,7.1,6.3,0
SV20211078,IT4010,Học máy & Khai phá dữ liệu,3,Nhóm 02,Kỹ thuật dữ liệu,3.8,114,8.8,86.4,11,96.8,76,7.0,8.5,0
SV20211078,IT4020,Hệ quản trị CSDL nâng cao,3,Nhóm 02,Kỹ thuật dữ liệu,3.8,114,7.7,100.0,7,90.9,89,7.3,5.0,0
SV20211078,IT4030,Phát triển ứng dụng Web,4,Nhóm 02,Kỹ thuật dữ liệu,3.8,114,10.0,88.4,14,96.3,72,9.6,8.2,0
SV20211078,MA2010,Xác suất thống kê ứng dụng,3,Nhóm 02,Kỹ thuật dữ liệu,3.8,114,9.6,100.0,8,93.7,82,8.3,8.9,0
SV20211079,IT4010,Học máy & Khai phá dữ liệu,3,Nhóm 03,Kỹ thuật dữ liệu,2.3,55,7.3,77.0,14,86.0,81,4.3,7.0,0
SV20211079,IT4020,Hệ quản trị CSDL nâng cao,3,Nhóm 03,Kỹ thuật dữ liệu,2.3,55,5.8,77.2,6,100.0,57,3.3,5.1,0
SV20211079,IT4030,Phát triển ứng dụng Web,4,Nhóm 03,Kỹ thuật dữ liệu,2.3,55,7.2,71.0,15,73.6,72,7.5,6.0,0
SV20211079,MA2010,Xác suất thống kê ứng dụng,3,Nhóm 03,Kỹ thuật dữ liệu,2.3,55,5.1,68.8,4,62.5,70,7.0,4.4,1
SV20211080,IT4010,Học máy & Khai phá dữ liệu,3,Nhóm 04,Công nghệ thông tin,2.5,85,8.5,100.0,8,92.1,82,4.4,6.4,0
SV20211080,IT4020,Hệ quản trị CSDL nâng cao,3,Nhóm 04,Công nghệ thông tin,2.5,85,8.0,93.5,10,98.2,68,6.1,7.0,0
SV20211080,IT4030,Phát triển ứng dụng Web,4,Nhóm 04,Công nghệ thông tin,2.5,85,7.0,77.0,9,73.9,79,4.5,5.8,0
SV20211080,MA2010,Xác suất thống kê ứng dụng,3,Nhóm 04,Công nghệ thông tin,2.5,85,7.1,100.0,17,86.9,79,6.2,5.7,0
SV20211081,IT4010,Học máy & Khai phá dữ liệu,3,Nhóm 01,Công nghệ thông tin,3.0,75,7.9,88.5,12,85.9,52,8.4,7.9,0
SV20211081,IT4020,Hệ quản trị CSDL nâng cao,3,Nhóm 01,Công nghệ thông tin,3.0,75,7.4,86.0,9,97.9,80,5.9,7.4,0
SV20211081,IT4030,Phát triển ứng dụng Web,4,Nhóm 01,Công nghệ thông tin,3.0,75,10.0,89.1,18,89.6,69,7.4,8.5,0
SV20211081,MA2010,Xác suất thống kê ứng dụng,3,Nhóm 01,Công nghệ thông tin,3.0,75,7.7,89.5,8,88.4,84,8.4,6.2,0
SV20211082,IT4010,Học máy & Khai phá dữ liệu,3,Nhóm 02,Công nghệ thông tin,3.4,57,7.4,97.7,10,85.2,77,5.8,8.1,0
SV20211082,IT4020,Hệ quản trị CSDL nâng cao,3,Nhóm 02,Công nghệ thông tin,3.4,57,7.5,78.5,12,100.0,74,5.0,3.9,1
SV20211082,IT4030,Phát triển ứng dụng Web,4,Nhóm 02,Công nghệ thông tin,3.4,57,9.4,82.5,17,81.9,83,7.2,10.0,0
SV20211082,MA2010,Xác suất thống kê ứng dụng,3,Nhóm 02,Công nghệ thông tin,3.4,57,8.0,82.3,13,83.7,70,6.6,7.8,0
SV20211083,IT4010,Học máy & Khai phá dữ liệu,3,Nhóm 03,Kinh tế số,2.5,59,6.9,70.0,9,91.1,64,4.4,7.2,0
SV20211083,IT4020,Hệ quản trị CSDL nâng cao,3,Nhóm 03,Kinh tế số,2.5,59,5.6,77.9,9,77.1,70,8.6,4.1,1
SV20211083,IT4030,Phát triển ứng dụng Web,4,Nhóm 03,Kinh tế số,2.5,59,7.2,80.5,1,65.8,81,6.6,5.5,0
SV20211083,MA2010,Xác suất thống kê ứng dụng,3,Nhóm 03,Kinh tế số,2.5,59,6.4,78.3,15,95.3,60,5.0,4.8,1
SV20211084,IT4010,Học máy & Khai phá dữ liệu,3,Nhóm 04,Công nghệ thông tin,3.1,101,8.5,85.3,13,79.5,81,6.9,6.8,0
SV20211084,IT4020,Hệ quản trị CSDL nâng cao,3,Nhóm 04,Công nghệ thông tin,3.1,101,9.5,88.4,17,84.3,81,6.5,7.8,0
SV20211084,IT4030,Phát triển ứng dụng Web,4,Nhóm 04,Công nghệ thông tin,3.1,101,8.0,86.9,9,98.8,77,7.7,7.3,0
SV20211084,MA2010,Xác suất thống kê ứng dụng,3,Nhóm 04,Công nghệ thông tin,3.1,101,6.2,96.6,13,74.1,83,10.1,5.6,0
SV20211085,IT4010,Học máy & Khai phá dữ liệu,3,Nhóm 01,Công nghệ thông tin,3.4,120,9.5,97.1,23,100.0,90,13.4,10.0,0
SV20211085,IT4020,Hệ quản trị CSDL nâng cao,3,Nhóm 01,Công nghệ thông tin,3.4,120,10.0,92.5,19,93.8,90,10.0,7.3,0
SV20211085,IT4030,Phát triển ứng dụng Web,4,Nhóm 01,Công nghệ thông tin,3.4,120,10.0,91.0,21,88.4,83,7.5,9.8,0
SV20211085,MA2010,Xác suất thống kê ứng dụng,3,Nhóm 01,Công nghệ thông tin,3.4,120,9.8,100.0,16,98.8,99,9.9,7.6,0
SV20211086,IT4010,Học máy & Khai phá dữ liệu,3,Nhóm 02,Công nghệ thông tin,2.3,28,7.9,87.0,5,71.5,66,7.0,6.0,0
SV20211086,IT4020,Hệ quản trị CSDL nâng cao,3,Nhóm 02,Công nghệ thông tin,2.3,28,6.5,69.6,11,70.4,56,3.2,6.2,0
SV20211086,IT4030,Phát triển ứng dụng Web,4,Nhóm 02,Công nghệ thông tin,2.3,28,7.6,66.9,2,79.0,77,4.2,7.2,0
SV20211086,MA2010,Xác suất thống kê ứng dụng,3,Nhóm 02,Công nghệ thông tin,2.3,28,7.1,75.6,6,79.8,69,3.9,6.3,0
SV20211087,IT4010,Học máy & Khai phá dữ liệu,3,Nhóm 03,Kinh tế số,3.0,91,9.8,76.9,5,80.8,72,7.4,9.2,0
SV20211087,IT4020,Hệ quản trị CSDL nâng cao,3,Nhóm 03,Kinh tế số,3.0,91,7.7,96.4,19,90.8,84,8.2,7.2,0
SV20211087,IT4030,Phát triển ứng dụng Web,4,Nhóm 03,Kinh tế số,3.0,91,9.1,73.0,12,80.4,62,8.5,9.1,0
SV20211087,MA2010,Xác suất thống kê ứng dụng,3,Nhóm 03,Kinh tế số,3.0,91,8.9,87.1,16,100.0,77,6.8,8.3,0
SV20211088,IT4010,Học máy & Khai phá dữ liệu,3,Nhóm 04,Kỹ thuật dữ liệu,2.8,79,6.3,91.9,11,75.4,75,7.3,6.7,0
SV20211088,IT4020,Hệ quản trị CSDL nâng cao,3,Nhóm 04,Kỹ thuật dữ liệu,2.8,79,6.3,84.5,9,100.0,84,7.9,5.2,0
SV20211088,IT4030,Phát triển ứng dụng Web,4,Nhóm 04,Kỹ thuật dữ liệu,2.8,79,9.7,99.0,15,91.9,72,11.8,9.8,0
SV20211088,MA2010,Xác suất thống kê ứng dụng,3,Nhóm 04,Kỹ thuật dữ liệu,2.8,79,7.8,67.9,8,63.2,61,4.4,6.6,0
SV20211089,IT4010,Học máy & Khai phá dữ liệu,3,Nhóm 01,Kỹ thuật dữ liệu,2.7,82,7.2,84.7,5,77.1,61,7.1,4.7,1
SV20211089,IT4020,Hệ quản trị CSDL nâng cao,3,Nhóm 01,Kỹ thuật dữ liệu,2.7,82,5.1,71.7,7,74.9,77,2.8,3.7,1
SV20211089,IT4030,Phát triển ứng dụng Web,4,Nhóm 01,Kỹ thuật dữ liệu,2.7,82,6.5,64.6,10,79.0,82,6.1,6.5,0
SV20211089,MA2010,Xác suất thống kê ứng dụng,3,Nhóm 01,Kỹ thuật dữ liệu,2.7,82,6.2,79.0,5,81.4,62,6.0,5.2,0
SV20211090,IT4010,Học máy & Khai phá dữ liệu,3,Nhóm 02,Công nghệ thông tin,2.1,47,7.0,77.0,12,81.0,95,2.8,7.4,0
SV20211090,IT4020,Hệ quản trị CSDL nâng cao,3,Nhóm 02,Công nghệ thông tin,2.1,47,7.5,77.9,6,88.0,68,6.0,6.7,0
SV20211090,IT4030,Phát triển ứng dụng Web,4,Nhóm 02,Công nghệ thông tin,2.1,47,7.5,88.5,12,73.2,66,7.5,9.4,0
SV20211090,MA2010,Xác suất thống kê ứng dụng,3,Nhóm 02,Công nghệ thông tin,2.1,47,6.7,72.1,7,87.8,68,7.6,5.8,0
SV20211091,IT4010,Học máy & Khai phá dữ liệu,3,Nhóm 03,Kỹ thuật dữ liệu,3.0,94,8.8,90.4,13,92.8,91,3.5,6.4,0
SV20211091,IT4020,Hệ quản trị CSDL nâng cao,3,Nhóm 03,Kỹ thuật dữ liệu,3.0,94,10.0,76.3,6,100.0,88,6.8,7.0,0
SV20211091,IT4030,Phát triển ứng dụng Web,4,Nhóm 03,Kỹ thuật dữ liệu,3.0,94,6.8,93.6,9,96.3,80,9.8,8.8,0
SV20211091,MA2010,Xác suất thống kê ứng dụng,3,Nhóm 03,Kỹ thuật dữ liệu,3.0,94,8.6,96.6,18,100.0,92,8.2,8.1,0
SV20211092,IT4010,Học máy & Khai phá dữ liệu,3,Nhóm 04,Kỹ thuật dữ liệu,2.6,63,8.1,73.6,9,86.1,78,5.6,6.1,0
SV20211092,IT4020,Hệ quản trị CSDL nâng cao,3,Nhóm 04,Kỹ thuật dữ liệu,2.6,63,5.4,62.5,11,67.1,64,2.7,4.1,1
SV20211092,IT4030,Phát triển ứng dụng Web,4,Nhóm 04,Kỹ thuật dữ liệu,2.6,63,7.3,90.2,12,77.2,50,1.8,7.7,0
SV20211092,MA2010,Xác suất thống kê ứng dụng,3,Nhóm 04,Kỹ thuật dữ liệu,2.6,63,6.5,70.2,5,89.8,66,7.2,5.7,0
SV20211093,IT4010,Học máy & Khai phá dữ liệu,3,Nhóm 01,Công nghệ thông tin,2.4,80,7.2,82.9,14,69.9,77,5.3,7.3,0
SV20211093,IT4020,Hệ quản trị CSDL nâng cao,3,Nhóm 01,Công nghệ thông tin,2.4,80,6.6,73.0,10,82.5,86,5.6,7.5,0
SV20211093,IT4030,Phát triển ứng dụng Web,4,Nhóm 01,Công nghệ thông tin,2.4,80,7.5,65.0,6,85.3,84,8.7,7.3,0
SV20211093,MA2010,Xác suất thống kê ứng dụng,3,Nhóm 01,Công nghệ thông tin,2.4,80,7.0,76.5,6,71.2,70,5.0,7.1,0
SV20211094,IT4010,Học máy & Khai phá dữ liệu,3,Nhóm 02,Kỹ thuật dữ liệu,3.0,99,9.6,94.9,10,93.7,72,6.8,7.9,0
SV20211094,IT4020,Hệ quản trị CSDL nâng cao,3,Nhóm 02,Kỹ thuật dữ liệu,3.0,99,7.0,67.2,15,80.2,65,6.3,5.8,0
SV20211094,IT4030,Phát triển ứng dụng Web,4,Nhóm 02,Kỹ thuật dữ liệu,3.0,99,7.4,75.6,10,85.0,74,6.8,9.7,0
SV20211094,MA2010,Xác suất thống kê ứng dụng,3,Nhóm 02,Kỹ thuật dữ liệu,3.0,99,6.0,71.1,8,84.8,53,5.0,4.0,1
SV20211095,IT4010,Học máy & Khai phá dữ liệu,3,Nhóm 03,Công nghệ thông tin,3.8,93,8.4,83.4,20,97.0,80,10.1,7.2,0
SV20211095,IT4020,Hệ quản trị CSDL nâng cao,3,Nhóm 03,Công nghệ thông tin,3.8,93,9.2,100.0,10,90.0,98,8.2,8.3,0
SV20211095,IT4030,Phát triển ứng dụng Web,4,Nhóm 03,Công nghệ thông tin,3.8,93,9.9,100.0,20,100.0,91,7.5,8.5,0
SV20211095,MA2010,Xác suất thống kê ứng dụng,3,Nhóm 03,Công nghệ thông tin,3.8,93,8.9,82.8,20,93.3,93,9.7,8.4,0
SV20211096,IT4010,Học máy & Khai phá dữ liệu,3,Nhóm 04,Công nghệ thông tin,1.9,47,6.8,77.5,9,65.3,58,4.2,7.5,0
SV20211096,IT4020,Hệ quản trị CSDL nâng cao,3,Nhóm 04,Công nghệ thông tin,1.9,47,5.5,58.6,6,64.7,64,8.4,5.6,0
SV20211096,IT4030,Phát triển ứng dụng Web,4,Nhóm 04,Công nghệ thông tin,1.9,47,7.3,73.8,8,79.5,79,5.9,9.1,0
SV20211096,MA2010,Xác suất thống kê ứng dụng,3,Nhóm 04,Công nghệ thông tin,1.9,47,4.5,80.0,5,78.7,66,3.3,4.3,1
SV20211097,IT4010,Học máy & Khai phá dữ liệu,3,Nhóm 01,Công nghệ thông tin,2.6,54,7.8,93.2,11,76.1,81,5.8,9.0,0
SV20211097,IT4020,Hệ quản trị CSDL nâng cao,3,Nhóm 01,Công nghệ thông tin,2.6,54,6.7,78.1,11,79.7,76,7.8,6.0,0
SV20211097,IT4030,Phát triển ứng dụng Web,4,Nhóm 01,Công nghệ thông tin,2.6,54,7.3,100.0,13,84.6,69,6.4,6.6,0
SV20211097,MA2010,Xác suất thống kê ứng dụng,3,Nhóm 01,Công nghệ thông tin,2.6,54,7.5,81.9,2,90.3,91,6.1,4.1,1
SV20211098,IT4010,Học máy & Khai phá dữ liệu,3,Nhóm 02,Kỹ thuật dữ liệu,3.2,75,9.7,71.1,12,88.3,84,8.0,6.7,0
SV20211098,IT4020,Hệ quản trị CSDL nâng cao,3,Nhóm 02,Kỹ thuật dữ liệu,3.2,75,6.8,84.3,11,73.1,84,4.7,6.9,0
SV20211098,IT4030,Phát triển ứng dụng Web,4,Nhóm 02,Kỹ thuật dữ liệu,3.2,75,9.4,86.8,21,81.6,76,6.3,7.2,0
SV20211098,MA2010,Xác suất thống kê ứng dụng,3,Nhóm 02,Kỹ thuật dữ liệu,3.2,75,8.0,93.4,10,86.3,73,5.7,5.4,0
SV20211099,IT4010,Học máy & Khai phá dữ liệu,3,Nhóm 03,Kinh tế số,2.8,110,7.0,65.7,17,73.1,83,8.5,6.3,0
SV20211099,IT4020,Hệ quản trị CSDL nâng cao,3,Nhóm 03,Kinh tế số,2.8,110,6.3,72.6,17,86.6,80,8.0,5.7,0
SV20211099,IT4030,Phát triển ứng dụng Web,4,Nhóm 03,Kinh tế số,2.8,110,8.4,100.0,17,92.3,83,11.5,7.8,0
SV20211099,MA2010,Xác suất thống kê ứng dụng,3,Nhóm 03,Kinh tế số,2.8,110,7.5,90.4,21,73.3,82,3.6,5.7,0
SV20211100,IT4010,Học máy & Khai phá dữ liệu,3,Nhóm 04,Công nghệ thông tin,2.8,89,8.1,82.2,12,93.8,70,5.8,8.5,0
SV20211100,IT4020,Hệ quản trị CSDL nâng cao,3,Nhóm 04,Công nghệ thông tin,2.8,89,6.2,68.5,7,69.3,70,6.8,6.8,0
SV20211100,IT4030,Phát triển ứng dụng Web,4,Nhóm 04,Công nghệ thông tin,2.8,89,6.2,65.9,10,87.1,74,7.1,6.8,0
SV20211100,MA2010,Xác suất thống kê ứng dụng,3,Nhóm 04,Công nghệ thông tin,2.8,89,6.5,79.4,11,79.2,68,9.3,7.0,0
SV20211101,IT4010,Học máy & Khai phá dữ liệu,3,Nhóm 01,Công nghệ thông tin,3.1,89,8.6,88.9,19,93.4,81,7.3,7.3,0
SV20211101,IT4020,Hệ quản trị CSDL nâng cao,3,Nhóm 01,Công nghệ thông tin,3.1,89,8.2,100.0,10,84.3,73,8.4,8.1,0
SV20211101,IT4030,Phát triển ứng dụng Web,4,Nhóm 01,Công nghệ thông tin,3.1,89,9.2,68.2,14,92.2,72,5.5,5.8,0
SV20211101,MA2010,Xác suất thống kê ứng dụng,3,Nhóm 01,Công nghệ thông tin,3.1,89,7.6,91.5,19,87.5,90,8.9,8.2,0
SV20211102,IT4010,Học máy & Khai phá dữ liệu,3,Nhóm 02,Công nghệ thông tin,2.8,76,7.4,87.2,8,76.8,64,6.7,4.1,1
SV20211102,IT4020,Hệ quản trị CSDL nâng cao,3,Nhóm 02,Công nghệ thông tin,2.8,76,6.9,100.0,14,69.9,92,9.9,7.1,0
SV20211102,IT4030,Phát triển ứng dụng Web,4,Nhóm 02,Công nghệ thông tin,2.8,76,9.1,84.6,19,70.2,74,8.2,8.2,0
SV20211102,MA2010,Xác suất thống kê ứng dụng,3,Nhóm 02,Công nghệ thông tin,2.8,76,7.4,73.9,16,84.0,65,6.2,6.3,0
SV20211103,IT4010,Học máy & Khai phá dữ liệu,3,Nhóm 03,Công nghệ thông tin,2.8,74,7.2,82.1,6,74.4,70,8.0,4.9,1
SV20211103,IT4020,Hệ quản trị CSDL nâng cao,3,Nhóm 03,Công nghệ thông tin,2.8,74,8.3,100.0,12,88.1,73,6.8,8.2,0
SV20211103,IT4030,Phát triển ứng dụng Web,4,Nhóm 03,Công nghệ thông tin,2.8,74,9.1,89.7,16,90.0,78,8.6,9.8,0
SV20211103,MA2010,Xác suất thống kê ứng dụng,3,Nhóm 03,Công nghệ thông tin,2.8,74,9.0,97.8,15,95.2,77,2.6,5.6,0
SV20211104,IT4010,Học máy & Khai phá dữ liệu,3,Nhóm 04,Công nghệ thông tin,3.1,91,7.9,85.7,5,65.4,84,9.3,5.7,0
SV20211104,IT4020,Hệ quản trị CSDL nâng cao,3,Nhóm 04,Công nghệ thông tin,3.1,91,7.9,73.7,7,64.4,77,6.0,7.9,0
SV20211104,IT4030,Phát triển ứng dụng Web,4,Nhóm 04,Công nghệ thông tin,3.1,91,8.8,99.5,7,80.3,92,6.7,10.0,0
SV20211104,MA2010,Xác suất thống kê ứng dụng,3,Nhóm 04,Công nghệ thông tin,3.1,91,7.6,92.1,11,95.3,68,7.0,5.2,0
SV20211105,IT4010,Học máy & Khai phá dữ liệu,3,Nhóm 01,Kinh tế số,2.3,58,6.1,78.4,3,61.9,55,3.8,5.4,0
SV20211105,IT4020,Hệ quản trị CSDL nâng cao,3,Nhóm 01,Kinh tế số,2.3,58,7.2,70.6,6,85.2,59,3.7,6.8,0
SV20211105,IT4030,Phát triển ứng dụng Web,4,Nhóm 01,Kinh tế số,2.3,58,5.4,78.9,5,77.2,54,4.4,5.0,0
SV20211105,MA2010,Xác suất thống kê ứng dụng,3,Nhóm 01,Kinh tế số,2.3,58,5.8,90.0,1,77.7,68,8.5,5.6,0
SV20211106,IT4010,Học máy & Khai phá dữ liệu,3,Nhóm 02,Công nghệ thông tin,3.0,101,8.0,91.1,10,89.7,83,9.9,5.4,0
SV20211106,IT4020,Hệ quản trị CSDL nâng cao,3,Nhóm 02,Công nghệ thông tin,3.0,101,8.4,99.1,20,96.1,84,8.2,6.7,0
SV20211106,IT4030,Phát triển ứng dụng Web,4,Nhóm 02,Công nghệ thông tin,3.0,101,8.8,99.6,15,100.0,88,11.4,10.0,0
SV20211106,MA2010,Xác suất thống kê ứng dụng,3,Nhóm 02,Công nghệ thông tin,3.0,101,9.0,95.8,12,90.4,92,5.7,5.5,0
SV20211107,IT4010,Học máy & Khai phá dữ liệu,3,Nhóm 03,Công nghệ thông tin,2.6,52,6.0,68.9,4,75.4,76,5.4,4.5,1
SV20211107,IT4020,Hệ quản trị CSDL nâng cao,3,Nhóm 03,Công nghệ thông tin,2.6,52,7.4,90.1,6,100.0,61,4.9,6.8,0
SV20211107,IT4030,Phát triển ứng dụng Web,4,Nhóm 03,Công nghệ thông tin,2.6,52,4.3,71.9,13,90.3,76,4.7,4.0,1
SV20211107,MA2010,Xác suất thống kê ứng dụng,3,Nhóm 03,Công nghệ thông tin,2.6,52,6.1,78.8,5,84.7,81,8.6,5.2,0
SV20211108,IT4010,Học máy & Khai phá dữ liệu,3,Nhóm 04,Kinh tế số,3.2,100,7.4,88.6,10,98.5,64,9.8,9.1,0
SV20211108,IT4020,Hệ quản trị CSDL nâng cao,3,Nhóm 04,Kinh tế số,3.2,100,8.4,87.4,9,85.2,86,9.1,9.8,0
SV20211108,IT4030,Phát triển ứng dụng Web,4,Nhóm 04,Kinh tế số,3.2,100,9.6,99.5,8,99.4,74,11.9,8.8,0
SV20211108,MA2010,Xác suất thống kê ứng dụng,3,Nhóm 04,Kinh tế số,3.2,100,8.7,98.0,20,86.3,92,7.6,7.3,0
SV20211109,IT4010,Học máy & Khai phá dữ liệu,3,Nhóm 01,Công nghệ thông tin,3.0,97,6.4,83.7,11,87.4,83,4.8,6.0,0
SV20211109,IT4020,Hệ quản trị CSDL nâng cao,3,Nhóm 01,Công nghệ thông tin,3.0,97,6.3,79.9,9,91.7,61,1.6,4.0,1
SV20211109,IT4030,Phát triển ứng dụng Web,4,Nhóm 01,Công nghệ thông tin,3.0,97,8.0,96.0,13,88.8,61,5.9,7.3,0
SV20211109,MA2010,Xác suất thống kê ứng dụng,3,Nhóm 01,Công nghệ thông tin,3.0,97,9.4,89.0,12,88.4,75,6.0,8.7,0
SV20211110,IT4010,Học máy & Khai phá dữ liệu,3,Nhóm 02,Kinh tế số,3.0,96,8.4,100.0,15,100.0,73,7.4,7.1,0
SV20211110,IT4020,Hệ quản trị CSDL nâng cao,3,Nhóm 02,Kinh tế số,3.0,96,8.1,95.6,15,81.0,80,6.8,4.9,1
SV20211110,IT4030,Phát triển ứng dụng Web,4,Nhóm 02,Kinh tế số,3.0,96,9.1,83.0,15,95.9,68,8.6,7.5,0
SV20211110,MA2010,Xác suất thống kê ứng dụng,3,Nhóm 02,Kinh tế số,3.0,96,7.9,85.1,8,100.0,90,7.0,7.7,0
SV20211111,IT4010,Học máy & Khai phá dữ liệu,3,Nhóm 03,Công nghệ thông tin,3.5,82,8.6,91.1,9,93.9,85,9.2,8.9,0
SV20211111,IT4020,Hệ quản trị CSDL nâng cao,3,Nhóm 03,Công nghệ thông tin,3.5,82,8.6,70.0,19,100.0,76,9.3,5.9,0
SV20211111,IT4030,Phát triển ứng dụng Web,4,Nhóm 03,Công nghệ thông tin,3.5,82,8.7,100.0,11,86.0,81,4.2,9.0,0
SV20211111,MA2010,Xác suất thống kê ứng dụng,3,Nhóm 03,Công nghệ thông tin,3.5,82,9.3,91.2,17,100.0,80,8.9,8.8,0
SV20211112,IT4010,Học máy & Khai phá dữ liệu,3,Nhóm 04,Công nghệ thông tin,2.5,73,8.0,74.1,13,59.4,81,5.5,7.5,0
SV20211112,IT4020,Hệ quản trị CSDL nâng cao,3,Nhóm 04,Công nghệ thông tin,2.5,73,5.6,94.0,11,70.3,77,4.4,5.9,0
SV20211112,IT4030,Phát triển ứng dụng Web,4,Nhóm 04,Công nghệ thông tin,2.5,73,8.3,81.2,10,93.9,88,7.4,7.0,0
SV20211112,MA2010,Xác suất thống kê ứng dụng,3,Nhóm 04,Công nghệ thông tin,2.5,73,7.9,83.7,6,90.8,72,8.7,7.4,0
SV20211113,IT4010,Học máy & Khai phá dữ liệu,3,Nhóm 01,Kinh tế số,3.2,84,7.7,96.6,8,64.1,80,6.8,8.3,0
SV20211113,IT4020,Hệ quản trị CSDL nâng cao,3,Nhóm 01,Kinh tế số,3.2,84,6.7,76.9,10,93.8,77,7.7,4.7,1
SV20211113,IT4030,Phát triển ứng dụng Web,4,Nhóm 01,Kinh tế số,3.2,84,8.0,81.2,16,98.9,79,9.5,6.0,0
SV20211113,MA2010,Xác suất thống kê ứng dụng,3,Nhóm 01,Kinh tế số,3.2,84,8.1,69.9,14,83.3,85,5.9,8.1,0
SV20211114,IT4010,Học máy & Khai phá dữ liệu,3,Nhóm 02,Công nghệ thông tin,3.6,104,9.7,100.0,22,100.0,83,12.0,7.9,0
SV20211114,IT4020,Hệ quản trị CSDL nâng cao,3,Nhóm 02,Công nghệ thông tin,3.6,104,8.6,87.0,12,76.7,80,8.3,8.0,0
SV20211114,IT4030,Phát triển ứng dụng Web,4,Nhóm 02,Công nghệ thông tin,3.6,104,10.0,83.1,11,100.0,96,9.2,7.8,0
SV20211114,MA2010,Xác suất thống kê ứng dụng,3,Nhóm 02,Công nghệ thông tin,3.6,104,10.0,91.3,16,83.3,90,8.2,10.0,0
SV20211115,IT4010,Học máy & Khai phá dữ liệu,3,Nhóm 03,Công nghệ thông tin,3.0,65,8.4,93.1,12,77.1,76,7.5,6.9,0
SV20211115,IT4020,Hệ quản trị CSDL nâng cao,3,Nhóm 03,Công nghệ thông tin,3.0,65,8.4,67.2,11,84.9,79,5.6,6.2,0
SV20211115,IT4030,Phát triển ứng dụng Web,4,Nhóm 03,Công nghệ thông tin,3.0,65,7.2,80.9,13,77.8,72,8.7,7.3,0
SV20211115,MA2010,Xác suất thống kê ứng dụng,3,Nhóm 03,Công nghệ thông tin,3.0,65,7.1,53.1,13,90.4,63,6.5,6.2,0
SV20211116,IT4010,Học máy & Khai phá dữ liệu,3,Nhóm 04,Kinh tế số,2.8,102,8.4,89.2,3,89.7,80,7.4,7.0,0
SV20211116,IT4020,Hệ quản trị CSDL nâng cao,3,Nhóm 04,Kinh tế số,2.8,102,6.3,87.9,13,100.0,71,3.9,3.9,1
SV20211116,IT4030,Phát triển ứng dụng Web,4,Nhóm 04,Kinh tế số,2.8,102,8.1,77.5,7,82.0,83,8.0,7.9,0
SV20211116,MA2010,Xác suất thống kê ứng dụng,3,Nhóm 04,Kinh tế số,2.8,102,8.6,78.6,14,87.9,82,5.3,8.1,0
SV20211117,IT4010,Học máy & Khai phá dữ liệu,3,Nhóm 01,Kỹ thuật dữ liệu,2.6,69,6.2,82.2,7,87.7,69,4.2,6.9,0
SV20211117,IT4020,Hệ quản trị CSDL nâng cao,3,Nhóm 01,Kỹ thuật dữ liệu,2.6,69,6.8,94.7,4,83.2,74,4.8,3.6,1
SV20211117,IT4030,Phát triển ứng dụng Web,4,Nhóm 01,Kỹ thuật dữ liệu,2.6,69,9.7,85.9,10,89.8,85,6.7,8.3,0
SV20211117,MA2010,Xác suất thống kê ứng dụng,3,Nhóm 01,Kỹ thuật dữ liệu,2.6,69,7.4,73.9,12,81.0,80,4.6,6.2,0
SV20211118,IT4010,Học máy & Khai phá dữ liệu,3,Nhóm 02,Công nghệ thông tin,3.5,120,7.9,92.7,12,100.0,83,9.6,9.1,0
SV20211118,IT4020,Hệ quản trị CSDL nâng cao,3,Nhóm 02,Công nghệ thông tin,3.5,120,8.7,91.4,11,100.0,69,9.0,7.3,0
SV20211118,IT4030,Phát triển ứng dụng Web,4,Nhóm 02,Công nghệ thông tin,3.5,120,9.2,93.9,13,84.9,78,7.6,8.6,0
SV20211118,MA2010,Xác suất thống kê ứng dụng,3,Nhóm 02,Công nghệ thông tin,3.5,120,7.6,82.8,13,95.4,89,10.8,7.6,0
SV20211119,IT4010,Học máy & Khai phá dữ liệu,3,Nhóm 03,Kinh tế số,3.5,84,8.4,99.9,19,87.7,90,9.0,6.8,0
SV20211119,IT4020,Hệ quản trị CSDL nâng cao,3,Nhóm 03,Kinh tế số,3.5,84,7.6,98.8,12,75.7,83,7.0,7.3,0
SV20211119,IT4030,Phát triển ứng dụng Web,4,Nhóm 03,Kinh tế số,3.5,84,8.5,89.9,17,85.5,76,9.5,8.0,0
SV20211119,MA2010,Xác suất thống kê ứng dụng,3,Nhóm 03,Kinh tế số,3.5,84,9.5,91.4,14,93.8,85,10.3,8.7,0
SV20211120,IT4010,Học máy & Khai phá dữ liệu,3,Nhóm 04,Công nghệ thông tin,2.4,65,6.7,87.7,9,75.5,70,6.8,7.7,0
SV20211120,IT4020,Hệ quản trị CSDL nâng cao,3,Nhóm 04,Công nghệ thông tin,2.4,65,5.9,75.1,11,64.1,70,5.0,5.4,0
SV20211120,IT4030,Phát triển ứng dụng Web,4,Nhóm 04,Công nghệ thông tin,2.4,65,7.1,66.4,9,88.4,90,9.2,6.8,0
SV20211120,MA2010,Xác suất thống kê ứng dụng,3,Nhóm 04,Công nghệ thông tin,2.4,65,6.8,78.0,12,94.9,83,6.9,4.4,1
SV20211121,IT4010,Học máy & Khai phá dữ liệu,3,Nhóm 01,Kỹ thuật dữ liệu,2.7,83,8.8,92.9,11,84.6,62,5.6,7.0,0
SV20211121,IT4020,Hệ quản trị CSDL nâng cao,3,Nhóm 01,Kỹ thuật dữ liệu,2.7,83,6.0,66.4,15,85.5,73,7.5,6.2,0
SV20211121,IT4030,Phát triển ứng dụng Web,4,Nhóm 01,Kỹ thuật dữ liệu,2.7,83,7.4,93.7,9,67.9,76,6.0,6.7,0
SV20211121,MA2010,Xác suất thống kê ứng dụng,3,Nhóm 01,Kỹ thuật dữ liệu,2.7,83,6.9,77.9,13,90.7,77,8.4,7.2,0
SV20211122,IT4010,Học máy & Khai phá dữ liệu,3,Nhóm 02,Công nghệ thông tin,2.1,57,7.1,93.7,8,81.1,63,4.1,8.6,0
SV20211122,IT4020,Hệ quản trị CSDL nâng cao,3,Nhóm 02,Công nghệ thông tin,2.1,57,7.2,74.7,11,91.6,67,3.1,3.7,1
SV20211122,IT4030,Phát triển ứng dụng Web,4,Nhóm 02,Công nghệ thông tin,2.1,57,5.8,72.0,8,68.3,67,5.5,5.5,0
SV20211122,MA2010,Xác suất thống kê ứng dụng,3,Nhóm 02,Công nghệ thông tin,2.1,57,6.6,83.3,7,86.8,60,3.9,7.4,0
SV20211123,IT4010,Học máy & Khai phá dữ liệu,3,Nhóm 03,Kinh tế số,2.2,65,7.1,91.0,5,87.9,82,7.8,6.4,0
SV20211123,IT4020,Hệ quản trị CSDL nâng cao,3,Nhóm 03,Kinh tế số,2.2,65,7.2,92.2,5,73.3,73,6.5,6.1,0
SV20211123,IT4030,Phát triển ứng dụng Web,4,Nhóm 03,Kinh tế số,2.2,65,8.9,100.0,13,99.6,69,3.7,4.6,1
SV20211123,MA2010,Xác suất thống kê ứng dụng,3,Nhóm 03,Kinh tế số,2.2,65,6.3,81.4,6,80.3,75,6.8,6.5,0
SV20211124,IT4010,Học máy & Khai phá dữ liệu,3,Nhóm 04,Công nghệ thông tin,2.3,79,7.5,92.1,9,100.0,72,4.8,5.2,0
SV20211124,IT4020,Hệ quản trị CSDL nâng cao,3,Nhóm 04,Công nghệ thông tin,2.3,79,6.5,85.2,2,97.2,86,7.6,8.0,0
SV20211124,IT4030,Phát triển ứng dụng Web,4,Nhóm 04,Công nghệ thông tin,2.3,79,8.0,80.5,14,78.2,62,7.2,5.6,0
SV20211124,MA2010,Xác suất thống kê ứng dụng,3,Nhóm 04,Công nghệ thông tin,2.3,79,7.2,82.4,12,91.0,68,7.6,6.9,0
SV20211125,IT4010,Học máy & Khai phá dữ liệu,3,Nhóm 01,Công nghệ thông tin,3.5,81,8.6,91.0,14,100.0,70,9.3,7.8,0
SV20211125,IT4020,Hệ quản trị CSDL nâng cao,3,Nhóm 01,Công nghệ thông tin,3.5,81,8.0,86.9,13,88.6,90,8.9,8.4,0
SV20211125,IT4030,Phát triển ứng dụng Web,4,Nhóm 01,Công nghệ thông tin,3.5,81,9.6,88.6,16,98.5,74,9.1,7.1,0
SV20211125,MA2010,Xác suất thống kê ứng dụng,3,Nhóm 01,Công nghệ thông tin,3.5,81,7.6,80.7,13,100.0,85,7.2,7.1,0
SV20211126,IT4010,Học máy & Khai phá dữ liệu,3,Nhóm 02,Công nghệ thông tin,2.3,64,6.6,88.3,12,86.1,62,5.0,4.5,1
SV20211126,IT4020,Hệ quản trị CSDL nâng cao,3,Nhóm 02,Công nghệ thông tin,2.3,64,6.9,83.6,8,66.4,59,6.6,4.9,1
SV20211126,IT4030,Phát triển ứng dụng Web,4,Nhóm 02,Công nghệ thông tin,2.3,64,8.6,76.5,16,92.4,74,6.2,9.2,0
SV20211126,MA2010,Xác suất thống kê ứng dụng,3,Nhóm 02,Công nghệ thông tin,2.3,64,6.8,76.6,8,67.2,65,7.1,7.3,0
SV20211127,IT4010,Học máy & Khai phá dữ liệu,3,Nhóm 03,Kinh tế số,2.5,57,7.6,96.6,13,70.0,68,6.1,5.4,0
SV20211127,IT4020,Hệ quản trị CSDL nâng cao,3,Nhóm 03,Kinh tế số,2.5,57,8.0,91.3,14,72.9,65,3.9,6.0,0
SV20211127,IT4030,Phát triển ứng dụng Web,4,Nhóm 03,Kinh tế số,2.5,57,7.9,83.2,11,70.4,51,6.4,8.1,0
SV20211127,MA2010,Xác suất thống kê ứng dụng,3,Nhóm 03,Kinh tế số,2.5,57,6.8,85.1,13,75.2,71,2.3,4.8,1
SV20211128,IT4010,Học máy & Khai phá dữ liệu,3,Nhóm 04,Công nghệ thông tin,2.8,98,9.0,75.3,5,100.0,78,7.8,5.8,0
SV20211128,IT4020,Hệ quản trị CSDL nâng cao,3,Nhóm 04,Công nghệ thông tin,2.8,98,9.2,95.7,13,77.0,55,6.2,6.0,0
SV20211128,IT4030,Phát triển ứng dụng Web,4,Nhóm 04,Công nghệ thông tin,2.8,98,9.7,82.7,18,100.0,83,7.0,6.3,0
SV20211128,MA2010,Xác suất thống kê ứng dụng,3,Nhóm 04,Công nghệ thông tin,2.8,98,7.2,84.7,11,77.6,70,4.0,6.7,0
SV20211129,IT4010,Học máy & Khai phá dữ liệu,3,Nhóm 01,Công nghệ thông tin,3.1,108,9.9,75.5,17,97.8,89,10.4,8.8,0
SV20211129,IT4020,Hệ quản trị CSDL nâng cao,3,Nhóm 01,Công nghệ thông tin,3.1,108,10.0,91.7,19,96.0,84,9.2,9.8,0
SV20211129,IT4030,Phát triển ứng dụng Web,4,Nhóm 01,Công nghệ thông tin,3.1,108,10.0,95.9,12,91.9,77,7.1,10.0,0
SV20211129,MA2010,Xác suất thống kê ứng dụng,3,Nhóm 01,Công nghệ thông tin,3.1,108,7.9,94.0,12,100.0,73,10.3,7.6,0
SV20211130,IT4010,Học máy & Khai phá dữ liệu,3,Nhóm 02,Kỹ thuật dữ liệu,2.4,38,7.1,86.1,16,68.1,74,3.8,6.6,0
SV20211130,IT4020,Hệ quản trị CSDL nâng cao,3,Nhóm 02,Kỹ thuật dữ liệu,2.4,38,6.2,58.1,2,82.6,77,1.9,3.3,1
SV20211130,IT4030,Phát triển ứng dụng Web,4,Nhóm 02,Kỹ thuật dữ liệu,2.4,38,7.7,62.5,7,90.1,70,2.5,7.0,0
SV20211130,MA2010,Xác suất thống kê ứng dụng,3,Nhóm 02,Kỹ thuật dữ liệu,2.4,38,7.1,81.4,8,69.8,63,1.9,4.2,1
SV20211131,IT4010,Học máy & Khai phá dữ liệu,3,Nhóm 03,Công nghệ thông tin,2.4,97,7.0,78.9,9,74.8,79,6.9,5.2,0
SV20211131,IT4020,Hệ quản trị CSDL nâng cao,3,Nhóm 03,Công nghệ thông tin,2.4,97,6.6,64.5,14,86.0,82,7.8,5.6,0
SV20211131,IT4030,Phát triển ứng dụng Web,4,Nhóm 03,Công nghệ thông tin,2.4,97,7.5,72.5,5,74.2,76,8.9,7.0,0
SV20211131,MA2010,Xác suất thống kê ứng dụng,3,Nhóm 03,Công nghệ thông tin,2.4,97,7.1,81.1,4,61.1,75,7.1,6.3,0
SV20211132,IT4010,Học máy & Khai phá dữ liệu,3,Nhóm 04,Kinh tế số,2.9,78,8.4,100.0,11,84.5,74,7.3,7.3,0
SV20211132,IT4020,Hệ quản trị CSDL nâng cao,3,Nhóm 04,Kinh tế số,2.9,78,7.4,71.8,5,100.0,74,6.0,6.7,0
SV20211132,IT4030,Phát triển ứng dụng Web,4,Nhóm 04,Kinh tế số,2.9,78,8.9,82.5,11,68.2,80,10.6,10.0,0
SV20211132,MA2010,Xác suất thống kê ứng dụng,3,Nhóm 04,Kinh tế số,2.9,78,8.1,94.8,18,83.5,88,5.6,6.0,0
SV20211133,IT4010,Học máy & Khai phá dữ liệu,3,Nhóm 01,Kinh tế số,3.0,98,6.4,72.9,12,92.9,78,8.9,5.4,0
SV20211133,IT4020,Hệ quản trị CSDL nâng cao,3,Nhóm 01,Kinh tế số,3.0,98,7.9,89.8,9,92.5,65,6.8,7.4,0
SV20211133,IT4030,Phát triển ứng dụng Web,4,Nhóm 01,Kinh tế số,3.0,98,6.7,79.0,11,68.3,76,6.0,8.9,0
SV20211133,MA2010,Xác suất thống kê ứng dụng,3,Nhóm 01,Kinh tế số,3.0,98,6.1,82.8,11,93.2,81,5.5,5.8,0
SV20211134,IT4010,Học máy & Khai phá dữ liệu,3,Nhóm 02,Công nghệ thông tin,2.5,45,6.1,72.1,1,72.9,72,4.9,4.8,1
SV20211134,IT4020,Hệ quản trị CSDL nâng cao,3,Nhóm 02,Công nghệ thông tin,2.5,45,6.1,92.9,1,59.3,70,4.0,5.6,0
SV20211134,IT4030,Phát triển ứng dụng Web,4,Nhóm 02,Công nghệ thông tin,2.5,45,7.1,70.6,14,88.1,68,2.3,6.2,0
SV20211134,MA2010,Xác suất thống kê ứng dụng,3,Nhóm 02,Công nghệ thông tin,2.5,45,5.7,87.1,10,74.4,60,4.2,3.4,1
SV20211135,IT4010,Học máy & Khai phá dữ liệu,3,Nhóm 03,Công nghệ thông tin,2.8,76,7.6,73.1,6,85.1,75,4.2,6.1,0
SV20211135,IT4020,Hệ quản trị CSDL nâng cao,3,Nhóm 03,Công nghệ thông tin,2.8,76,6.7,79.9,8,100.0,69,9.8,5.9,0
SV20211135,IT4030,Phát triển ứng dụng Web,4,Nhóm 03,Công nghệ thông tin,2.8,76,8.0,75.0,6,67.3,74,5.7,6.9,0
SV20211135,MA2010,Xác suất thống kê ứng dụng,3,Nhóm 03,Công nghệ thông tin,2.8,76,7.6,91.8,9,90.5,76,8.1,4.4,1
SV20211136,IT4010,Học máy & Khai phá dữ liệu,3,Nhóm 04,Công nghệ thông tin,2.9,63,7.7,83.4,10,91.9,71,5.8,6.6,0
SV20211136,IT4020,Hệ quản trị CSDL nâng cao,3,Nhóm 04,Công nghệ thông tin,2.9,63,7.5,76.9,14,95.7,82,3.2,6.5,0
SV20211136,IT4030,Phát triển ứng dụng Web,4,Nhóm 04,Công nghệ thông tin,2.9,63,7.9,82.0,12,85.0,72,9.2,7.0,0
SV20211136,MA2010,Xác suất thống kê ứng dụng,3,Nhóm 04,Công nghệ thông tin,2.9,63,6.7,83.2,7,100.0,83,8.9,6.8,0
SV20211137,IT4010,Học máy & Khai phá dữ liệu,3,Nhóm 01,Công nghệ thông tin,3.1,90,8.4,86.0,10,73.1,66,6.4,6.4,0
SV20211137,IT4020,Hệ quản trị CSDL nâng cao,3,Nhóm 01,Công nghệ thông tin,3.1,90,7.4,85.3,12,85.2,67,9.2,7.4,0
SV20211137,IT4030,Phát triển ứng dụng Web,4,Nhóm 01,Công nghệ thông tin,3.1,90,8.4,84.4,13,84.5,90,8.3,8.2,0
SV20211137,MA2010,Xác suất thống kê ứng dụng,3,Nhóm 01,Công nghệ thông tin,3.1,90,8.8,86.4,4,100.0,80,7.2,8.1,0
SV20211138,IT4010,Học máy & Khai phá dữ liệu,3,Nhóm 02,Kinh tế số,2.3,67,8.3,83.8,7,80.0,86,8.2,9.0,0
SV20211138,IT4020,Hệ quản trị CSDL nâng cao,3,Nhóm 02,Kinh tế số,2.3,67,6.8,76.8,8,95.2,69,3.5,5.4,0
SV20211138,IT4030,Phát triển ứng dụng Web,4,Nhóm 02,Kinh tế số,2.3,67,6.4,63.5,10,74.9,80,5.0,4.1,1
SV20211138,MA2010,Xác suất thống kê ứng dụng,3,Nhóm 02,Kinh tế số,2.3,67,6.2,84.7,3,86.0,65,5.6,6.2,0
SV20211139,IT4010,Học máy & Khai phá dữ liệu,3,Nhóm 03,Kinh tế số,2.7,116,8.9,97.9,8,83.9,77,7.9,5.9,0
SV20211139,IT4020,Hệ quản trị CSDL nâng cao,3,Nhóm 03,Kinh tế số,2.7,116,8.6,96.6,9,97.7,89,7.4,7.6,0
SV20211139,IT4030,Phát triển ứng dụng Web,4,Nhóm 03,Kinh tế số,2.7,116,9.0,96.0,11,88.6,100,6.3,9.9,0
SV20211139,MA2010,Xác suất thống kê ứng dụng,3,Nhóm 03,Kinh tế số,2.7,116,8.1,100.0,11,87.4,81,5.0,6.9,0
SV20211140,IT4010,Học máy & Khai phá dữ liệu,3,Nhóm 04,Công nghệ thông tin,2.7,81,5.9,84.1,12,85.3,69,3.9,4.6,1
SV20211140,IT4020,Hệ quản trị CSDL nâng cao,3,Nhóm 04,Công nghệ thông tin,2.7,81,6.7,74.8,11,72.1,78,7.2,5.5,0
SV20211140,IT4030,Phát triển ứng dụng Web,4,Nhóm 04,Công nghệ thông tin,2.7,81,8.6,85.6,12,95.6,77,9.1,6.6,0
SV20211140,MA2010,Xác suất thống kê ứng dụng,3,Nhóm 04,Công nghệ thông tin,2.7,81,7.8,76.7,16,100.0,80,5.4,6.8,0
SV20211141,IT4010,Học máy & Khai phá dữ liệu,3,Nhóm 01,Công nghệ thông tin,2.8,90,5.8,82.3,2,81.2,70,7.1,5.5,0
SV20211141,IT4020,Hệ quản trị CSDL nâng cao,3,Nhóm 01,Công nghệ thông tin,2.8,90,6.4,85.1,18,76.0,72,7.0,5.6,0
SV20211141,IT4030,Phát triển ứng dụng Web,4,Nhóm 01,Công nghệ thông tin,2.8,90,7.5,79.5,10,91.5,78,6.5,7.5,0
SV20211141,MA2010,Xác suất thống kê ứng dụng,3,Nhóm 01,Công nghệ thông tin,2.8,90,5.8,73.8,13,60.1,71,5.6,6.4,0
SV20211142,IT4010,Học máy & Khai phá dữ liệu,3,Nhóm 02,Công nghệ thông tin,2.7,62,5.9,73.0,16,72.1,80,7.7,7.5,0
SV20211142,IT4020,Hệ quản trị CSDL nâng cao,3,Nhóm 02,Công nghệ thông tin,2.7,62,7.3,77.4,19,73.6,70,7.2,3.9,1
SV20211142,IT4030,Phát triển ứng dụng Web,4,Nhóm 02,Công nghệ thông tin,2.7,62,8.8,85.3,10,87.7,81,6.3,7.7,0
SV20211142,MA2010,Xác suất thống kê ứng dụng,3,Nhóm 02,Công nghệ thông tin,2.7,62,7.3,96.2,18,79.1,79,6.1,6.9,0
SV20211143,IT4010,Học máy & Khai phá dữ liệu,3,Nhóm 03,Kinh tế số,2.7,88,7.8,83.3,11,83.3,73,7.9,7.4,0
SV20211143,IT4020,Hệ quản trị CSDL nâng cao,3,Nhóm 03,Kinh tế số,2.7,88,6.7,79.9,10,75.9,76,7.5,5.9,0
SV20211143,IT4030,Phát triển ứng dụng Web,4,Nhóm 03,Kinh tế số,2.7,88,8.7,95.9,6,99.3,81,8.4,9.2,0
SV20211143,MA2010,Xác suất thống kê ứng dụng,3,Nhóm 03,Kinh tế số,2.7,88,7.3,75.1,7,85.5,75,4.8,7.2,0
SV20211144,IT4010,Học máy & Khai phá dữ liệu,3,Nhóm 04,Công nghệ thông tin,3.3,86,8.4,85.0,21,93.2,77,4.4,6.8,0
SV20211144,IT4020,Hệ quản trị CSDL nâng cao,3,Nhóm 04,Công nghệ thông tin,3.3,86,8.9,79.8,22,76.4,79,5.0,7.5,0
SV20211144,IT4030,Phát triển ứng dụng Web,4,Nhóm 04,Công nghệ thông tin,3.3,86,9.0,97.0,20,83.1,89,10.4,9.0,0
SV20211144,MA2010,Xác suất thống kê ứng dụng,3,Nhóm 04,Công nghệ thông tin,3.3,86,7.5,79.1,16,100.0,68,9.2,5.0,0
SV20211145,IT4010,Học máy & Khai phá dữ liệu,3,Nhóm 01,Kinh tế số,2.9,87,8.5,85.0,12,89.9,74,9.6,8.3,0
SV20211145,IT4020,Hệ quản trị CSDL nâng cao,3,Nhóm 01,Kinh tế số,2.9,87,6.4,89.9,15,72.5,78,7.8,6.9,0
SV20211145,IT4030,Phát triển ứng dụng Web,4,Nhóm 01,Kinh tế số,2.9,87,7.8,84.4,15,96.5,66,6.3,9.2,0
SV20211145,MA2010,Xác suất thống kê ứng dụng,3,Nhóm 01,Kinh tế số,2.9,87,8.2,88.6,5,78.9,79,5.8,6.1,0
SV20211146,IT4010,Học máy & Khai phá dữ liệu,3,Nhóm 02,Công nghệ thông tin,2.7,60,5.6,70.8,4,90.2,72,5.7,4.6,1
SV20211146,IT4020,Hệ quản trị CSDL nâng cao,3,Nhóm 02,Công nghệ thông tin,2.7,60,5.0,84.2,3,72.6,50,3.2,4.5,1
SV20211146,IT4030,Phát triển ứng dụng Web,4,Nhóm 02,Công nghệ thông tin,2.7,60,7.1,74.5,10,84.9,68,6.0,7.8,0
SV20211146,MA2010,Xác suất thống kê ứng dụng,3,Nhóm 02,Công nghệ thông tin,2.7,60,6.7,63.5,1,62.2,67,5.6,5.7,0
SV20211147,IT4010,Học máy & Khai phá dữ liệu,3,Nhóm 03,Kinh tế số,1.9,44,5.6,79.9,8,66.5,66,6.5,5.3,0
SV20211147,IT4020,Hệ quản trị CSDL nâng cao,3,Nhóm 03,Kinh tế số,1.9,44,4.6,62.7,1,84.8,73,3.4,3.0,1
SV20211147,IT4030,Phát triển ứng dụng Web,4,Nhóm 03,Kinh tế số,1.9,44,5.0,73.6,3,60.5,65,1.1,6.2,0
SV20211147,MA2010,Xác suất thống kê ứng dụng,3,Nhóm 03,Kinh tế số,1.9,44,6.7,78.5,3,70.9,74,3.0,6.0,0
SV20211148,IT4010,Học máy & Khai phá dữ liệu,3,Nhóm 04,Công nghệ thông tin,3.2,91,8.5,81.6,14,85.5,76,6.7,6.9,0
SV20211148,IT4020,Hệ quản trị CSDL nâng cao,3,Nhóm 04,Công nghệ thông tin,3.2,91,7.6,95.0,15,97.0,78,7.2,7.6,0
SV20211148,IT4030,Phát triển ứng dụng Web,4,Nhóm 04,Công nghệ thông tin,3.2,91,8.9,97.6,10,100.0,88,6.5,8.6,0
SV20211148,MA2010,Xác suất thống kê ứng dụng,3,Nhóm 04,Công nghệ thông tin,3.2,91,8.0,77.9,8,91.2,89,12.6,6.3,0
SV20211149,IT4010,Học máy & Khai phá dữ liệu,3,Nhóm 01,Kinh tế số,3.1,95,9.6,92.6,12,92.9,82,6.9,7.4,0
SV20211149,IT4020,Hệ quản trị CSDL nâng cao,3,Nhóm 01,Kinh tế số,3.1,95,8.5,73.8,22,100.0,87,9.1,9.0,0
SV20211149,IT4030,Phát triển ứng dụng Web,4,Nhóm 01,Kinh tế số,3.1,95,9.1,82.8,10,74.5,80,7.2,7.8,0
SV20211149,MA2010,Xác suất thống kê ứng dụng,3,Nhóm 01,Kinh tế số,3.1,95,8.9,98.3,16,92.7,73,7.0,6.2,0
SV20211150,IT4010,Học máy & Khai phá dữ liệu,3,Nhóm 02,Công nghệ thông tin,2.2,75,8.1,84.8,3,85.2,80,6.3,8.0,0
SV20211150,IT4020,Hệ quản trị CSDL nâng cao,3,Nhóm 02,Công nghệ thông tin,2.2,75,4.8,88.7,12,83.0,71,9.5,6.4,0
SV20211150,IT4030,Phát triển ứng dụng Web,4,Nhóm 02,Công nghệ thông tin,2.2,75,6.7,88.5,15,85.8,82,7.9,6.3,0
SV20211150,MA2010,Xác suất thống kê ứng dụng,3,Nhóm 02,Công nghệ thông tin,2.2,75,5.7,81.0,4,74.8,63,4.1,4.8,1
SV20211151,IT4010,Học máy & Khai phá dữ liệu,3,Nhóm 03,Công nghệ thông tin,2.7,100,7.8,76.7,7,100.0,62,8.4,7.2,0
SV20211151,IT4020,Hệ quản trị CSDL nâng cao,3,Nhóm 03,Công nghệ thông tin,2.7,100,7.9,84.2,11,81.7,85,7.4,6.3,0
SV20211151,IT4030,Phát triển ứng dụng Web,4,Nhóm 03,Công nghệ thông tin,2.7,100,9.3,100.0,13,81.4,86,8.3,8.0,0
SV20211151,MA2010,Xác suất thống kê ứng dụng,3,Nhóm 03,Công nghệ thông tin,2.7,100,6.2,68.5,1,73.9,88,5.2,5.2,0
SV20211152,IT4010,Học máy & Khai phá dữ liệu,3,Nhóm 04,Kỹ thuật dữ liệu,2.3,78,6.1,83.4,1,57.4,84,6.0,5.3,0
SV20211152,IT4020,Hệ quản trị CSDL nâng cao,3,Nhóm 04,Kỹ thuật dữ liệu,2.3,78,5.6,75.8,5,77.6,55,4.7,6.2,0
SV20211152,IT4030,Phát triển ứng dụng Web,4,Nhóm 04,Kỹ thuật dữ liệu,2.3,78,7.8,79.0,21,80.8,53,7.0,7.3,0
SV20211152,MA2010,Xác suất thống kê ứng dụng,3,Nhóm 04,Kỹ thuật dữ liệu,2.3,78,6.9,80.0,12,87.4,68,5.2,6.6,0
SV20211153,IT4010,Học máy & Khai phá dữ liệu,3,Nhóm 01,Công nghệ thông tin,3.7,125,9.2,100.0,13,100.0,98,6.8,7.8,0
SV20211153,IT4020,Hệ quản trị CSDL nâng cao,3,Nhóm 01,Công nghệ thông tin,3.7,125,8.7,100.0,16,100.0,100,13.2,9.0,0
SV20211153,IT4030,Phát triển ứng dụng Web,4,Nhóm 01,Công nghệ thông tin,3.7,125,9.5,96.2,23,100.0,97,8.4,9.9,0
SV20211153,MA2010,Xác suất thống kê ứng dụng,3,Nhóm 01,Công nghệ thông tin,3.7,125,9.3,96.1,13,100.0,76,9.6,7.8,0
SV20211154,IT4010,Học máy & Khai phá dữ liệu,3,Nhóm 02,Công nghệ thông tin,2.8,108,7.2,75.3,17,94.9,74,7.2,6.7,0
SV20211154,IT4020,Hệ quản trị CSDL nâng cao,3,Nhóm 02,Công nghệ thông tin,2.8,108,7.4,84.6,13,90.5,85,4.6,6.7,0
SV20211154,IT4030,Phát triển ứng dụng Web,4,Nhóm 02,Công nghệ thông tin,2.8,108,9.0,79.0,16,82.8,79,9.9,8.9,0
SV20211154,MA2010,Xác suất thống kê ứng dụng,3,Nhóm 02,Công nghệ thông tin,2.8,108,7.2,84.2,18,83.6,70,6.0,7.4,0
SV20211155,IT4010,Học máy & Khai phá dữ liệu,3,Nhóm 03,Công nghệ thông tin,2.7,86,7.0,81.8,12,69.0,59,6.0,6.5,0
SV20211155,IT4020,Hệ quản trị CSDL nâng cao,3,Nhóm 03,Công nghệ thông tin,2.7,86,7.9,100.0,16,82.8,58,5.1,6.9,0
SV20211155,IT4030,Phát triển ứng dụng Web,4,Nhóm 03,Công nghệ thông tin,2.7,86,9.4,88.5,10,81.2,81,6.6,7.6,0
SV20211155,MA2010,Xác suất thống kê ứng dụng,3,Nhóm 03,Công nghệ thông tin,2.7,86,7.2,90.8,16,77.2,75,8.1,5.7,0
SV20211156,IT4010,Học máy & Khai phá dữ liệu,3,Nhóm 04,Công nghệ thông tin,2.5,64,7.8,72.0,5,82.7,57,6.5,6.0,0
SV20211156,IT4020,Hệ quản trị CSDL nâng cao,3,Nhóm 04,Công nghệ thông tin,2.5,64,8.0,91.5,8,95.1,83,5.9,8.0,0
SV20211156,IT4030,Phát triển ứng dụng Web,4,Nhóm 04,Công nghệ thông tin,2.5,64,5.6,74.1,9,75.8,70,4.4,6.7,0
SV20211156,MA2010,Xác suất thống kê ứng dụng,3,Nhóm 04,Công nghệ thông tin,2.5,64,8.7,72.2,9,66.5,58,7.6,6.0,0
SV20211157,IT4010,Học máy & Khai phá dữ liệu,3,Nhóm 01,Kinh tế số,3.2,108,7.8,90.3,9,93.1,76,9.0,8.6,0
SV20211157,IT4020,Hệ quản trị CSDL nâng cao,3,Nhóm 01,Kinh tế số,3.2,108,9.4,98.7,12,92.2,80,8.8,7.6,0
SV20211157,IT4030,Phát triển ứng dụng Web,4,Nhóm 01,Kinh tế số,3.2,108,8.7,94.2,12,88.2,80,7.2,7.9,0
SV20211157,MA2010,Xác suất thống kê ứng dụng,3,Nhóm 01,Kinh tế số,3.2,108,8.0,93.1,9,89.5,68,7.8,6.2,0
SV20211158,IT4010,Học máy & Khai phá dữ liệu,3,Nhóm 02,Kinh tế số,3.9,108,9.7,95.8,15,99.9,98,11.9,10.0,0
SV20211158,IT4020,Hệ quản trị CSDL nâng cao,3,Nhóm 02,Kinh tế số,3.9,108,10.0,93.4,23,93.8,92,9.7,9.8,0
SV20211158,IT4030,Phát triển ứng dụng Web,4,Nhóm 02,Kinh tế số,3.9,108,10.0,97.4,12,100.0,93,9.3,7.1,0
SV20211158,MA2010,Xác suất thống kê ứng dụng,3,Nhóm 02,Kinh tế số,3.9,108,10.0,99.6,17,97.8,79,7.5,5.8,0
SV20211159,IT4010,Học máy & Khai phá dữ liệu,3,Nhóm 03,Kinh tế số,2.8,72,8.2,80.1,8,94.7,72,6.7,7.2,0
SV20211159,IT4020,Hệ quản trị CSDL nâng cao,3,Nhóm 03,Kinh tế số,2.8,72,7.7,90.9,13,93.7,57,8.0,6.9,0
SV20211159,IT4030,Phát triển ứng dụng Web,4,Nhóm 03,Kinh tế số,2.8,72,6.6,81.9,9,80.4,74,7.0,6.8,0
SV20211159,MA2010,Xác suất thống kê ứng dụng,3,Nhóm 03,Kinh tế số,2.8,72,8.0,90.4,18,77.3,89,9.3,6.7,0
SV20211160,IT4010,Học máy & Khai phá dữ liệu,3,Nhóm 04,Công nghệ thông tin,2.6,93,7.6,84.5,7,79.8,90,6.6,6.0,0
SV20211160,IT4020,Hệ quản trị CSDL nâng cao,3,Nhóm 04,Công nghệ thông tin,2.6,93,6.0,66.2,14,78.0,65,6.9,4.9,1
SV20211160,IT4030,Phát triển ứng dụng Web,4,Nhóm 04,Công nghệ thông tin,2.6,93,6.7,75.6,7,72.7,78,7.6,6.6,0
SV20211160,MA2010,Xác suất thống kê ứng dụng,3,Nhóm 04,Công nghệ thông tin,2.6,93,6.0,61.4,8,79.8,72,5.7,6.1,0
SV20211161,IT4010,Học máy & Khai phá dữ liệu,3,Nhóm 01,Công nghệ thông tin,1.8,54,5.2,57.2,5,58.0,50,3.2,5.0,0
SV20211161,IT4020,Hệ quản trị CSDL nâng cao,3,Nhóm 01,Công nghệ thông tin,1.8,54,5.3,72.2,12,69.8,53,2.7,6.9,0
SV20211161,IT4030,Phát triển ứng dụng Web,4,Nhóm 01,Công nghệ thông tin,1.8,54,4.7,59.5,3,65.9,59,1.6,3.7,1
SV20211161,MA2010,Xác suất thống kê ứng dụng,3,Nhóm 01,Công nghệ thông tin,1.8,54,5.9,65.6,1,77.2,53,0.7,3.8,1
SV20211162,IT4010,Học máy & Khai phá dữ liệu,3,Nhóm 02,Kỹ thuật dữ liệu,2.9,110,7.3,89.3,15,89.1,87,9.6,6.4,0
SV20211162,IT4020,Hệ quản trị CSDL nâng cao,3,Nhóm 02,Kỹ thuật dữ liệu,2.9,110,8.5,85.7,11,90.4,72,8.6,9.2,0
SV20211162,IT4030,Phát triển ứng dụng Web,4,Nhóm 02,Kỹ thuật dữ liệu,2.9,110,8.5,95.7,17,87.8,65,7.7,8.4,0
SV20211162,MA2010,Xác suất thống kê ứng dụng,3,Nhóm 02,Kỹ thuật dữ liệu,2.9,110,9.1,79.6,19,89.2,80,3.2,6.4,0
SV20211163,IT4010,Học máy & Khai phá dữ liệu,3,Nhóm 03,Công nghệ thông tin,2.9,80,7.3,92.1,16,76.2,81,8.1,8.3,0
SV20211163,IT4020,Hệ quản trị CSDL nâng cao,3,Nhóm 03,Công nghệ thông tin,2.9,80,6.6,79.8,9,89.7,77,5.8,5.5,0
SV20211163,IT4030,Phát triển ứng dụng Web,4,Nhóm 03,Công nghệ thông tin,2.9,80,5.3,68.2,9,93.8,67,7.5,7.8,0
SV20211163,MA2010,Xác suất thống kê ứng dụng,3,Nhóm 03,Công nghệ thông tin,2.9,80,7.6,83.0,11,100.0,77,4.8,5.3,0
SV20211164,IT4010,Học máy & Khai phá dữ liệu,3,Nhóm 04,Công nghệ thông tin,2.8,59,6.9,76.0,4,85.2,86,8.5,4.8,1
SV20211164,IT4020,Hệ quản trị CSDL nâng cao,3,Nhóm 04,Công nghệ thông tin,2.8,59,5.3,81.1,9,76.2,70,4.0,3.4,1
SV20211164,IT4030,Phát triển ứng dụng Web,4,Nhóm 04,Công nghệ thông tin,2.8,59,9.6,81.1,5,84.7,69,5.2,7.6,0
SV20211164,MA2010,Xác suất thống kê ứng dụng,3,Nhóm 04,Công nghệ thông tin,2.8,59,8.5,93.6,11,84.2,73,7.9,7.6,0
SV20211165,IT4010,Học máy & Khai phá dữ liệu,3,Nhóm 01,Kỹ thuật dữ liệu,3.0,103,7.2,90.7,17,98.9,81,9.0,8.2,0
SV20211165,IT4020,Hệ quản trị CSDL nâng cao,3,Nhóm 01,Kỹ thuật dữ liệu,3.0,103,8.9,77.3,10,91.2,78,11.2,6.8,0
SV20211165,IT4030,Phát triển ứng dụng Web,4,Nhóm 01,Kỹ thuật dữ liệu,3.0,103,10.0,92.9,22,100.0,88,8.1,8.3,0
SV20211165,MA2010,Xác suất thống kê ứng dụng,3,Nhóm 01,Kỹ thuật dữ liệu,3.0,103,8.8,93.8,11,94.1,73,8.9,7.5,0
SV20211166,IT4010,Học máy & Khai phá dữ liệu,3,Nhóm 02,Công nghệ thông tin,2.4,100,7.5,74.6,5,100.0,68,6.3,7.4,0
SV20211166,IT4020,Hệ quản trị CSDL nâng cao,3,Nhóm 02,Công nghệ thông tin,2.4,100,8.6,91.8,15,69.6,78,7.4,8.9,0
SV20211166,IT4030,Phát triển ứng dụng Web,4,Nhóm 02,Công nghệ thông tin,2.4,100,9.2,98.1,10,88.3,88,7.7,8.7,0
SV20211166,MA2010,Xác suất thống kê ứng dụng,3,Nhóm 02,Công nghệ thông tin,2.4,100,7.2,79.1,9,90.3,69,8.7,6.8,0
SV20211167,IT4010,Học máy & Khai phá dữ liệu,3,Nhóm 03,Kinh tế số,3.1,80,9.6,79.3,14,100.0,81,5.5,6.3,0
SV20211167,IT4020,Hệ quản trị CSDL nâng cao,3,Nhóm 03,Kinh tế số,3.1,80,7.6,97.3,9,89.3,85,8.0,9.8,0
SV20211167,IT4030,Phát triển ứng dụng Web,4,Nhóm 03,Kinh tế số,3.1,80,7.4,81.6,13,86.4,78,6.0,7.0,0
SV20211167,MA2010,Xác suất thống kê ứng dụng,3,Nhóm 03,Kinh tế số,3.1,80,8.1,86.1,14,100.0,69,7.1,5.7,0
SV20211168,IT4010,Học máy & Khai phá dữ liệu,3,Nhóm 04,Công nghệ thông tin,3.2,89,7.1,84.9,7,82.9,92,7.4,5.0,0
SV20211168,IT4020,Hệ quản trị CSDL nâng cao,3,Nhóm 04,Công nghệ thông tin,3.2,89,7.5,87.7,7,93.8,75,6.9,5.4,0
SV20211168,IT4030,Phát triển ứng dụng Web,4,Nhóm 04,Công nghệ thông tin,3.2,89,8.1,97.6,18,60.8,90,8.1,6.7,0
SV20211168,MA2010,Xác suất thống kê ứng dụng,3,Nhóm 04,Công nghệ thông tin,3.2,89,7.9,92.8,22,66.2,65,6.1,7.3,0
SV20211169,IT4010,Học máy & Khai phá dữ liệu,3,Nhóm 01,Công nghệ thông tin,2.1,80,7.1,83.3,16,86.7,81,2.2,4.8,1
SV20211169,IT4020,Hệ quản trị CSDL nâng cao,3,Nhóm 01,Công nghệ thông tin,2.1,80,7.7,69.6,9,90.8,85,6.0,6.8,0
SV20211169,IT4030,Phát triển ứng dụng Web,4,Nhóm 01,Công nghệ thông tin,2.1,80,7.0,89.0,1,74.6,77,4.5,5.7,0
SV20211169,MA2010,Xác suất thống kê ứng dụng,3,Nhóm 01,Công nghệ thông tin,2.1,80,7.6,100.0,11,75.9,71,6.2,6.5,0
SV20211170,IT4010,Học máy & Khai phá dữ liệu,3,Nhóm 02,Công nghệ thông tin,1.7,54,5.7,72.4,9,77.7,55,2.2,3.9,1
SV20211170,IT4020,Hệ quản trị CSDL nâng cao,3,Nhóm 02,Công nghệ thông tin,1.7,54,5.5,66.5,6,85.0,77,4.4,5.9,0
SV20211170,IT4030,Phát triển ứng dụng Web,4,Nhóm 02,Công nghệ thông tin,1.7,54,6.6,72.8,5,95.7,68,6.1,7.1,0
SV20211170,MA2010,Xác suất thống kê ứng dụng,3,Nhóm 02,Công nghệ thông tin,1.7,54,5.6,86.4,9,85.7,66,3.5,5.2,0
SV20211171,IT4010,Học máy & Khai phá dữ liệu,3,Nhóm 03,Kỹ thuật dữ liệu,2.9,90,8.5,92.0,16,100.0,86,6.4,6.0,0
SV20211171,IT4020,Hệ quản trị CSDL nâng cao,3,Nhóm 03,Kỹ thuật dữ liệu,2.9,90,7.7,82.2,8,74.4,69,4.4,7.3,0
SV20211171,IT4030,Phát triển ứng dụng Web,4,Nhóm 03,Kỹ thuật dữ liệu,2.9,90,7.8,99.3,6,87.1,70,8.7,7.4,0
SV20211171,MA2010,Xác suất thống kê ứng dụng,3,Nhóm 03,Kỹ thuật dữ liệu,2.9,90,7.5,97.6,14,89.0,59,3.1,5.6,0
SV20211172,IT4010,Học máy & Khai phá dữ liệu,3,Nhóm 04,Kinh tế số,3.1,69,7.6,83.9,14,79.3,77,9.0,8.8,0
SV20211172,IT4020,Hệ quản trị CSDL nâng cao,3,Nhóm 04,Kinh tế số,3.1,69,6.5,74.8,9,93.6,61,5.8,6.4,0
SV20211172,IT4030,Phát triển ứng dụng Web,4,Nhóm 04,Kinh tế số,3.1,69,7.6,76.8,8,86.9,59,4.9,8.4,0
SV20211172,MA2010,Xác suất thống kê ứng dụng,3,Nhóm 04,Kinh tế số,3.1,69,7.6,82.0,17,77.7,59,9.8,6.1,0
SV20211173,IT4010,Học máy & Khai phá dữ liệu,3,Nhóm 01,Công nghệ thông tin,2.9,87,7.8,81.5,7,74.6,64,9.5,6.8,0
SV20211173,IT4020,Hệ quản trị CSDL nâng cao,3,Nhóm 01,Công nghệ thông tin,2.9,87,7.9,91.4,15,66.4,80,8.3,7.6,0
SV20211173,IT4030,Phát triển ứng dụng Web,4,Nhóm 01,Công nghệ thông tin,2.9,87,9.0,80.3,13,94.4,57,8.7,9.0,0
SV20211173,MA2010,Xác suất thống kê ứng dụng,3,Nhóm 01,Công nghệ thông tin,2.9,87,7.8,86.1,16,80.0,76,7.2,6.7,0
SV20211174,IT4010,Học máy & Khai phá dữ liệu,3,Nhóm 02,Kỹ thuật dữ liệu,2.1,89,6.7,78.5,11,67.5,84,9.0,7.0,0
SV20211174,IT4020,Hệ quản trị CSDL nâng cao,3,Nhóm 02,Kỹ thuật dữ liệu,2.1,89,7.7,78.3,7,78.5,64,6.3,6.9,0
SV20211174,IT4030,Phát triển ứng dụng Web,4,Nhóm 02,Kỹ thuật dữ liệu,2.1,89,7.3,76.6,2,90.5,74,1.1,8.1,0
SV20211174,MA2010,Xác suất thống kê ứng dụng,3,Nhóm 02,Kỹ thuật dữ liệu,2.1,89,7.2,68.3,8,86.5,63,5.5,6.0,0
SV20211175,IT4010,Học máy & Khai phá dữ liệu,3,Nhóm 03,Kỹ thuật dữ liệu,2.5,82,5.8,69.3,6,64.9,86,5.9,7.0,0
SV20211175,IT4020,Hệ quản trị CSDL nâng cao,3,Nhóm 03,Kỹ thuật dữ liệu,2.5,82,6.8,82.5,1,80.9,63,4.2,6.7,0
SV20211175,IT4030,Phát triển ứng dụng Web,4,Nhóm 03,Kỹ thuật dữ liệu,2.5,82,7.8,80.0,6,72.6,76,6.5,6.8,0
SV20211175,MA2010,Xác suất thống kê ứng dụng,3,Nhóm 03,Kỹ thuật dữ liệu,2.5,82,7.1,80.5,9,87.3,72,4.2,6.3,0
SV20211176,IT4010,Học máy & Khai phá dữ liệu,3,Nhóm 04,Kinh tế số,3.6,77,8.6,100.0,15,100.0,81,8.1,8.6,0
SV20211176,IT4020,Hệ quản trị CSDL nâng cao,3,Nhóm 04,Kinh tế số,3.6,77,8.3,71.9,19,79.3,97,7.2,5.8,0
SV20211176,IT4030,Phát triển ứng dụng Web,4,Nhóm 04,Kinh tế số,3.6,77,8.4,75.4,15,82.8,70,6.8,7.6,0
SV20211176,MA2010,Xác suất thống kê ứng dụng,3,Nhóm 04,Kinh tế số,3.6,77,8.3,76.5,15,100.0,78,7.8,7.1,0
SV20211177,IT4010,Học máy & Khai phá dữ liệu,3,Nhóm 01,Công nghệ thông tin,3.0,100,9.7,100.0,15,100.0,89,8.1,8.1,0
SV20211177,IT4020,Hệ quản trị CSDL nâng cao,3,Nhóm 01,Công nghệ thông tin,3.0,100,9.1,95.2,15,81.5,90,11.6,8.8,0
SV20211177,IT4030,Phát triển ứng dụng Web,4,Nhóm 01,Công nghệ thông tin,3.0,100,9.6,88.9,12,70.6,67,9.6,8.3,0
SV20211177,MA2010,Xác suất thống kê ứng dụng,3,Nhóm 01,Công nghệ thông tin,3.0,100,8.6,88.2,18,90.4,73,6.1,7.9,0
SV20211178,IT4010,Học máy & Khai phá dữ liệu,3,Nhóm 02,Công nghệ thông tin,2.9,96,8.0,92.3,7,89.6,74,5.8,6.8,0
SV20211178,IT4020,Hệ quản trị CSDL nâng cao,3,Nhóm 02,Công nghệ thông tin,2.9,96,6.8,89.8,11,92.9,76,8.8,5.3,0
SV20211178,IT4030,Phát triển ứng dụng Web,4,Nhóm 02,Công nghệ thông tin,2.9,96,6.9,87.0,8,93.8,82,4.8,6.6,0
SV20211178,MA2010,Xác suất thống kê ứng dụng,3,Nhóm 02,Công nghệ thông tin,2.9,96,7.4,75.3,8,81.7,78,5.4,3.6,1
SV20211179,IT4010,Học máy & Khai phá dữ liệu,3,Nhóm 03,Công nghệ thông tin,2.5,64,5.2,76.1,17,90.3,83,6.0,5.9,0
SV20211179,IT4020,Hệ quản trị CSDL nâng cao,3,Nhóm 03,Công nghệ thông tin,2.5,64,7.4,79.0,10,90.6,72,4.8,6.5,0
SV20211179,IT4030,Phát triển ứng dụng Web,4,Nhóm 03,Công nghệ thông tin,2.5,64,7.3,81.1,12,90.6,76,4.7,6.1,0
SV20211179,MA2010,Xác suất thống kê ứng dụng,3,Nhóm 03,Công nghệ thông tin,2.5,64,6.3,69.3,7,93.7,73,9.3,8.0,0
SV20211180,IT4010,Học máy & Khai phá dữ liệu,3,Nhóm 04,Công nghệ thông tin,2.6,88,8.8,88.3,9,98.3,73,6.0,9.9,0
SV20211180,IT4020,Hệ quản trị CSDL nâng cao,3,Nhóm 04,Công nghệ thông tin,2.6,88,8.0,79.1,8,86.9,81,6.8,7.6,0
SV20211180,IT4030,Phát triển ứng dụng Web,4,Nhóm 04,Công nghệ thông tin,2.6,88,8.2,70.0,13,96.2,75,7.1,8.4,0
SV20211180,MA2010,Xác suất thống kê ứng dụng,3,Nhóm 04,Công nghệ thông tin,2.6,88,8.8,87.7,19,88.2,87,9.4,9.0,0
SV20211181,IT4010,Học máy & Khai phá dữ liệu,3,Nhóm 01,Kỹ thuật dữ liệu,3.0,99,8.6,81.2,11,100.0,69,7.5,7.5,0
SV20211181,IT4020,Hệ quản trị CSDL nâng cao,3,Nhóm 01,Kỹ thuật dữ liệu,3.0,99,6.6,76.7,18,92.9,65,8.4,6.5,0
SV20211181,IT4030,Phát triển ứng dụng Web,4,Nhóm 01,Kỹ thuật dữ liệu,3.0,99,8.7,84.9,11,72.0,83,2.8,8.1,0
SV20211181,MA2010,Xác suất thống kê ứng dụng,3,Nhóm 01,Kỹ thuật dữ liệu,3.0,99,8.5,85.3,21,78.8,76,9.2,7.9,0
SV20211182,IT4010,Học máy & Khai phá dữ liệu,3,Nhóm 02,Công nghệ thông tin,3.2,97,10.0,68.4,21,92.5,89,7.8,10.0,0
SV20211182,IT4020,Hệ quản trị CSDL nâng cao,3,Nhóm 02,Công nghệ thông tin,3.2,97,9.7,95.7,18,82.0,80,10.6,8.1,0
SV20211182,IT4030,Phát triển ứng dụng Web,4,Nhóm 02,Công nghệ thông tin,3.2,97,9.4,99.0,19,89.5,72,9.2,8.2,0
SV20211182,MA2010,Xác suất thống kê ứng dụng,3,Nhóm 02,Công nghệ thông tin,3.2,97,7.5,100.0,13,85.0,86,6.2,6.7,0
SV20211183,IT4010,Học máy & Khai phá dữ liệu,3,Nhóm 03,Công nghệ thông tin,2.4,35,6.7,82.0,7,100.0,77,2.4,4.9,1
SV20211183,IT4020,Hệ quản trị CSDL nâng cao,3,Nhóm 03,Công nghệ thông tin,2.4,35,5.8,62.4,13,89.8,91,3.7,5.1,0
SV20211183,IT4030,Phát triển ứng dụng Web,4,Nhóm 03,Công nghệ thông tin,2.4,35,6.8,83.1,1,91.8,66,6.4,6.2,0
SV20211183,MA2010,Xác suất thống kê ứng dụng,3,Nhóm 03,Công nghệ thông tin,2.4,35,6.0,73.2,5,65.7,66,6.5,5.1,0
SV20211184,IT4010,Học máy & Khai phá dữ liệu,3,Nhóm 04,Công nghệ thông tin,2.3,69,6.2,67.3,5,88.8,71,8.8,6.0,0
SV20211184,IT4020,Hệ quản trị CSDL nâng cao,3,Nhóm 04,Công nghệ thông tin,2.3,69,5.5,77.8,8,85.6,80,6.7,4.8,1
SV20211184,IT4030,Phát triển ứng dụng Web,4,Nhóm 04,Công nghệ thông tin,2.3,69,6.6,80.1,14,80.5,56,6.5,5.1,0
SV20211184,MA2010,Xác suất thống kê ứng dụng,3,Nhóm 04,Công nghệ thông tin,2.3,69,7.6,83.7,3,55.1,76,6.1,8.6,0
SV20211185,IT4010,Học máy & Khai phá dữ liệu,3,Nhóm 01,Công nghệ thông tin,2.1,48,7.6,89.8,6,63.4,66,6.8,6.4,0
SV20211185,IT4020,Hệ quản trị CSDL nâng cao,3,Nhóm 01,Công nghệ thông tin,2.1,48,5.3,74.0,15,64.0,66,5.9,5.8,0
SV20211185,IT4030,Phát triển ứng dụng Web,4,Nhóm 01,Công nghệ thông tin,2.1,48,7.2,84.5,8,86.2,69,6.7,6.7,0
SV20211185,MA2010,Xác suất thống kê ứng dụng,3,Nhóm 01,Công nghệ thông tin,2.1,48,5.5,78.8,11,91.1,71,5.1,7.2,0
SV20211186,IT4010,Học máy & Khai phá dữ liệu,3,Nhóm 02,Công nghệ thông tin,2.1,69,7.9,76.7,12,100.0,64,7.1,6.9,0
SV20211186,IT4020,Hệ quản trị CSDL nâng cao,3,Nhóm 02,Công nghệ thông tin,2.1,69,6.8,92.2,12,63.1,64,7.2,7.2,0
SV20211186,IT4030,Phát triển ứng dụng Web,4,Nhóm 02,Công nghệ thông tin,2.1,69,6.6,79.8,16,81.1,80,6.9,4.8,1
SV20211186,MA2010,Xác suất thống kê ứng dụng,3,Nhóm 02,Công nghệ thông tin,2.1,69,4.4,79.5,11,90.0,67,2.9,4.6,1
SV20211187,IT4010,Học máy & Khai phá dữ liệu,3,Nhóm 03,Công nghệ thông tin,3.0,102,7.9,83.7,15,80.7,89,2.2,7.4,0
SV20211187,IT4020,Hệ quản trị CSDL nâng cao,3,Nhóm 03,Công nghệ thông tin,3.0,102,8.1,87.3,12,76.9,75,6.6,6.8,0
SV20211187,IT4030,Phát triển ứng dụng Web,4,Nhóm 03,Công nghệ thông tin,3.0,102,8.6,82.6,9,100.0,81,9.8,7.6,0
SV20211187,MA2010,Xác suất thống kê ứng dụng,3,Nhóm 03,Công nghệ thông tin,3.0,102,6.9,94.7,6,89.1,73,7.6,7.0,0
SV20211188,IT4010,Học máy & Khai phá dữ liệu,3,Nhóm 04,Công nghệ thông tin,2.5,97,7.7,89.5,8,93.8,86,8.1,5.7,0
SV20211188,IT4020,Hệ quản trị CSDL nâng cao,3,Nhóm 04,Công nghệ thông tin,2.5,97,7.5,100.0,14,92.0,71,7.2,5.8,0
SV20211188,IT4030,Phát triển ứng dụng Web,4,Nhóm 04,Công nghệ thông tin,2.5,97,7.6,84.3,14,91.7,82,7.7,8.8,0
SV20211188,MA2010,Xác suất thống kê ứng dụng,3,Nhóm 04,Công nghệ thông tin,2.5,97,7.9,91.9,12,73.1,71,9.2,5.3,0
SV20211189,IT4010,Học máy & Khai phá dữ liệu,3,Nhóm 01,Kinh tế số,2.1,102,7.7,72.7,9,77.8,68,4.2,8.1,0
SV20211189,IT4020,Hệ quản trị CSDL nâng cao,3,Nhóm 01,Kinh tế số,2.1,102,5.8,78.2,13,75.0,75,5.5,5.2,0
SV20211189,IT4030,Phát triển ứng dụng Web,4,Nhóm 01,Kinh tế số,2.1,102,5.1,64.2,11,57.2,64,5.2,7.6,0
SV20211189,MA2010,Xác suất thống kê ứng dụng,3,Nhóm 01,Kinh tế số,2.1,102,6.7,65.1,2,64.7,53,4.2,6.5,0
SV20211190,IT4010,Học máy & Khai phá dữ liệu,3,Nhóm 02,Công nghệ thông tin,3.1,106,9.6,76.5,15,100.0,81,5.4,6.7,0
SV20211190,IT4020,Hệ quản trị CSDL nâng cao,3,Nhóm 02,Công nghệ thông tin,3.1,106,7.9,76.8,9,85.8,71,8.9,7.1,0
SV20211190,IT4030,Phát triển ứng dụng Web,4,Nhóm 02,Công nghệ thông tin,3.1,106,8.9,95.2,14,70.9,78,9.3,7.6,0
SV20211190,MA2010,Xác suất thống kê ứng dụng,3,Nhóm 02,Công nghệ thông tin,3.1,106,7.8,86.2,16,81.6,77,7.8,7.4,0
SV20211191,IT4010,Học máy & Khai phá dữ liệu,3,Nhóm 03,Công nghệ thông tin,2.1,91,6.0,77.0,9,82.9,79,5.8,4.5,1
SV20211191,IT4020,Hệ quản trị CSDL nâng cao,3,Nhóm 03,Công nghệ thông tin,2.1,91,7.1,77.4,10,67.2,69,7.2,5.9,0
SV20211191,IT4030,Phát triển ứng dụng Web,4,Nhóm 03,Công nghệ thông tin,2.1,91,6.8,100.0,7,93.6,70,8.3,6.9,0
SV20211191,MA2010,Xác suất thống kê ứng dụng,3,Nhóm 03,Công nghệ thông tin,2.1,91,8.7,78.9,1,87.2,72,6.7,8.1,0
SV20211192,IT4010,Học máy & Khai phá dữ liệu,3,Nhóm 04,Công nghệ thông tin,2.2,61,5.8,72.8,9,86.2,81,2.7,6.3,0
SV20211192,IT4020,Hệ quản trị CSDL nâng cao,3,Nhóm 04,Công nghệ thông tin,2.2,61,5.4,80.6,9,67.7,62,0.9,3.9,1
SV20211192,IT4030,Phát triển ứng dụng Web,4,Nhóm 04,Công nghệ thông tin,2.2,61,7.0,76.9,4,77.2,57,5.3,5.7,0
SV20211192,MA2010,Xác suất thống kê ứng dụng,3,Nhóm 04,Công nghệ thông tin,2.2,61,5.3,63.8,17,94.7,68,7.5,4.3,1
SV20211193,IT4010,Học máy & Khai phá dữ liệu,3,Nhóm 01,Công nghệ thông tin,2.3,78,8.9,90.0,13,94.5,80,5.4,9.2,0
SV20211193,IT4020,Hệ quản trị CSDL nâng cao,3,Nhóm 01,Công nghệ thông tin,2.3,78,6.5,72.8,15,84.1,73,3.4,6.9,0
SV20211193,IT4030,Phát triển ứng dụng Web,4,Nhóm 01,Công nghệ thông tin,2.3,78,8.5,77.5,10,65.9,85,7.3,7.5,0
SV20211193,MA2010,Xác suất thống kê ứng dụng,3,Nhóm 01,Công nghệ thông tin,2.3,78,6.8,72.9,13,87.8,71,6.1,6.7,0
SV20211194,IT4010,Học máy & Khai phá dữ liệu,3,Nhóm 02,Công nghệ thông tin,3.3,101,8.5,92.2,11,76.1,85,7.7,9.3,0
SV20211194,IT4020,Hệ quản trị CSDL nâng cao,3,Nhóm 02,Công nghệ thông tin,3.3,101,8.1,91.7,16,83.3,65,11.1,7.9,0
SV20211194,IT4030,Phát triển ứng dụng Web,4,Nhóm 02,Công nghệ thông tin,3.3,101,9.4,91.4,18,75.2,83,8.1,9.8,0
SV20211194,MA2010,Xác suất thống kê ứng dụng,3,Nhóm 02,Công nghệ thông tin,3.3,101,9.9,92.7,11,91.6,100,9.7,10.0,0
SV20211195,IT4010,Học máy & Khai phá dữ liệu,3,Nhóm 03,Công nghệ thông tin,3.0,93,7.1,78.7,15,57.1,76,3.3,5.7,0
SV20211195,IT4020,Hệ quản trị CSDL nâng cao,3,Nhóm 03,Công nghệ thông tin,3.0,93,7.4,77.8,14,77.8,57,6.6,6.0,0
SV20211195,IT4030,Phát triển ứng dụng Web,4,Nhóm 03,Công nghệ thông tin,3.0,93,8.7,70.7,14,95.3,72,6.8,8.2,0
SV20211195,MA2010,Xác suất thống kê ứng dụng,3,Nhóm 03,Công nghệ thông tin,3.0,93,6.0,80.6,2,90.9,71,4.3,5.7,0
SV20211196,IT4010,Học máy & Khai phá dữ liệu,3,Nhóm 04,Công nghệ thông tin,3.0,73,7.5,84.8,17,86.9,81,5.4,8.3,0
SV20211196,IT4020,Hệ quản trị CSDL nâng cao,3,Nhóm 04,Công nghệ thông tin,3.0,73,8.0,100.0,7,83.6,69,6.9,7.2,0
SV20211196,IT4030,Phát triển ứng dụng Web,4,Nhóm 04,Công nghệ thông tin,3.0,73,8.0,79.5,9,82.8,89,8.1,6.6,0
SV20211196,MA2010,Xác suất thống kê ứng dụng,3,Nhóm 04,Công nghệ thông tin,3.0,73,8.9,83.1,4,93.4,72,8.4,5.5,0
SV20211197,IT4010,Học máy & Khai phá dữ liệu,3,Nhóm 01,Công nghệ thông tin,2.7,75,7.5,82.3,8,82.4,66,5.3,6.7,0
SV20211197,IT4020,Hệ quản trị CSDL nâng cao,3,Nhóm 01,Công nghệ thông tin,2.7,75,8.4,75.8,19,70.7,71,8.8,8.2,0
SV20211197,IT4030,Phát triển ứng dụng Web,4,Nhóm 01,Công nghệ thông tin,2.7,75,8.3,69.6,11,90.8,95,8.3,7.3,0
SV20211197,MA2010,Xác suất thống kê ứng dụng,3,Nhóm 01,Công nghệ thông tin,2.7,75,9.2,77.5,11,81.4,74,9.7,8.7,0
SV20211198,IT4010,Học máy & Khai phá dữ liệu,3,Nhóm 02,Kinh tế số,3.0,101,7.7,75.2,14,79.2,78,5.8,7.3,0
SV20211198,IT4020,Hệ quản trị CSDL nâng cao,3,Nhóm 02,Kinh tế số,3.0,101,6.8,93.6,11,82.7,77,9.0,6.9,0
SV20211198,IT4030,Phát triển ứng dụng Web,4,Nhóm 02,Kinh tế số,3.0,101,8.0,76.6,7,79.9,62,7.3,6.1,0
SV20211198,MA2010,Xác suất thống kê ứng dụng,3,Nhóm 02,Kinh tế số,3.0,101,6.4,89.9,10,87.4,82,6.5,7.3,0
SV20211199,IT4010,Học máy & Khai phá dữ liệu,3,Nhóm 03,Kinh tế số,3.8,104,8.4,86.3,19,100.0,98,10.6,7.5,0
SV20211199,IT4020,Hệ quản trị CSDL nâng cao,3,Nhóm 03,Kinh tế số,3.8,104,8.4,100.0,19,100.0,82,8.3,7.4,0
SV20211199,IT4030,Phát triển ứng dụng Web,4,Nhóm 03,Kinh tế số,3.8,104,9.4,100.0,14,93.6,84,6.1,8.0,0
SV20211199,MA2010,Xác suất thống kê ứng dụng,3,Nhóm 03,Kinh tế số,3.8,104,9.5,77.1,14,100.0,75,11.3,8.8,0
SV20211200,IT4010,Học máy & Khai phá dữ liệu,3,Nhóm 04,Công nghệ thông tin,2.9,77,7.6,83.9,18,92.1,65,11.2,6.5,0
SV20211200,IT4020,Hệ quản trị CSDL nâng cao,3,Nhóm 04,Công nghệ thông tin,2.9,77,8.3,80.5,9,70.3,98,5.7,6.8,0
SV20211200,IT4030,Phát triển ứng dụng Web,4,Nhóm 04,Công nghệ thông tin,2.9,77,9.2,91.0,12,91.2,72,10.3,7.6,0
SV20211200,MA2010,Xác suất thống kê ứng dụng,3,Nhóm 04,Công nghệ thông tin,2.9,77,6.6,86.9,9,70.8,70,9.3,6.4,0
SV20211201,IT4010,Học máy & Khai phá dữ liệu,3,Nhóm 01,Kỹ thuật dữ liệu,2.9,62,7.7,89.1,7,98.6,77,6.8,7.4,0
SV20211201,IT4020,Hệ quản trị CSDL nâng cao,3,Nhóm 01,Kỹ thuật dữ liệu,2.9,62,7.1,82.4,12,92.9,78,9.7,5.6,0
SV20211201,IT4030,Phát triển ứng dụng Web,4,Nhóm 01,Kỹ thuật dữ liệu,2.9,62,7.9,87.9,16,84.8,90,10.7,8.7,0
SV20211201,MA2010,Xác suất thống kê ứng dụng,3,Nhóm 01,Kỹ thuật dữ liệu,2.9,62,8.4,63.2,13,87.2,75,6.6,6.5,0
SV20211202,IT4010,Học máy & Khai phá dữ liệu,3,Nhóm 02,Công nghệ thông tin,3.1,88,8.2,93.2,14,85.9,69,8.6,10.0,0
SV20211202,IT4020,Hệ quản trị CSDL nâng cao,3,Nhóm 02,Công nghệ thông tin,3.1,88,7.5,65.5,12,87.7,79,5.7,7.1,0
SV20211202,IT4030,Phát triển ứng dụng Web,4,Nhóm 02,Công nghệ thông tin,3.1,88,8.2,92.6,10,82.9,86,9.1,9.6,0
SV20211202,MA2010,Xác suất thống kê ứng dụng,3,Nhóm 02,Công nghệ thông tin,3.1,88,7.6,83.1,11,88.4,87,4.3,7.9,0
SV20211203,IT4010,Học máy & Khai phá dữ liệu,3,Nhóm 03,Kỹ thuật dữ liệu,2.8,74,8.5,68.5,10,88.8,64,6.1,7.6,0
SV20211203,IT4020,Hệ quản trị CSDL nâng cao,3,Nhóm 03,Kỹ thuật dữ liệu,2.8,74,7.5,87.0,15,80.0,65,7.3,4.3,1
SV20211203,IT4030,Phát triển ứng dụng Web,4,Nhóm 03,Kỹ thuật dữ liệu,2.8,74,7.9,82.4,20,80.0,70,7.2,7.4,0
SV20211203,MA2010,Xác suất thống kê ứng dụng,3,Nhóm 03,Kỹ thuật dữ liệu,2.8,74,9.7,92.1,9,100.0,72,7.0,6.8,0
SV20211204,IT4010,Học máy & Khai phá dữ liệu,3,Nhóm 04,Công nghệ thông tin,2.7,72,8.0,78.8,8,84.4,76,3.5,6.8,0
SV20211204,IT4020,Hệ quản trị CSDL nâng cao,3,Nhóm 04,Công nghệ thông tin,2.7,72,7.4,71.3,12,82.2,66,5.7,3.9,1
SV20211204,IT4030,Phát triển ứng dụng Web,4,Nhóm 04,Công nghệ thông tin,2.7,72,8.7,80.7,11,81.5,85,6.2,7.2,0
SV20211204,MA2010,Xác suất thống kê ứng dụng,3,Nhóm 04,Công nghệ thông tin,2.7,72,7.6,78.3,12,89.1,75,2.9,8.2,0
SV20211205,IT4010,Học máy & Khai phá dữ liệu,3,Nhóm 01,Công nghệ thông tin,2.9,117,8.1,97.2,16,88.4,94,7.9,8.3,0
SV20211205,IT4020,Hệ quản trị CSDL nâng cao,3,Nhóm 01,Công nghệ thông tin,2.9,117,8.1,74.4,14,100.0,68,6.6,5.6,0
SV20211205,IT4030,Phát triển ứng dụng Web,4,Nhóm 01,Công nghệ thông tin,2.9,117,9.6,93.4,16,97.1,82,6.9,8.3,0
SV20211205,MA2010,Xác suất thống kê ứng dụng,3,Nhóm 01,Công nghệ thông tin,2.9,117,8.0,86.2,15,92.1,71,12.4,8.3,0
SV20211206,IT4010,Học máy & Khai phá dữ liệu,3,Nhóm 02,Công nghệ thông tin,3.1,70,7.1,87.3,9,64.0,96,5.6,6.1,0
SV20211206,IT4020,Hệ quản trị CSDL nâng cao,3,Nhóm 02,Công nghệ thông tin,3.1,70,7.1,95.4,13,82.8,71,6.4,4.8,1
SV20211206,IT4030,Phát triển ứng dụng Web,4,Nhóm 02,Công nghệ thông tin,3.1,70,7.1,86.9,16,95.3,78,8.3,7.3,0
SV20211206,MA2010,Xác suất thống kê ứng dụng,3,Nhóm 02,Công nghệ thông tin,3.1,70,8.1,81.5,8,96.2,81,7.6,7.6,0
SV20211207,IT4010,Học máy & Khai phá dữ liệu,3,Nhóm 03,Công nghệ thông tin,2.3,44,7.1,64.1,7,71.7,70,4.6,7.5,0
SV20211207,IT4020,Hệ quản trị CSDL nâng cao,3,Nhóm 03,Công nghệ thông tin,2.3,44,5.9,88.3,8,91.4,56,5.9,4.1,1
SV20211207,IT4030,Phát triển ứng dụng Web,4,Nhóm 03,Công nghệ thông tin,2.3,44,6.4,77.2,6,68.8,85,4.3,3.9,1
SV20211207,MA2010,Xác suất thống kê ứng dụng,3,Nhóm 03,Công nghệ thông tin,2.3,44,6.0,71.6,7,87.9,68,2.0,3.4,1
SV20211208,IT4010,Học máy & Khai phá dữ liệu,3,Nhóm 04,Công nghệ thông tin,2.5,84,7.0,75.2,19,92.9,66,6.6,6.7,0
SV20211208,IT4020,Hệ quản trị CSDL nâng cao,3,Nhóm 04,Công nghệ thông tin,2.5,84,6.8,74.5,12,83.0,82,8.5,6.6,0
SV20211208,IT4030,Phát triển ứng dụng Web,4,Nhóm 04,Công nghệ thông tin,2.5,84,5.9,94.0,9,73.3,70,7.5,6.7,0
SV20211208,MA2010,Xác suất thống kê ứng dụng,3,Nhóm 04,Công nghệ thông tin,2.5,84,7.6,78.4,7,92.0,62,8.3,5.5,0
SV20211209,IT4010,Học máy & Khai phá dữ liệu,3,Nhóm 01,Công nghệ thông tin,2.8,78,7.7,82.1,13,83.2,80,8.9,7.0,0
SV20211209,IT4020,Hệ quản trị CSDL nâng cao,3,Nhóm 01,Công nghệ thông tin,2.8,78,8.2,88.4,12,86.4,67,7.4,8.9,0
SV20211209,IT4030,Phát triển ứng dụng Web,4,Nhóm 01,Công nghệ thông tin,2.8,78,6.8,83.5,5,100.0,87,3.2,3.6,1
SV20211209,MA2010,Xác suất thống kê ứng dụng,3,Nhóm 01,Công nghệ thông tin,2.8,78,7.0,92.6,17,83.8,78,7.1,8.0,0
SV20211210,IT4010,Học máy & Khai phá dữ liệu,3,Nhóm 02,Kỹ thuật dữ liệu,2.1,51,7.4,85.0,8,82.8,62,5.8,7.7,0
SV20211210,IT4020,Hệ quản trị CSDL nâng cao,3,Nhóm 02,Kỹ thuật dữ liệu,2.1,51,6.9,73.7,7,69.0,72,7.9,5.1,0
SV20211210,IT4030,Phát triển ứng dụng Web,4,Nhóm 02,Kỹ thuật dữ liệu,2.1,51,7.5,76.2,1,86.1,59,5.9,7.5,0
SV20211210,MA2010,Xác suất thống kê ứng dụng,3,Nhóm 02,Kỹ thuật dữ liệu,2.1,51,5.5,85.9,9,80.6,70,3.9,6.1,0
SV20211211,IT4010,Học máy & Khai phá dữ liệu,3,Nhóm 03,Công nghệ thông tin,3.0,123,8.2,100.0,17,94.9,77,7.2,6.7,0
SV20211211,IT4020,Hệ quản trị CSDL nâng cao,3,Nhóm 03,Công nghệ thông tin,3.0,123,8.7,96.6,14,91.7,88,7.8,8.2,0
SV20211211,IT4030,Phát triển ứng dụng Web,4,Nhóm 03,Công nghệ thông tin,3.0,123,9.4,93.9,15,77.9,74,9.0,9.9,0
SV20211211,MA2010,Xác suất thống kê ứng dụng,3,Nhóm 03,Công nghệ thông tin,3.0,123,9.6,85.5,11,100.0,88,6.7,5.9,0
SV20211212,IT4010,Học máy & Khai phá dữ liệu,3,Nhóm 04,Kinh tế số,2.6,75,5.7,84.1,5,95.5,75,6.6,5.3,0
SV20211212,IT4020,Hệ quản trị CSDL nâng cao,3,Nhóm 04,Kinh tế số,2.6,75,6.9,100.0,8,88.3,82,8.5,8.3,0
SV20211212,IT4030,Phát triển ứng dụng Web,4,Nhóm 04,Kinh tế số,2.6,75,6.7,92.9,10,82.5,86,8.5,7.3,0
SV20211212,MA2010,Xác suất thống kê ứng dụng,3,Nhóm 04,Kinh tế số,2.6,75,6.0,70.8,8,79.0,65,6.4,5.8,0
SV20211213,IT4010,Học máy & Khai phá dữ liệu,3,Nhóm 01,Công nghệ thông tin,2.9,89,7.8,97.8,10,69.6,83,10.1,6.8,0
SV20211213,IT4020,Hệ quản trị CSDL nâng cao,3,Nhóm 01,Công nghệ thông tin,2.9,89,7.7,76.0,9,86.2,86,8.6,7.0,0
SV20211213,IT4030,Phát triển ứng dụng Web,4,Nhóm 01,Công nghệ thông tin,2.9,89,6.9,88.6,11,84.9,82,4.2,8.3,0
SV20211213,MA2010,Xác suất thống kê ứng dụng,3,Nhóm 01,Công nghệ thông tin,2.9,89,7.8,96.8,11,74.8,69,5.4,6.4,0
SV20211214,IT4010,Học máy & Khai phá dữ liệu,3,Nhóm 02,Kinh tế số,3.0,73,7.2,76.7,9,74.6,78,6.3,6.0,0
SV20211214,IT4020,Hệ quản trị CSDL nâng cao,3,Nhóm 02,Kinh tế số,3.0,73,7.5,100.0,11,83.4,72,7.7,5.4,0
SV20211214,IT4030,Phát triển ứng dụng Web,4,Nhóm 02,Kinh tế số,3.0,73,8.7,81.7,14,75.1,63,9.4,5.8,0
SV20211214,MA2010,Xác suất thống kê ứng dụng,3,Nhóm 02,Kinh tế số,3.0,73,7.5,77.1,16,75.1,67,6.3,7.8,0
SV20211215,IT4010,Học máy & Khai phá dữ liệu,3,Nhóm 03,Công nghệ thông tin,3.3,98,8.0,95.6,19,93.1,79,8.3,9.2,0
SV20211215,IT4020,Hệ quản trị CSDL nâng cao,3,Nhóm 03,Công nghệ thông tin,3.3,98,6.9,99.2,12,73.9,93,8.3,6.0,0
SV20211215,IT4030,Phát triển ứng dụng Web,4,Nhóm 03,Công nghệ thông tin,3.3,98,8.4,85.9,12,71.4,84,10.7,5.8,0
SV20211215,MA2010,Xác suất thống kê ứng dụng,3,Nhóm 03,Công nghệ thông tin,3.3,98,8.5,85.1,14,90.6,69,7.6,8.2,0
SV20211216,IT4010,Học máy & Khai phá dữ liệu,3,Nhóm 04,Công nghệ thông tin,2.5,71,7.5,92.4,7,89.9,68,3.7,5.3,0
SV20211216,IT4020,Hệ quản trị CSDL nâng cao,3,Nhóm 04,Công nghệ thông tin,2.5,71,7.0,86.0,12,76.4,80,4.5,7.4,0
SV20211216,IT4030,Phát triển ứng dụng Web,4,Nhóm 04,Công nghệ thông tin,2.5,71,8.2,90.7,12,84.3,69,6.5,9.1,0
SV20211216,MA2010,Xác suất thống kê ứng dụng,3,Nhóm 04,Công nghệ thông tin,2.5,71,8.0,75.9,4,66.1,75,4.5,6.2,0
SV20211217,IT4010,Học máy & Khai phá dữ liệu,3,Nhóm 01,Kỹ thuật dữ liệu,2.5,68,6.7,67.8,2,76.0,58,8.9,7.4,0
SV20211217,IT4020,Hệ quản trị CSDL nâng cao,3,Nhóm 01,Kỹ thuật dữ liệu,2.5,68,6.2,95.1,8,79.5,68,6.5,6.0,0
SV20211217,IT4030,Phát triển ứng dụng Web,4,Nhóm 01,Kỹ thuật dữ liệu,2.5,68,6.6,83.3,17,91.1,80,4.6,7.6,0
SV20211217,MA2010,Xác suất thống kê ứng dụng,3,Nhóm 01,Kỹ thuật dữ liệu,2.5,68,5.3,61.8,7,57.1,64,6.1,6.9,0
SV20211218,IT4010,Học máy & Khai phá dữ liệu,3,Nhóm 02,Công nghệ thông tin,2.2,50,7.1,87.1,12,83.7,78,3.2,5.2,0
SV20211218,IT4020,Hệ quản trị CSDL nâng cao,3,Nhóm 02,Công nghệ thông tin,2.2,50,5.5,61.8,5,91.4,74,7.4,4.6,1
SV20211218,IT4030,Phát triển ứng dụng Web,4,Nhóm 02,Công nghệ thông tin,2.2,50,7.3,83.2,10,73.5,66,4.1,6.6,0
SV20211218,MA2010,Xác suất thống kê ứng dụng,3,Nhóm 02,Công nghệ thông tin,2.2,50,6.1,69.1,1,82.5,74,4.5,8.4,0
SV20211219,IT4010,Học máy & Khai phá dữ liệu,3,Nhóm 03,Công nghệ thông tin,2.7,86,6.6,75.2,13,95.0,82,6.7,5.9,0
SV20211219,IT4020,Hệ quản trị CSDL nâng cao,3,Nhóm 03,Công nghệ thông tin,2.7,86,8.4,98.3,10,89.3,68,5.0,7.8,0
SV20211219,IT4030,Phát triển ứng dụng Web,4,Nhóm 03,Công nghệ thông tin,2.7,86,5.3,65.6,15,85.5,67,5.3,6.1,0
SV20211219,MA2010,Xác suất thống kê ứng dụng,3,Nhóm 03,Công nghệ thông tin,2.7,86,6.9,79.3,6,84.4,77,4.5,5.6,0
SV20211220,IT4010,Học máy & Khai phá dữ liệu,3,Nhóm 04,Công nghệ thông tin,3.6,111,9.3,100.0,12,87.6,96,7.4,10.0,0
SV20211220,IT4020,Hệ quản trị CSDL nâng cao,3,Nhóm 04,Công nghệ thông tin,3.6,111,8.2,90.2,22,100.0,88,7.8,6.9,0
SV20211220,IT4030,Phát triển ứng dụng Web,4,Nhóm 04,Công nghệ thông tin,3.6,111,9.4,94.8,12,93.3,79,10.9,6.8,0
SV20211220,MA2010,Xác suất thống kê ứng dụng,3,Nhóm 04,Công nghệ thông tin,3.6,111,9.3,98.1,20,100.0,95,11.2,10.0,0
SV20211221,IT4010,Học máy & Khai phá dữ liệu,3,Nhóm 01,Kinh tế số,2.2,66,6.3,87.0,5,78.9,66,5.2,5.0,0
SV20211221,IT4020,Hệ quản trị CSDL nâng cao,3,Nhóm 01,Kinh tế số,2.2,66,4.4,63.6,8,61.6,70,5.4,4.2,1
SV20211221,IT4030,Phát triển ứng dụng Web,4,Nhóm 01,Kinh tế số,2.2,66,7.3,78.7,4,71.5,62,7.3,7.6,0
SV20211221,MA2010,Xác suất thống kê ứng dụng,3,Nhóm 01,Kinh tế số,2.2,66,5.9,60.6,11,94.6,60,4.5,4.2,1
SV20211222,IT4010,Học máy & Khai phá dữ liệu,3,Nhóm 02,Kinh tế số,2.8,78,7.9,88.4,16,80.4,69,9.1,5.4,0
SV20211222,IT4020,Hệ quản trị CSDL nâng cao,3,Nhóm 02,Kinh tế số,2.8,78,6.1,84.0,8,88.7,80,4.4,7.1,0
SV20211222,IT4030,Phát triển ứng dụng Web,4,Nhóm 02,Kinh tế số,2.8,78,7.1,83.5,8,80.4,77,8.5,7.8,0
SV20211222,MA2010,Xác suất thống kê ứng dụng,3,Nhóm 02,Kinh tế số,2.8,78,8.3,78.9,3,93.1,76,2.4,5.0,0
SV20211223,IT4010,Học máy & Khai phá dữ liệu,3,Nhóm 03,Công nghệ thông tin,2.4,86,6.7,87.0,3,73.3,76,4.1,5.7,0
SV20211223,IT4020,Hệ quản trị CSDL nâng cao,3,Nhóm 03,Công nghệ thông tin,2.4,86,5.0,69.4,15,83.7,69,7.9,5.4,0
SV20211223,IT4030,Phát triển ứng dụng Web,4,Nhóm 03,Công nghệ thông tin,2.4,86,7.5,75.8,9,79.2,73,7.1,9.4,0
SV20211223,MA2010,Xác suất thống kê ứng dụng,3,Nhóm 03,Công nghệ thông tin,2.4,86,7.1,74.4,9,70.6,50,7.2,6.7,0
SV20211224,IT4010,Học máy & Khai phá dữ liệu,3,Nhóm 04,Công nghệ thông tin,3.2,85,8.6,88.6,11,100.0,74,4.6,7.9,0
SV20211224,IT4020,Hệ quản trị CSDL nâng cao,3,Nhóm 04,Công nghệ thông tin,3.2,85,6.9,93.7,11,98.6,85,8.6,7.1,0
SV20211224,IT4030,Phát triển ứng dụng Web,4,Nhóm 04,Công nghệ thông tin,3.2,85,6.6,85.3,11,79.4,75,8.0,6.2,0
SV20211224,MA2010,Xác suất thống kê ứng dụng,3,Nhóm 04,Công nghệ thông tin,3.2,85,8.9,87.7,10,83.1,76,9.3,7.9,0
SV20211225,IT4010,Học máy & Khai phá dữ liệu,3,Nhóm 01,Công nghệ thông tin,1.9,63,5.3,86.9,6,70.6,76,1.5,6.1,0
SV20211225,IT4020,Hệ quản trị CSDL nâng cao,3,Nhóm 01,Công nghệ thông tin,1.9,63,5.0,72.7,7,76.4,56,4.4,5.1,0
SV20211225,IT4030,Phát triển ứng dụng Web,4,Nhóm 01,Công nghệ thông tin,1.9,63,6.6,59.6,7,72.9,65,0.0,5.4,0
SV20211225,MA2010,Xác suất thống kê ứng dụng,3,Nhóm 01,Công nghệ thông tin,1.9,63,5.6,73.2,7,71.5,73,5.7,6.6,0
SV20211226,IT4010,Học máy & Khai phá dữ liệu,3,Nhóm 02,Công nghệ thông tin,2.5,67,7.0,78.3,1,83.1,60,8.5,6.8,0
SV20211226,IT4020,Hệ quản trị CSDL nâng cao,3,Nhóm 02,Công nghệ thông tin,2.5,67,6.6,77.1,8,83.1,50,5.2,6.6,0
SV20211226,IT4030,Phát triển ứng dụng Web,4,Nhóm 02,Công nghệ thông tin,2.5,67,8.4,82.7,6,68.6,73,3.8,8.4,0
SV20211226,MA2010,Xác suất thống kê ứng dụng,3,Nhóm 02,Công nghệ thông tin,2.5,67,5.8,75.6,10,93.8,67,5.5,5.9,0
SV20211227,IT4010,Học máy & Khai phá dữ liệu,3,Nhóm 03,Công nghệ thông tin,2.3,74,4.9,67.2,10,53.8,79,1.3,5.0,0
SV20211227,IT4020,Hệ quản trị CSDL nâng cao,3,Nhóm 03,Công nghệ thông tin,2.3,74,7.4,88.1,9,79.5,60,10.5,8.6,0
SV20211227,IT4030,Phát triển ứng dụng Web,4,Nhóm 03,Công nghệ thông tin,2.3,74,7.2,71.6,4,85.4,71,3.7,7.9,0
SV20211227,MA2010,Xác suất thống kê ứng dụng,3,Nhóm 03,Công nghệ thông tin,2.3,74,6.8,85.0,10,81.0,76,4.5,6.3,0
SV20211228,IT4010,Học máy & Khai phá dữ liệu,3,Nhóm 04,Công nghệ thông tin,3.1,85,8.1,78.1,9,94.8,73,6.6,6.3,0
SV20211228,IT4020,Hệ quản trị CSDL nâng cao,3,Nhóm 04,Công nghệ thông tin,3.1,85,8.4,84.0,14,74.0,72,7.4,7.6,0
SV20211228,IT4030,Phát triển ứng dụng Web,4,Nhóm 04,Công nghệ thông tin,3.1,85,9.3,92.5,16,82.9,69,6.9,6.9,0
SV20211228,MA2010,Xác suất thống kê ứng dụng,3,Nhóm 04,Công nghệ thông tin,3.1,85,8.3,84.5,17,90.6,77,8.9,7.8,0
SV20211229,IT4010,Học máy & Khai phá dữ liệu,3,Nhóm 01,Kỹ thuật dữ liệu,2.3,69,7.0,74.6,6,76.1,77,9.1,6.7,0
SV20211229,IT4020,Hệ quản trị CSDL nâng cao,3,Nhóm 01,Kỹ thuật dữ liệu,2.3,69,5.6,67.7,17,70.8,69,5.9,4.9,1
SV20211229,IT4030,Phát triển ứng dụng Web,4,Nhóm 01,Kỹ thuật dữ liệu,2.3,69,7.0,79.8,4,74.2,69,5.0,6.5,0
SV20211229,MA2010,Xác suất thống kê ứng dụng,3,Nhóm 01,Kỹ thuật dữ liệu,2.3,69,7.9,97.8,6,75.9,68,3.8,8.3,0
SV20211230,IT4010,Học máy & Khai phá dữ liệu,3,Nhóm 02,Công nghệ thông tin,3.2,112,9.0,100.0,13,88.7,70,5.4,8.5,0
SV20211230,IT4020,Hệ quản trị CSDL nâng cao,3,Nhóm 02,Công nghệ thông tin,3.2,112,8.8,90.9,13,100.0,84,8.2,6.1,0
SV20211230,IT4030,Phát triển ứng dụng Web,4,Nhóm 02,Công nghệ thông tin,3.2,112,8.9,90.5,16,86.8,94,10.7,7.4,0
SV20211230,MA2010,Xác suất thống kê ứng dụng,3,Nhóm 02,Công nghệ thông tin,3.2,112,9.6,87.8,8,80.5,67,6.9,7.1,0
SV20211231,IT4010,Học máy & Khai phá dữ liệu,3,Nhóm 03,Công nghệ thông tin,2.9,86,8.0,75.0,14,80.2,76,7.1,6.3,0
SV20211231,IT4020,Hệ quản trị CSDL nâng cao,3,Nhóm 03,Công nghệ thông tin,2.9,86,7.0,85.1,5,73.4,81,4.7,6.2,0
SV20211231,IT4030,Phát triển ứng dụng Web,4,Nhóm 03,Công nghệ thông tin,2.9,86,8.1,89.4,18,94.8,81,8.3,8.5,0
SV20211231,MA2010,Xác suất thống kê ứng dụng,3,Nhóm 03,Công nghệ thông tin,2.9,86,8.3,91.0,16,91.7,80,4.9,7.2,0
SV20211232,IT4010,Học máy & Khai phá dữ liệu,3,Nhóm 04,Công nghệ thông tin,2.5,100,6.9,74.9,9,89.1,89,6.5,5.7,0
SV20211232,IT4020,Hệ quản trị CSDL nâng cao,3,Nhóm 04,Công nghệ thông tin,2.5,100,7.7,81.4,14,100.0,59,7.6,7.3,0
SV20211232,IT4030,Phát triển ứng dụng Web,4,Nhóm 04,Công nghệ thông tin,2.5,100,7.7,74.7,13,82.2,72,5.0,6.4,0
SV20211232,MA2010,Xác suất thống kê ứng dụng,3,Nhóm 04,Công nghệ thông tin,2.5,100,8.0,79.0,7,74.5,85,8.3,8.0,0
SV20211233,IT4010,Học máy & Khai phá dữ liệu,3,Nhóm 01,Kinh tế số,1.9,69,5.8,87.0,6,68.1,53,6.3,6.1,0
SV20211233,IT4020,Hệ quản trị CSDL nâng cao,3,Nhóm 01,Kinh tế số,1.9,69,5.2,70.5,3,74.7,59,5.1,4.0,1
SV20211233,IT4030,Phát triển ứng dụng Web,4,Nhóm 01,Kinh tế số,1.9,69,6.4,75.4,7,57.7,83,4.4,5.5,0
SV20211233,MA2010,Xác suất thống kê ứng dụng,3,Nhóm 01,Kinh tế số,1.9,69,6.1,60.7,12,75.1,75,7.0,6.2,0
SV20211234,IT4010,Học máy & Khai phá dữ liệu,3,Nhóm 02,Công nghệ thông tin,3.1,121,7.5,71.1,10,100.0,75,9.5,6.5,0
SV20211234,IT4020,Hệ quản trị CSDL nâng cao,3,Nhóm 02,Công nghệ thông tin,3.1,121,8.0,79.2,9,97.6,78,7.3,7.4,0
SV20211234,IT4030,Phát triển ứng dụng Web,4,Nhóm 02,Công nghệ thông tin,3.1,121,9.1,73.3,13,98.7,84,6.9,7.0,0
SV20211234,MA2010,Xác suất thống kê ứng dụng,3,Nhóm 02,Công nghệ thông tin,3.1,121,10.0,96.4,19,87.0,76,7.5,7.7,0
SV20211235,IT4010,Học máy & Khai phá dữ liệu,3,Nhóm 03,Công nghệ thông tin,2.1,68,7.3,88.5,8,76.2,67,7.1,5.6,0
SV20211235,IT4020,Hệ quản trị CSDL nâng cao,3,Nhóm 03,Công nghệ thông tin,2.1,68,6.2,75.8,8,76.0,70,2.7,4.0,1
SV20211235,IT4030,Phát triển ứng dụng Web,4,Nhóm 03,Công nghệ thông tin,2.1,68,7.4,75.7,7,73.5,63,9.7,6.8,0
SV20211235,MA2010,Xác suất thống kê ứng dụng,3,Nhóm 03,Công nghệ thông tin,2.1,68,6.7,84.9,13,100.0,65,2.9,4.6,1
SV20211236,IT4010,Học máy & Khai phá dữ liệu,3,Nhóm 04,Kỹ thuật dữ liệu,2.2,50,7.7,76.5,6,89.4,74,7.1,7.4,0
SV20211236,IT4020,Hệ quản trị CSDL nâng cao,3,Nhóm 04,Kỹ thuật dữ liệu,2.2,50,6.9,79.9,8,99.6,72,3.5,4.9,1
SV20211236,IT4030,Phát triển ứng dụng Web,4,Nhóm 04,Kỹ thuật dữ liệu,2.2,50,6.6,73.1,10,72.0,75,7.8,6.2,0
SV20211236,MA2010,Xác suất thống kê ứng dụng,3,Nhóm 04,Kỹ thuật dữ liệu,2.2,50,6.5,67.1,9,78.6,62,4.7,6.9,0
SV20211237,IT4010,Học máy & Khai phá dữ liệu,3,Nhóm 01,Công nghệ thông tin,3.8,132,10.0,91.0,24,82.7,95,12.8,9.2,0
SV20211237,IT4020,Hệ quản trị CSDL nâng cao,3,Nhóm 01,Công nghệ thông tin,3.8,132,10.0,100.0,14,85.2,83,8.8,10.0,0
SV20211237,IT4030,Phát triển ứng dụng Web,4,Nhóm 01,Công nghệ thông tin,3.8,132,10.0,95.0,17,100.0,82,13.1,7.7,0
SV20211237,MA2010,Xác suất thống kê ứng dụng,3,Nhóm 01,Công nghệ thông tin,3.8,132,9.9,82.0,22,100.0,84,7.1,7.7,0
SV20211238,IT4010,Học máy & Khai phá dữ liệu,3,Nhóm 02,Kinh tế số,3.0,84,9.4,93.1,12,92.6,88,9.5,8.3,0
SV20211238,IT4020,Hệ quản trị CSDL nâng cao,3,Nhóm 02,Kinh tế số,3.0,84,8.8,83.3,16,85.6,76,9.5,7.0,0
SV20211238,IT4030,Phát triển ứng dụng Web,4,Nhóm 02,Kinh tế số,3.0,84,9.7,91.4,8,80.1,66,4.6,6.9,0
SV20211238,MA2010,Xác suất thống kê ứng dụng,3,Nhóm 02,Kinh tế số,3.0,84,8.6,84.2,16,88.6,94,8.5,8.5,0
SV20211239,IT4010,Học máy & Khai phá dữ liệu,3,Nhóm 03,Công nghệ thông tin,2.7,101,8.0,88.4,12,77.5,73,6.5,8.2,0
SV20211239,IT4020,Hệ quản trị CSDL nâng cao,3,Nhóm 03,Công nghệ thông tin,2.7,101,7.3,71.6,15,78.7,73,8.9,7.9,0
SV20211239,IT4030,Phát triển ứng dụng Web,4,Nhóm 03,Công nghệ thông tin,2.7,101,9.7,80.2,9,85.7,79,7.6,8.7,0
SV20211239,MA2010,Xác suất thống kê ứng dụng,3,Nhóm 03,Công nghệ thông tin,2.7,101,8.3,74.6,12,99.9,75,3.1,7.1,0
SV20211240,IT4010,Học máy & Khai phá dữ liệu,3,Nhóm 04,Kỹ thuật dữ liệu,3.3,79,8.6,95.1,13,97.3,82,8.8,7.1,0
SV20211240,IT4020,Hệ quản trị CSDL nâng cao,3,Nhóm 04,Kỹ thuật dữ liệu,3.3,79,8.8,71.5,19,88.1,80,7.6,6.0,0
SV20211240,IT4030,Phát triển ứng dụng Web,4,Nhóm 04,Kỹ thuật dữ liệu,3.3,79,10.0,84.9,11,88.7,73,7.2,8.8,0
SV20211240,MA2010,Xác suất thống kê ứng dụng,3,Nhóm 04,Kỹ thuật dữ liệu,3.3,79,7.1,72.6,11,94.0,75,8.5,7.5,0
SV20211241,IT4010,Học máy & Khai phá dữ liệu,3,Nhóm 01,Kỹ thuật dữ liệu,3.4,94,7.2,87.5,13,90.4,82,8.6,7.0,0
SV20211241,IT4020,Hệ quản trị CSDL nâng cao,3,Nhóm 01,Kỹ thuật dữ liệu,3.4,94,8.3,79.9,15,89.8,78,10.8,5.6,0
SV20211241,IT4030,Phát triển ứng dụng Web,4,Nhóm 01,Kỹ thuật dữ liệu,3.4,94,9.2,87.1,16,92.9,82,7.6,8.5,0
SV20211241,MA2010,Xác suất thống kê ứng dụng,3,Nhóm 01,Kỹ thuật dữ liệu,3.4,94,7.8,82.1,12,100.0,77,8.7,6.7,0
SV20211242,IT4010,Học máy & Khai phá dữ liệu,3,Nhóm 02,Công nghệ thông tin,2.7,76,6.4,84.5,14,76.9,73,6.0,6.9,0
SV20211242,IT4020,Hệ quản trị CSDL nâng cao,3,Nhóm 02,Công nghệ thông tin,2.7,76,7.3,89.6,16,91.5,86,6.6,8.0,0
SV20211242,IT4030,Phát triển ứng dụng Web,4,Nhóm 02,Công nghệ thông tin,2.7,76,6.6,80.3,20,79.5,75,4.5,5.0,0
SV20211242,MA2010,Xác suất thống kê ứng dụng,3,Nhóm 02,Công nghệ thông tin,2.7,76,8.6,84.4,14,80.5,68,4.6,8.1,0
SV20211243,IT4010,Học máy & Khai phá dữ liệu,3,Nhóm 03,Kinh tế số,2.3,87,7.9,96.5,17,82.8,51,6.5,8.9,0
SV20211243,IT4020,Hệ quản trị CSDL nâng cao,3,Nhóm 03,Kinh tế số,2.3,87,7.5,85.6,7,91.2,76,5.8,5.0,0
SV20211243,IT4030,Phát triển ứng dụng Web,4,Nhóm 03,Kinh tế số,2.3,87,7.2,77.6,15,93.5,78,7.4,6.3,0
SV20211243,MA2010,Xác suất thống kê ứng dụng,3,Nhóm 03,Kinh tế số,2.3,87,8.8,81.6,4,82.8,66,6.1,7.4,0
SV20211244,IT4010,Học máy & Khai phá dữ liệu,3,Nhóm 04,Kinh tế số,2.2,75,7.6,72.3,10,71.5,81,8.4,7.9,0
SV20211244,IT4020,Hệ quản trị CSDL nâng cao,3,Nhóm 04,Kinh tế số,2.2,75,6.5,79.4,4,80.2,63,4.2,7.3,0
SV20211244,IT4030,Phát triển ứng dụng Web,4,Nhóm 04,Kinh tế số,2.2,75,6.8,72.3,9,78.2,63,2.4,6.2,0
SV20211244,MA2010,Xác suất thống kê ứng dụng,3,Nhóm 04,Kinh tế số,2.2,75,6.8,73.5,10,79.3,65,6.7,6.7,0
SV20211245,IT4010,Học máy & Khai phá dữ liệu,3,Nhóm 01,Kỹ thuật dữ liệu,2.5,108,8.6,75.1,5,92.8,90,6.5,8.0,0
SV20211245,IT4020,Hệ quản trị CSDL nâng cao,3,Nhóm 01,Kỹ thuật dữ liệu,2.5,108,6.6,81.2,7,81.4,73,8.0,5.6,0
SV20211245,IT4030,Phát triển ứng dụng Web,4,Nhóm 01,Kỹ thuật dữ liệu,2.5,108,8.1,70.3,11,91.1,76,8.1,7.0,0
SV20211245,MA2010,Xác suất thống kê ứng dụng,3,Nhóm 01,Kỹ thuật dữ liệu,2.5,108,7.0,76.8,4,100.0,72,7.0,6.0,0
SV20211246,IT4010,Học máy & Khai phá dữ liệu,3,Nhóm 02,Kỹ thuật dữ liệu,2.5,90,5.7,75.6,6,77.1,65,4.7,4.0,1
SV20211246,IT4020,Hệ quản trị CSDL nâng cao,3,Nhóm 02,Kỹ thuật dữ liệu,2.5,90,7.8,73.9,10,88.9,85,3.1,6.3,0
SV20211246,IT4030,Phát triển ứng dụng Web,4,Nhóm 02,Kỹ thuật dữ liệu,2.5,90,7.5,77.7,15,73.7,63,6.2,6.9,0
SV20211246,MA2010,Xác suất thống kê ứng dụng,3,Nhóm 02,Kỹ thuật dữ liệu,2.5,90,8.5,73.6,6,76.3,70,5.0,6.9,0
SV20211247,IT4010,Học máy & Khai phá dữ liệu,3,Nhóm 03,Kinh tế số,2.2,64,7.5,87.4,10,82.4,83,8.0,5.7,0
SV20211247,IT4020,Hệ quản trị CSDL nâng cao,3,Nhóm 03,Kinh tế số,2.2,64,5.8,83.2,11,78.3,80,6.0,4.0,1
SV20211247,IT4030,Phát triển ứng dụng Web,4,Nhóm 03,Kinh tế số,2.2,64,8.3,94.6,8,81.7,85,2.6,6.4,0
SV20211247,MA2010,Xác suất thống kê ứng dụng,3,Nhóm 03,Kinh tế số,2.2,64,7.9,85.4,6,80.8,58,2.6,7.6,0
SV20211248,IT4010,Học máy & Khai phá dữ liệu,3,Nhóm 04,Kinh tế số,2.0,71,8.6,86.9,15,75.0,71,6.1,9.0,0
SV20211248,IT4020,Hệ quản trị CSDL nâng cao,3,Nhóm 04,Kinh tế số,2.0,71,7.2,81.6,6,80.1,90,4.9,7.0,0
SV20211248,IT4030,Phát triển ứng dụng Web,4,Nhóm 04,Kinh tế số,2.0,71,6.1,71.3,18,68.1,84,6.3,6.1,0
SV20211248,MA2010,Xác suất thống kê ứng dụng,3,Nhóm 04,Kinh tế số,2.0,71,5.6,64.8,4,78.1,69,7.5,4.5,1
SV20211249,IT4010,Học máy & Khai phá dữ liệu,3,Nhóm 01,Công nghệ thông tin,2.9,70,8.1,77.1,11,86.4,81,5.0,8.0,0
SV20211249,IT4020,Hệ quản trị CSDL nâng cao,3,Nhóm 01,Công nghệ thông tin,2.9,70,8.2,93.3,5,93.4,81,5.7,7.1,0
SV20211249,IT4030,Phát triển ứng dụng Web,4,Nhóm 01,Công nghệ thông tin,2.9,70,7.5,65.9,14,90.5,74,4.3,6.5,0
SV20211249,MA2010,Xác suất thống kê ứng dụng,3,Nhóm 01,Công nghệ thông tin,2.9,70,7.8,87.4,11,83.9,64,5.8,6.0,0
SV20211250,IT4010,Học máy & Khai phá dữ liệu,3,Nhóm 02,Công nghệ thông tin,2.3,60,6.7,70.3,5,65.5,70,6.1,6.0,0
SV20211250,IT4020,Hệ quản trị CSDL nâng cao,3,Nhóm 02,Công nghệ thông tin,2.3,60,6.6,70.7,7,81.6,60,5.4,5.0,0
SV20211250,IT4030,Phát triển ứng dụng Web,4,Nhóm 02,Công nghệ thông tin,2.3,60,7.2,77.0,11,92.1,78,10.1,6.8,0
SV20211250,MA2010,Xác suất thống kê ứng dụng,3,Nhóm 02,Công nghệ thông tin,2.3,60,7.4,75.0,9,85.1,68,5.5,5.4,0
SV20211251,IT4010,Học máy & Khai phá dữ liệu,3,Nhóm 03,Công nghệ thông tin,3.1,81,7.3,86.6,17,82.6,71,8.2,7.6,0
SV20211251,IT4020,Hệ quản trị CSDL nâng cao,3,Nhóm 03,Công nghệ thông tin,3.1,81,8.5,81.3,12,93.9,83,8.2,5.6,0
SV20211251,IT4030,Phát triển ứng dụng Web,4,Nhóm 03,Công nghệ thông tin,3.1,81,8.3,90.5,11,96.6,77,8.2,8.4,0
SV20211251,MA2010,Xác suất thống kê ứng dụng,3,Nhóm 03,Công nghệ thông tin,3.1,81,7.5,83.6,9,94.2,73,4.8,8.7,0
SV20211252,IT4010,Học máy & Khai phá dữ liệu,3,Nhóm 04,Công nghệ thông tin,2.2,69,6.7,81.9,5,86.1,62,5.4,6.0,0
SV20211252,IT4020,Hệ quản trị CSDL nâng cao,3,Nhóm 04,Công nghệ thông tin,2.2,69,6.2,78.7,6,67.3,78,5.8,5.4,0
SV20211252,IT4030,Phát triển ứng dụng Web,4,Nhóm 04,Công nghệ thông tin,2.2,69,7.6,76.4,9,91.1,66,2.7,8.9,0
SV20211252,MA2010,Xác suất thống kê ứng dụng,3,Nhóm 04,Công nghệ thông tin,2.2,69,6.9,66.6,5,99.9,68,5.7,4.1,1
SV20211253,IT4010,Học máy & Khai phá dữ liệu,3,Nhóm 01,Kỹ thuật dữ liệu,2.9,69,7.6,92.2,8,83.4,80,9.9,10.0,0
SV20211253,IT4020,Hệ quản trị CSDL nâng cao,3,Nhóm 01,Kỹ thuật dữ liệu,2.9,69,7.3,99.8,13,71.9,67,6.9,6.6,0
SV20211253,IT4030,Phát triển ứng dụng Web,4,Nhóm 01,Kỹ thuật dữ liệu,2.9,69,8.2,73.3,13,85.4,76,9.8,7.7,0
SV20211253,MA2010,Xác suất thống kê ứng dụng,3,Nhóm 01,Kỹ thuật dữ liệu,2.9,69,8.1,81.5,8,96.2,68,8.0,8.5,0
SV20211254,IT4010,Học máy & Khai phá dữ liệu,3,Nhóm 02,Công nghệ thông tin,2.9,115,8.5,72.6,4,97.2,72,8.7,7.3,0
SV20211254,IT4020,Hệ quản trị CSDL nâng cao,3,Nhóm 02,Công nghệ thông tin,2.9,115,7.9,83.6,15,83.0,65,7.2,8.9,0
SV20211254,IT4030,Phát triển ứng dụng Web,4,Nhóm 02,Công nghệ thông tin,2.9,115,7.3,86.7,17,80.0,76,7.0,7.0,0
SV20211254,MA2010,Xác suất thống kê ứng dụng,3,Nhóm 02,Công nghệ thông tin,2.9,115,8.5,97.1,12,77.4,83,5.1,8.2,0
SV20211255,IT4010,Học máy & Khai phá dữ liệu,3,Nhóm 03,Kỹ thuật dữ liệu,1.9,28,5.7,84.4,10,86.5,68,1.2,4.8,1
SV20211255,IT4020,Hệ quản trị CSDL nâng cao,3,Nhóm 03,Kỹ thuật dữ liệu,1.9,28,4.7,57.1,16,66.3,73,2.8,5.5,0
SV20211255,IT4030,Phát triển ứng dụng Web,4,Nhóm 03,Kỹ thuật dữ liệu,1.9,28,5.5,91.5,2,63.1,64,1.6,5.5,0
SV20211255,MA2010,Xác suất thống kê ứng dụng,3,Nhóm 03,Kỹ thuật dữ liệu,1.9,28,5.6,73.4,6,70.5,72,3.7,3.7,1
SV20211256,IT4010,Học máy & Khai phá dữ liệu,3,Nhóm 04,Kinh tế số,2.9,81,8.8,85.1,15,86.3,75,7.5,5.2,0
SV20211256,IT4020,Hệ quản trị CSDL nâng cao,3,Nhóm 04,Kinh tế số,2.9,81,7.9,88.5,18,85.4,83,5.6,6.2,0
SV20211256,IT4030,Phát triển ứng dụng Web,4,Nhóm 04,Kinh tế số,2.9,81,7.1,97.3,20,88.1,82,9.5,7.6,0
SV20211256,MA2010,Xác suất thống kê ứng dụng,3,Nhóm 04,Kinh tế số,2.9,81,9.3,92.2,12,88.3,90,6.9,10.0,0
SV20211257,IT4010,Học máy & Khai phá dữ liệu,3,Nhóm 01,Công nghệ thông tin,2.9,65,8.8,99.6,8,96.2,66,10.8,7.2,0
SV20211257,IT4020,Hệ quản trị CSDL nâng cao,3,Nhóm 01,Công nghệ thông tin,2.9,65,7.8,85.8,15,83.9,73,7.6,7.0,0
SV20211257,IT4030,Phát triển ứng dụng Web,4,Nhóm 01,Công nghệ thông tin,2.9,65,8.7,78.8,8,88.7,88,8.2,8.3,0
SV20211257,MA2010,Xác suất thống kê ứng dụng,3,Nhóm 01,Công nghệ thông tin,2.9,65,6.8,86.3,14,79.3,70,6.1,7.2,0
SV20211258,IT4010,Học máy & Khai phá dữ liệu,3,Nhóm 02,Công nghệ thông tin,2.9,53,7.4,64.6,9,70.4,66,8.9,8.1,0
SV20211258,IT4020,Hệ quản trị CSDL nâng cao,3,Nhóm 02,Công nghệ thông tin,2.9,53,6.4,77.5,12,78.7,67,4.4,5.8,0
SV20211258,IT4030,Phát triển ứng dụng Web,4,Nhóm 02,Công nghệ thông tin,2.9,53,7.9,87.4,2,78.2,70,5.0,6.0,0
SV20211258,MA2010,Xác suất thống kê ứng dụng,3,Nhóm 02,Công nghệ thông tin,2.9,53,5.5,86.8,8,89.4,80,4.9,4.1,1
SV20211259,IT4010,Học máy & Khai phá dữ liệu,3,Nhóm 03,Công nghệ thông tin,3.6,98,9.0,90.0,23,100.0,91,9.0,6.2,0
SV20211259,IT4020,Hệ quản trị CSDL nâng cao,3,Nhóm 03,Công nghệ thông tin,3.6,98,8.8,86.5,7,100.0,89,12.3,9.0,0
SV20211259,IT4030,Phát triển ứng dụng Web,4,Nhóm 03,Công nghệ thông tin,3.6,98,8.9,96.3,18,99.9,66,6.9,7.4,0
SV20211259,MA2010,Xác suất thống kê ứng dụng,3,Nhóm 03,Công nghệ thông tin,3.6,98,7.7,89.3,15,80.9,81,9.4,6.5,0
SV20211260,IT4010,Học máy & Khai phá dữ liệu,3,Nhóm 04,Công nghệ thông tin,3.4,113,9.8,94.0,18,100.0,77,7.6,8.9,0
SV20211260,IT4020,Hệ quản trị CSDL nâng cao,3,Nhóm 04,Công nghệ thông tin,3.4,113,8.2,96.0,11,86.7,87,6.3,6.8,0
SV20211260,IT4030,Phát triển ứng dụng Web,4,Nhóm 04,Công nghệ thông tin,3.4,113,9.8,83.4,15,88.4,74,8.6,7.3,0
SV20211260,MA2010,Xác suất thống kê ứng dụng,3,Nhóm 04,Công nghệ thông tin,3.4,113,8.9,99.6,15,97.6,93,8.0,7.9,0
SV20211261,IT4010,Học máy & Khai phá dữ liệu,3,Nhóm 01,Công nghệ thông tin,2.8,79,5.5,95.0,10,78.9,57,6.2,6.4,0
SV20211261,IT4020,Hệ quản trị CSDL nâng cao,3,Nhóm 01,Công nghệ thông tin,2.8,79,4.9,78.0,5,65.0,74,6.3,6.8,0
SV20211261,IT4030,Phát triển ứng dụng Web,4,Nhóm 01,Công nghệ thông tin,2.8,79,6.0,87.0,9,86.6,75,3.7,6.3,0
SV20211261,MA2010,Xác suất thống kê ứng dụng,3,Nhóm 01,Công nghệ thông tin,2.8,79,6.4,80.1,7,76.3,69,4.3,5.8,0
SV20211262,IT4010,Học máy & Khai phá dữ liệu,3,Nhóm 02,Kinh tế số,3.3,73,7.3,70.9,12,77.0,78,6.4,9.3,0
SV20211262,IT4020,Hệ quản trị CSDL nâng cao,3,Nhóm 02,Kinh tế số,3.3,73,7.6,83.9,11,78.8,86,6.2,6.8,0
SV20211262,IT4030,Phát triển ứng dụng Web,4,Nhóm 02,Kinh tế số,3.3,73,8.8,65.7,10,67.7,72,5.0,9.1,0
SV20211262,MA2010,Xác suất thống kê ứng dụng,3,Nhóm 02,Kinh tế số,3.3,73,8.0,93.3,11,92.9,75,10.5,7.7,0
SV20211263,IT4010,Học máy & Khai phá dữ liệu,3,Nhóm 03,Công nghệ thông tin,2.5,78,8.0,74.9,10,100.0,75,7.4,6.6,0
SV20211263,IT4020,Hệ quản trị CSDL nâng cao,3,Nhóm 03,Công nghệ thông tin,2.5,78,7.9,96.2,13,93.2,84,9.7,7.5,0
SV20211263,IT4030,Phát triển ứng dụng Web,4,Nhóm 03,Công nghệ thông tin,2.5,78,7.9,89.8,9,75.5,73,7.8,9.0,0
SV20211263,MA2010,Xác suất thống kê ứng dụng,3,Nhóm 03,Công nghệ thông tin,2.5,78,7.3,74.3,8,74.1,64,6.4,6.9,0
SV20211264,IT4010,Học máy & Khai phá dữ liệu,3,Nhóm 04,Công nghệ thông tin,1.7,34,4.7,62.7,1,68.9,54,7.5,5.3,0
SV20211264,IT4020,Hệ quản trị CSDL nâng cao,3,Nhóm 04,Công nghệ thông tin,1.7,34,6.3,83.6,1,63.0,62,2.1,3.3,1
SV20211264,IT4030,Phát triển ứng dụng Web,4,Nhóm 04,Công nghệ thông tin,1.7,34,5.3,80.7,3,48.0,62,1.9,4.8,1
SV20211264,MA2010,Xác suất thống kê ứng dụng,3,Nhóm 04,Công nghệ thông tin,1.7,34,5.8,53.8,1,80.4,66,4.2,5.2,0
SV20211265,IT4010,Học máy & Khai phá dữ liệu,3,Nhóm 01,Kinh tế số,2.8,64,6.3,84.5,12,81.5,76,7.6,7.4,0
SV20211265,IT4020,Hệ quản trị CSDL nâng cao,3,Nhóm 01,Kinh tế số,2.8,64,6.4,70.1,5,81.2,81,6.3,4.8,1
SV20211265,IT4030,Phát triển ứng dụng Web,4,Nhóm 01,Kinh tế số,2.8,64,7.6,80.7,12,81.9,82,5.4,6.0,0
SV20211265,MA2010,Xác suất thống kê ứng dụng,3,Nhóm 01,Kinh tế số,2.8,64,8.1,78.7,12,76.1,95,5.1,6.2,0
SV20211266,IT4010,Học máy & Khai phá dữ liệu,3,Nhóm 02,Công nghệ thông tin,2.7,67,8.5,85.1,4,86.3,64,6.2,8.6,0
SV20211266,IT4020,Hệ quản trị CSDL nâng cao,3,Nhóm 02,Công nghệ thông tin,2.7,67,6.3,60.4,13,74.5,82,5.9,3.4,1
SV20211266,IT4030,Phát triển ứng dụng Web,4,Nhóm 02,Công nghệ thông tin,2.7,67,8.2,84.0,9,93.6,73,4.4,7.3,0
SV20211266,MA2010,Xác suất thống kê ứng dụng,3,Nhóm 02,Công nghệ thông tin,2.7,67,7.6,88.9,8,61.6,65,1.0,7.4,0
SV20211267,IT4010,Học máy & Khai phá dữ liệu,3,Nhóm 03,Kinh tế số,2.9,73,7.6,99.0,12,100.0,84,8.5,5.7,0
SV20211267,IT4020,Hệ quản trị CSDL nâng cao,3,Nhóm 03,Kinh tế số,2.9,73,7.5,76.1,15,84.2,72,4.1,4.8,1
SV20211267,IT4030,Phát triển ứng dụng Web,4,Nhóm 03,Kinh tế số,2.9,73,9.0,91.9,13,99.6,88,6.1,8.7,0
SV20211267,MA2010,Xác suất thống kê ứng dụng,3,Nhóm 03,Kinh tế số,2.9,73,8.5,82.5,9,90.5,72,6.7,8.3,0
SV20211268,IT4010,Học máy & Khai phá dữ liệu,3,Nhóm 04,Công nghệ thông tin,3.5,132,9.7,88.1,22,100.0,89,11.1,8.6,0
SV20211268,IT4020,Hệ quản trị CSDL nâng cao,3,Nhóm 04,Công nghệ thông tin,3.5,132,10.0,100.0,16,91.5,94,11.0,9.4,0
SV20211268,IT4030,Phát triển ứng dụng Web,4,Nhóm 04,Công nghệ thông tin,3.5,132,9.5,100.0,15,94.8,70,11.8,10.0,0
SV20211268,MA2010,Xác suất thống kê ứng dụng,3,Nhóm 04,Công nghệ thông tin,3.5,132,10.0,95.4,21,100.0,73,8.1,7.1,0
SV20211269,IT4010,Học máy & Khai phá dữ liệu,3,Nhóm 01,Kinh tế số,3.8,91,7.2,97.7,12,94.6,70,7.6,7.1,0
SV20211269,IT4020,Hệ quản trị CSDL nâng cao,3,Nhóm 01,Kinh tế số,3.8,91,9.0,83.2,16,87.8,79,7.5,7.0,0
SV20211269,IT4030,Phát triển ứng dụng Web,4,Nhóm 01,Kinh tế số,3.8,91,7.6,89.0,10,84.5,93,6.6,9.7,0
SV20211269,MA2010,Xác suất thống kê ứng dụng,3,Nhóm 01,Kinh tế số,3.8,91,8.3,77.1,19,84.3,97,8.2,8.0,0
SV20211270,IT4010,Học máy & Khai phá dữ liệu,3,Nhóm 02,Công nghệ thông tin,2.1,66,6.0,72.0,5,79.8,60,5.7,5.7,0
SV20211270,IT4020,Hệ quản trị CSDL nâng cao,3,Nhóm 02,Công nghệ thông tin,2.1,66,4.9,66.6,7,84.2,73,6.8,4.7,1
SV20211270,IT4030,Phát triển ứng dụng Web,4,Nhóm 02,Công nghệ thông tin,2.1,66,7.0,83.3,2,79.8,57,1.2,5.6,0
SV20211270,MA2010,Xác suất thống kê ứng dụng,3,Nhóm 02,Công nghệ thông tin,2.1,66,5.6,78.2,4,85.5,72,5.2,4.9,1
SV20211271,IT4010,Học máy & Khai phá dữ liệu,3,Nhóm 03,Kinh tế số,3.1,78,6.7,81.3,10,90.4,87,8.5,5.4,0
SV20211271,IT4020,Hệ quản trị CSDL nâng cao,3,Nhóm 03,Kinh tế số,3.1,78,7.3,99.7,22,97.9,72,4.9,6.4,0
SV20211271,IT4030,Phát triển ứng dụng Web,4,Nhóm 03,Kinh tế số,3.1,78,9.1,80.1,18,93.3,81,8.1,8.8,0
SV20211271,MA2010,Xác suất thống kê ứng dụng,3,Nhóm 03,Kinh tế số,3.1,78,8.4,86.9,14,83.6,83,7.0,7.9,0
SV20211272,IT4010,Học máy & Khai phá dữ liệu,3,Nhóm 04,Công nghệ thông tin,2.4,55,6.6,76.4,12,100.0,68,4.6,6.4,0
SV20211272,IT4020,Hệ quản trị CSDL nâng cao,3,Nhóm 04,Công nghệ thông tin,2.4,55,7.8,82.7,9,65.4,70,4.4,6.5,0
SV20211272,IT4030,Phát triển ứng dụng Web,4,Nhóm 04,Công nghệ thông tin,2.4,55,6.9,68.1,12,82.9,73,7.7,6.3,0
SV20211272,MA2010,Xác suất thống kê ứng dụng,3,Nhóm 04,Công nghệ thông tin,2.4,55,6.1,73.2,7,69.9,84,5.2,5.0,0
SV20211273,IT4010,Học máy & Khai phá dữ liệu,3,Nhóm 01,Công nghệ thông tin,3.2,103,9.1,95.4,3,73.7,76,9.8,5.9,0
SV20211273,IT4020,Hệ quản trị CSDL nâng cao,3,Nhóm 01,Công nghệ thông tin,3.2,103,6.8,81.9,16,67.0,68,9.9,6.5,0
SV20211273,IT4030,Phát triển ứng dụng Web,4,Nhóm 01,Công nghệ thông tin,3.2,103,8.8,96.7,7,84.0,82,9.7,8.7,0
SV20211273,MA2010,Xác suất thống kê ứng dụng,3,Nhóm 01,Công nghệ thông tin,3.2,103,8.2,85.0,18,91.5,69,7.9,6.2,0
SV20211274,IT4010,Học máy & Khai phá dữ liệu,3,Nhóm 02,Kỹ thuật dữ liệu,2.2,89,6.4,71.1,14,89.9,76,4.4,5.0,0
SV20211274,IT4020,Hệ quản trị CSDL nâng cao,3,Nhóm 02,Kỹ thuật dữ liệu,2.2,89,7.0,75.4,7,70.7,76,2.9,5.9,0
SV20211274,IT4030,Phát triển ứng dụng Web,4,Nhóm 02,Kỹ thuật dữ liệu,2.2,89,7.5,85.7,13,77.6,72,8.0,6.8,0
SV20211274,MA2010,Xác suất thống kê ứng dụng,3,Nhóm 02,Kỹ thuật dữ liệu,2.2,89,7.8,80.3,3,83.5,79,8.8,6.2,0
SV20211275,IT4010,Học máy & Khai phá dữ liệu,3,Nhóm 03,Công nghệ thông tin,1.9,66,4.7,76.2,9,69.3,68,4.7,5.3,0
SV20211275,IT4020,Hệ quản trị CSDL nâng cao,3,Nhóm 03,Công nghệ thông tin,1.9,66,6.2,96.5,11,74.4,81,3.6,5.1,0
SV20211275,IT4030,Phát triển ứng dụng Web,4,Nhóm 03,Công nghệ thông tin,1.9,66,5.7,82.6,5,64.0,60,6.1,5.3,0
SV20211275,MA2010,Xác suất thống kê ứng dụng,3,Nhóm 03,Công nghệ thông tin,1.9,66,6.0,60.9,1,85.3,83,3.3,6.0,0
SV20211276,IT4010,Học máy & Khai phá dữ liệu,3,Nhóm 04,Công nghệ thông tin,3.0,56,6.9,80.3,16,92.6,85,5.9,6.8,0
SV20211276,IT4020,Hệ quản trị CSDL nâng cao,3,Nhóm 04,Công nghệ thông tin,3.0,56,7.1,95.7,16,84.7,74,6.9,6.4,0
SV20211276,IT4030,Phát triển ứng dụng Web,4,Nhóm 04,Công nghệ thông tin,3.0,56,8.8,82.9,7,76.9,74,8.1,7.8,0
SV20211276,MA2010,Xác suất thống kê ứng dụng,3,Nhóm 04,Công nghệ thông tin,3.0,56,7.0,88.9,16,84.8,73,7.2,7.1,0
SV20211277,IT4010,Học máy & Khai phá dữ liệu,3,Nhóm 01,Kinh tế số,3.2,104,7.3,98.6,10,100.0,71,8.8,5.6,0
SV20211277,IT4020,Hệ quản trị CSDL nâng cao,3,Nhóm 01,Kinh tế số,3.2,104,8.2,84.7,12,74.2,76,8.1,7.0,0
SV20211277,IT4030,Phát triển ứng dụng Web,4,Nhóm 01,Kinh tế số,3.2,104,9.9,86.3,17,87.3,95,9.1,10.0,0
SV20211277,MA2010,Xác suất thống kê ứng dụng,3,Nhóm 01,Kinh tế số,3.2,104,7.8,82.6,11,89.4,79,7.2,6.0,0
SV20211278,IT4010,Học máy & Khai phá dữ liệu,3,Nhóm 02,Công nghệ thông tin,2.0,57,5.1,79.8,8,80.1,76,2.9,4.8,1
SV20211278,IT4020,Hệ quản trị CSDL nâng cao,3,Nhóm 02,Công nghệ thông tin,2.0,57,4.8,64.1,1,68.1,58,5.7,5.1,0
SV20211278,IT4030,Phát triển ứng dụng Web,4,Nhóm 02,Công nghệ thông tin,2.0,57,6.7,71.6,4,89.4,56,3.3,5.0,0
SV20211278,MA2010,Xác suất thống kê ứng dụng,3,Nhóm 02,Công nghệ thông tin,2.0,57,7.7,94.8,8,70.5,59,4.7,6.0,0
SV20211279,IT4010,Học máy & Khai phá dữ liệu,3,Nhóm 03,Công nghệ thông tin,2.9,79,7.6,86.8,11,97.8,72,6.9,6.0,0
SV20211279,IT4020,Hệ quản trị CSDL nâng cao,3,Nhóm 03,Công nghệ thông tin,2.9,79,7.2,82.9,10,68.7,71,5.8,6.0,0
SV20211279,IT4030,Phát triển ứng dụng Web,4,Nhóm 03,Công nghệ thông tin,2.9,79,8.2,100.0,10,68.0,82,7.7,7.2,0
SV20211279,MA2010,Xác suất thống kê ứng dụng,3,Nhóm 03,Công nghệ thông tin,2.9,79,8.6,100.0,15,74.6,69,9.9,8.1,0
SV20211280,IT4010,Học máy & Khai phá dữ liệu,3,Nhóm 04,Công nghệ thông tin,2.5,50,6.8,78.0,5,68.0,74,4.7,6.8,0
SV20211280,IT4020,Hệ quản trị CSDL nâng cao,3,Nhóm 04,Công nghệ thông tin,2.5,50,7.8,86.4,7,85.9,66,3.0,6.8,0
SV20211280,IT4030,Phát triển ứng dụng Web,4,Nhóm 04,Công nghệ thông tin,2.5,50,7.1,65.2,12,79.8,76,5.0,6.5,0
SV20211280,MA2010,Xác suất thống kê ứng dụng,3,Nhóm 04,Công nghệ thông tin,2.5,50,6.3,73.8,6,65.2,77,9.2,7.3,0
SV20211281,IT4010,Học máy & Khai phá dữ liệu,3,Nhóm 01,Công nghệ thông tin,3.6,115,7.8,94.0,16,100.0,79,8.7,8.7,0
SV20211281,IT4020,Hệ quản trị CSDL nâng cao,3,Nhóm 01,Công nghệ thông tin,3.6,115,8.1,94.1,24,85.7,83,8.4,5.9,0
SV20211281,IT4030,Phát triển ứng dụng Web,4,Nhóm 01,Công nghệ thông tin,3.6,115,9.4,100.0,13,100.0,92,8.4,6.9,0
SV20211281,MA2010,Xác suất thống kê ứng dụng,3,Nhóm 01,Công nghệ thông tin,3.6,115,8.9,99.8,13,84.9,82,14.5,8.1,0
SV20211282,IT4010,Học máy & Khai phá dữ liệu,3,Nhóm 02,Kỹ thuật dữ liệu,2.5,93,8.0,77.3,8,83.3,66,3.0,5.1,0
SV20211282,IT4020,Hệ quản trị CSDL nâng cao,3,Nhóm 02,Kỹ thuật dữ liệu,2.5,93,7.3,76.4,12,74.9,78,3.7,5.9,0
SV20211282,IT4030,Phát triển ứng dụng Web,4,Nhóm 02,Kỹ thuật dữ liệu,2.5,93,7.2,79.1,8,85.6,89,7.7,7.5,0
SV20211282,MA2010,Xác suất thống kê ứng dụng,3,Nhóm 02,Kỹ thuật dữ liệu,2.5,93,6.6,89.6,12,85.2,72,6.4,5.5,0
SV20211283,IT4010,Học máy & Khai phá dữ liệu,3,Nhóm 03,Công nghệ thông tin,3.8,113,9.4,97.1,10,100.0,76,8.3,8.0,0
SV20211283,IT4020,Hệ quản trị CSDL nâng cao,3,Nhóm 03,Công nghệ thông tin,3.8,113,8.3,96.1,17,100.0,85,9.5,7.4,0
SV20211283,IT4030,Phát triển ứng dụng Web,4,Nhóm 03,Công nghệ thông tin,3.8,113,9.6,96.1,10,100.0,84,8.0,8.9,0
SV20211283,MA2010,Xác suất thống kê ứng dụng,3,Nhóm 03,Công nghệ thông tin,3.8,113,10.0,99.5,10,85.2,89,11.4,8.3,0
SV20211284,IT4010,Học máy & Khai phá dữ liệu,3,Nhóm 04,Công nghệ thông tin,2.7,90,7.6,75.1,12,100.0,74,3.7,7.2,0
SV20211284,IT4020,Hệ quản trị CSDL nâng cao,3,Nhóm 04,Công nghệ thông tin,2.7,90,7.6,95.5,14,81.6,69,6.6,5.9,0
SV20211284,IT4030,Phát triển ứng dụng Web,4,Nhóm 04,Công nghệ thông tin,2.7,90,7.1,81.1,9,82.5,69,8.9,6.4,0
SV20211284,MA2010,Xác suất thống kê ứng dụng,3,Nhóm 04,Công nghệ thông tin,2.7,90,6.5,100.0,13,85.8,76,3.9,7.1,0
SV20211285,IT4010,Học máy & Khai phá dữ liệu,3,Nhóm 01,Kinh tế số,3.0,103,7.9,69.8,19,77.9,85,8.4,8.3,0
SV20211285,IT4020,Hệ quản trị CSDL nâng cao,3,Nhóm 01,Kinh tế số,3.0,103,8.9,94.5,12,82.3,82,7.4,7.4,0
SV20211285,IT4030,Phát triển ứng dụng Web,4,Nhóm 01,Kinh tế số,3.0,103,8.0,93.3,10,91.2,73,4.8,7.3,0
SV20211285,MA2010,Xác suất thống kê ứng dụng,3,Nhóm 01,Kinh tế số,3.0,103,9.0,100.0,14,99.2,94,8.0,8.5,0
SV20211286,IT4010,Học máy & Khai phá dữ liệu,3,Nhóm 02,Công nghệ thông tin,2.8,68,6.4,77.1,10,72.8,72,7.0,6.0,0
SV20211286,IT4020,Hệ quản trị CSDL nâng cao,3,Nhóm 02,Công nghệ thông tin,2.8,68,7.6,71.9,18,75.3,74,6.2,5.9,0
SV20211286,IT4030,Phát triển ứng dụng Web,4,Nhóm 02,Công nghệ thông tin,2.8,68,6.5,81.9,15,80.7,89,5.7,6.3,0
SV20211286,MA2010,Xác suất thống kê ứng dụng,3,Nhóm 02,Công nghệ thông tin,2.8,68,6.9,71.0,12,85.5,67,7.7,7.6,0
SV20211287,IT4010,Học máy & Khai phá dữ liệu,3,Nhóm 03,Kỹ thuật dữ liệu,3.1,102,9.5,100.0,12,89.0,92,6.7,7.8,0
SV20211287,IT4020,Hệ quản trị CSDL nâng cao,3,Nhóm 03,Kỹ thuật dữ liệu,3.1,102,8.9,91.5,15,100.0,82,9.5,8.0,0
SV20211287,IT4030,Phát triển ứng dụng Web,4,Nhóm 03,Kỹ thuật dữ liệu,3.1,102,8.5,100.0,18,82.9,85,9.2,9.1,0
SV20211287,MA2010,Xác suất thống kê ứng dụng,3,Nhóm 03,Kỹ thuật dữ liệu,3.1,102,8.5,92.2,14,88.0,83,9.2,8.6,0
SV20211288,IT4010,Học máy & Khai phá dữ liệu,3,Nhóm 04,Công nghệ thông tin,2.8,56,6.1,90.1,4,86.2,75,4.8,6.4,0
SV20211288,IT4020,Hệ quản trị CSDL nâng cao,3,Nhóm 04,Công nghệ thông tin,2.8,56,7.3,80.9,7,76.8,66,5.1,7.6,0
SV20211288,IT4030,Phát triển ứng dụng Web,4,Nhóm 04,Công nghệ thông tin,2.8,56,7.2,71.5,11,66.4,64,4.2,6.9,0
SV20211288,MA2010,Xác suất thống kê ứng dụng,3,Nhóm 04,Công nghệ thông tin,2.8,56,6.4,78.5,10,91.4,56,3.5,3.6,1
SV20211289,IT4010,Học máy & Khai phá dữ liệu,3,Nhóm 01,Kinh tế số,3.0,93,6.6,97.4,10,78.2,78,7.3,6.2,0
SV20211289,IT4020,Hệ quản trị CSDL nâng cao,3,Nhóm 01,Kinh tế số,3.0,93,7.7,88.2,14,84.7,85,9.0,6.1,0
SV20211289,IT4030,Phát triển ứng dụng Web,4,Nhóm 01,Kinh tế số,3.0,93,8.5,72.7,8,81.8,76,7.9,7.8,0
SV20211289,MA2010,Xác suất thống kê ứng dụng,3,Nhóm 01,Kinh tế số,3.0,93,8.6,70.9,11,86.4,89,6.2,6.5,0
SV20211290,IT4010,Học máy & Khai phá dữ liệu,3,Nhóm 02,Công nghệ thông tin,3.2,116,8.9,100.0,10,90.4,80,11.2,9.4,0
SV20211290,IT4020,Hệ quản trị CSDL nâng cao,3,Nhóm 02,Công nghệ thông tin,3.2,116,7.9,89.5,17,92.3,80,10.3,7.8,0
SV20211290,IT4030,Phát triển ứng dụng Web,4,Nhóm 02,Công nghệ thông tin,3.2,116,8.5,100.0,16,96.6,85,8.6,6.6,0
SV20211290,MA2010,Xác suất thống kê ứng dụng,3,Nhóm 02,Công nghệ thông tin,3.2,116,9.0,96.3,23,79.0,83,10.0,8.1,0
SV20211291,IT4010,Học máy & Khai phá dữ liệu,3,Nhóm 03,Kinh tế số,2.6,83,6.9,75.5,6,74.7,72,9.0,6.4,0
SV20211291,IT4020,Hệ quản trị CSDL nâng cao,3,Nhóm 03,Kinh tế số,2.6,83,7.6,73.9,15,80.7,74,2.9,7.7,0
SV20211291,IT4030,Phát triển ứng dụng Web,4,Nhóm 03,Kinh tế số,2.6,83,6.9,76.4,5,79.1,78,7.5,5.1,0
SV20211291,MA2010,Xác suất thống kê ứng dụng,3,Nhóm 03,Kinh tế số,2.6,83,6.0,75.3,5,70.0,58,3.1,5.2,0
SV20211292,IT4010,Học máy & Khai phá dữ liệu,3,Nhóm 04,Kinh tế số,2.6,68,6.7,92.2,13,90.5,75,6.1,5.7,0
SV20211292,IT4020,Hệ quản trị CSDL nâng cao,3,Nhóm 04,Kinh tế số,2.6,68,6.3,68.6,5,63.8,69,4.7,5.8,0
SV20211292,IT4030,Phát triển ứng dụng Web,4,Nhóm 04,Kinh tế số,2.6,68,6.8,68.9,7,72.7,67,6.0,7.7,0
SV20211292,MA2010,Xác suất thống kê ứng dụng,3,Nhóm 04,Kinh tế số,2.6,68,5.9,67.9,8,78.5,64,7.6,4.8,1
SV20211293,IT4010,Học máy & Khai phá dữ liệu,3,Nhóm 01,Công nghệ thông tin,2.4,61,7.0,78.2,10,70.3,64,7.6,6.0,0
SV20211293,IT4020,Hệ quản trị CSDL nâng cao,3,Nhóm 01,Công nghệ thông tin,2.4,61,5.4,83.6,5,64.3,73,7.1,5.8,0
SV20211293,IT4030,Phát triển ứng dụng Web,4,Nhóm 01,Công nghệ thông tin,2.4,61,7.6,76.2,5,85.9,54,7.0,8.0,0
SV20211293,MA2010,Xác suất thống kê ứng dụng,3,Nhóm 01,Công nghệ thông tin,2.4,61,3.1,60.7,17,70.5,65,5.3,3.8,1
SV20211294,IT4010,Học máy & Khai phá dữ liệu,3,Nhóm 02,Kinh tế số,3.0,107,7.8,94.9,14,88.6,74,8.5,6.6,0
SV20211294,IT4020,Hệ quản trị CSDL nâng cao,3,Nhóm 02,Kinh tế số,3.0,107,10.0,89.8,16,87.0,78,9.5,8.3,0
SV20211294,IT4030,Phát triển ứng dụng Web,4,Nhóm 02,Kinh tế số,3.0,107,8.2,100.0,11,95.9,76,6.7,7.0,0
SV20211294,MA2010,Xác suất thống kê ứng dụng,3,Nhóm 02,Kinh tế số,3.0,107,8.1,77.3,8,84.7,87,11.9,7.2,0
SV20211295,IT4010,Học máy & Khai phá dữ liệu,3,Nhóm 03,Công nghệ thông tin,2.1,52,5.2,86.7,10,69.5,77,4.9,5.5,0
SV20211295,IT4020,Hệ quản trị CSDL nâng cao,3,Nhóm 03,Công nghệ thông tin,2.1,52,7.4,91.7,13,88.3,72,6.5,6.1,0
SV20211295,IT4030,Phát triển ứng dụng Web,4,Nhóm 03,Công nghệ thông tin,2.1,52,7.6,75.2,11,57.0,68,9.0,8.5,0
SV20211295,MA2010,Xác suất thống kê ứng dụng,3,Nhóm 03,Công nghệ thông tin,2.1,52,6.5,70.7,7,95.4,64,8.6,6.7,0
SV20211296,IT4010,Học máy & Khai phá dữ liệu,3,Nhóm 04,Công nghệ thông tin,2.7,58,5.7,80.4,11,79.1,64,5.8,4.3,1
SV20211296,IT4020,Hệ quản trị CSDL nâng cao,3,Nhóm 04,Công nghệ thông tin,2.7,58,5.2,88.1,9,100.0,77,5.3,4.7,1
SV20211296,IT4030,Phát triển ứng dụng Web,4,Nhóm 04,Công nghệ thông tin,2.7,58,8.4,79.0,7,71.6,66,4.8,9.8,0
SV20211296,MA2010,Xác suất thống kê ứng dụng,3,Nhóm 04,Công nghệ thông tin,2.7,58,6.4,88.9,3,92.5,71,6.2,5.7,0
SV20211297,IT4010,Học máy & Khai phá dữ liệu,3,Nhóm 01,Công nghệ thông tin,3.4,105,7.7,74.3,19,90.8,87,7.0,5.9,0
SV20211297,IT4020,Hệ quản trị CSDL nâng cao,3,Nhóm 01,Công nghệ thông tin,3.4,105,6.9,98.7,14,87.9,79,7.7,6.7,0
SV20211297,IT4030,Phát triển ứng dụng Web,4,Nhóm 01,Công nghệ thông tin,3.4,105,9.3,95.5,14,92.9,80,8.7,6.3,0
SV20211297,MA2010,Xác suất thống kê ứng dụng,3,Nhóm 01,Công nghệ thông tin,3.4,105,8.1,81.9,10,85.7,67,7.3,8.3,0
SV20211298,IT4010,Học máy & Khai phá dữ liệu,3,Nhóm 02,Kỹ thuật dữ liệu,2.7,58,6.7,91.9,10,89.8,80,6.2,6.0,0
SV20211298,IT4020,Hệ quản trị CSDL nâng cao,3,Nhóm 02,Kỹ thuật dữ liệu,2.7,58,6.3,87.1,3,89.5,87,3.2,4.6,1
SV20211298,IT4030,Phát triển ứng dụng Web,4,Nhóm 02,Kỹ thuật dữ liệu,2.7,58,7.0,81.3,14,82.9,73,4.1,7.3,0
SV20211298,MA2010,Xác suất thống kê ứng dụng,3,Nhóm 02,Kỹ thuật dữ liệu,2.7,58,6.6,71.3,11,79.9,74,6.7,7.6,0
SV20211299,IT4010,Học máy & Khai phá dữ liệu,3,Nhóm 03,Kinh tế số,2.5,51,6.3,77.8,3,94.6,80,3.3,4.7,1
SV20211299,IT4020,Hệ quản trị CSDL nâng cao,3,Nhóm 03,Kinh tế số,2.5,51,6.1,67.7,14,81.0,62,4.0,6.0,0
SV20211299,IT4030,Phát triển ứng dụng Web,4,Nhóm 03,Kinh tế số,2.5,51,5.9,85.2,9,75.0,72,2.7,6.5,0
SV20211299,MA2010,Xác suất thống kê ứng dụng,3,Nhóm 03,Kinh tế số,2.5,51,5.1,71.0,10,69.6,70,6.5,5.7,0
SV20211300,IT4010,Học máy & Khai phá dữ liệu,3,Nhóm 04,Kỹ thuật dữ liệu,2.7,77,7.8,96.8,4,100.0,76,8.1,6.3,0
SV20211300,IT4020,Hệ quản trị CSDL nâng cao,3,Nhóm 04,Kỹ thuật dữ liệu,2.7,77,6.8,91.6,16,80.5,86,8.3,5.4,0
SV20211300,IT4030,Phát triển ứng dụng Web,4,Nhóm 04,Kỹ thuật dữ liệu,2.7,77,7.8,90.0,14,87.1,59,7.6,8.4,0
SV20211300,MA2010,Xác suất thống kê ứng dụng,3,Nhóm 04,Kỹ thuật dữ liệu,2.7,77,7.8,88.6,11,90.8,64,7.0,9.2,0
SV20211301,IT4010,Học máy & Khai phá dữ liệu,3,Nhóm 01,Công nghệ thông tin,2.3,89,6.3,79.7,13,77.0,78,5.1,6.7,0
SV20211301,IT4020,Hệ quản trị CSDL nâng cao,3,Nhóm 01,Công nghệ thông tin,2.3,89,6.7,96.1,2,66.1,75,4.7,4.3,1
SV20211301,IT4030,Phát triển ứng dụng Web,4,Nhóm 01,Công nghệ thông tin,2.3,89,7.2,83.6,6,76.9,68,6.1,8.3,0
SV20211301,MA2010,Xác suất thống kê ứng dụng,3,Nhóm 01,Công nghệ thông tin,2.3,89,6.7,72.8,17,77.2,69,6.6,6.1,0
SV20211302,IT4010,Học máy & Khai phá dữ liệu,3,Nhóm 02,Công nghệ thông tin,2.7,34,6.5,81.2,13,86.4,70,4.3,4.7,1
SV20211302,IT4020,Hệ quản trị CSDL nâng cao,3,Nhóm 02,Công nghệ thông tin,2.7,34,5.5,70.8,9,78.8,61,7.3,4.8,1
SV20211302,IT4030,Phát triển ứng dụng Web,4,Nhóm 02,Công nghệ thông tin,2.7,34,7.5,83.4,5,83.8,64,5.8,7.7,0
SV20211302,MA2010,Xác suất thống kê ứng dụng,3,Nhóm 02,Công nghệ thông tin,2.7,34,5.7,81.9,1,56.3,76,6.0,5.9,0
SV20211303,IT4010,Học máy & Khai phá dữ liệu,3,Nhóm 03,Công nghệ thông tin,2.8,58,6.9,72.9,14,93.7,83,9.2,5.7,0
SV20211303,IT4020,Hệ quản trị CSDL nâng cao,3,Nhóm 03,Công nghệ thông tin,2.8,58,8.2,100.0,8,87.3,83,6.6,7.9,0
SV20211303,IT4030,Phát triển ứng dụng Web,4,Nhóm 03,Công nghệ thông tin,2.8,58,8.7,79.2,8,82.7,82,6.5,8.5,0
SV20211303,MA2010,Xác suất thống kê ứng dụng,3,Nhóm 03,Công nghệ thông tin,2.8,58,6.5,75.1,17,73.6,66,6.5,7.7,0
SV20211304,IT4010,Học máy & Khai phá dữ liệu,3,Nhóm 04,Công nghệ thông tin,2.5,62,7.8,94.2,4,86.3,72,7.7,6.6,0
SV20211304,IT4020,Hệ quản trị CSDL nâng cao,3,Nhóm 04,Công nghệ thông tin,2.5,62,5.5,87.5,16,76.2,68,6.8,5.1,0
SV20211304,IT4030,Phát triển ứng dụng Web,4,Nhóm 04,Công nghệ thông tin,2.5,62,6.3,61.6,1,93.2,80,4.5,7.2,0
SV20211304,MA2010,Xác suất thống kê ứng dụng,3,Nhóm 04,Công nghệ thông tin,2.5,62,6.8,82.5,4,70.3,72,6.4,6.3,0
SV20211305,IT4010,Học máy & Khai phá dữ liệu,3,Nhóm 01,Công nghệ thông tin,2.1,35,7.7,82.3,10,86.5,62,3.4,5.7,0
SV20211305,IT4020,Hệ quản trị CSDL nâng cao,3,Nhóm 01,Công nghệ thông tin,2.1,35,6.9,79.4,7,76.6,60,4.6,7.1,0
SV20211305,IT4030,Phát triển ứng dụng Web,4,Nhóm 01,Công nghệ thông tin,2.1,35,7.3,66.5,14,77.9,70,3.6,7.5,0
SV20211305,MA2010,Xác suất thống kê ứng dụng,3,Nhóm 01,Công nghệ thông tin,2.1,35,5.0,81.1,1,62.6,73,6.2,6.5,0
SV20211306,IT4010,Học máy & Khai phá dữ liệu,3,Nhóm 02,Công nghệ thông tin,2.5,92,8.1,76.4,13,88.1,77,4.9,6.1,0
SV20211306,IT4020,Hệ quản trị CSDL nâng cao,3,Nhóm 02,Công nghệ thông tin,2.5,92,6.8,87.6,12,99.3,56,9.5,8.4,0
SV20211306,IT4030,Phát triển ứng dụng Web,4,Nhóm 02,Công nghệ thông tin,2.5,92,8.3,76.2,12,79.3,77,10.9,8.0,0
SV20211306,MA2010,Xác suất thống kê ứng dụng,3,Nhóm 02,Công nghệ thông tin,2.5,92,8.6,88.9,5,85.7,88,6.8,6.3,0
SV20211307,IT4010,Học máy & Khai phá dữ liệu,3,Nhóm 03,Công nghệ thông tin,2.7,62,6.8,72.3,7,100.0,75,5.7,5.2,0
SV20211307,IT4020,Hệ quản trị CSDL nâng cao,3,Nhóm 03,Công nghệ thông tin,2.7,62,7.3,86.1,6,79.7,78,5.0,6.4,0
SV20211307,IT4030,Phát triển ứng dụng Web,4,Nhóm 03,Công nghệ thông tin,2.7,62,8.8,81.5,5,82.9,68,6.9,9.1,0
SV20211307,MA2010,Xác suất thống kê ứng dụng,3,Nhóm 03,Công nghệ thông tin,2.7,62,7.3,83.8,15,84.8,78,6.9,5.0,0
SV20211308,IT4010,Học máy & Khai phá dữ liệu,3,Nhóm 04,Kinh tế số,2.6,85,6.5,65.2,4,83.8,77,6.7,7.4,0
SV20211308,IT4020,Hệ quản trị CSDL nâng cao,3,Nhóm 04,Kinh tế số,2.6,85,5.7,75.2,6,75.7,63,7.4,5.0,0
SV20211308,IT4030,Phát triển ứng dụng Web,4,Nhóm 04,Kinh tế số,2.6,85,8.7,74.8,4,58.2,75,3.7,9.1,0
SV20211308,MA2010,Xác suất thống kê ứng dụng,3,Nhóm 04,Kinh tế số,2.6,85,6.2,89.8,3,71.5,56,7.3,5.4,0
SV20211309,IT4010,Học máy & Khai phá dữ liệu,3,Nhóm 01,Công nghệ thông tin,2.2,57,6.4,55.4,9,74.2,50,4.3,6.8,0
SV20211309,IT4020,Hệ quản trị CSDL nâng cao,3,Nhóm 01,Công nghệ thông tin,2.2,57,5.7,95.7,8,76.9,67,3.0,4.4,1
SV20211309,IT4030,Phát triển ứng dụng Web,4,Nhóm 01,Công nghệ thông tin,2.2,57,6.2,76.7,2,72.0,71,6.7,6.4,0
SV20211309,MA2010,Xác suất thống kê ứng dụng,3,Nhóm 01,Công nghệ thông tin,2.2,57,5.8,67.7,5,52.3,55,1.5,5.7,0
SV20211310,IT4010,Học máy & Khai phá dữ liệu,3,Nhóm 02,Kỹ thuật dữ liệu,3.0,85,8.9,92.8,17,95.2,80,7.1,8.4,0
SV20211310,IT4020,Hệ quản trị CSDL nâng cao,3,Nhóm 02,Kỹ thuật dữ liệu,3.0,85,8.1,96.8,10,100.0,74,7.3,6.7,0
SV20211310,IT4030,Phát triển ứng dụng Web,4,Nhóm 02,Kỹ thuật dữ liệu,3.0,85,7.9,82.3,4,70.4,82,5.9,6.1,0
SV20211310,MA2010,Xác suất thống kê ứng dụng,3,Nhóm 02,Kỹ thuật dữ liệu,3.0,85,8.2,88.3,9,80.5,85,10.0,7.6,0
SV20211311,IT4010,Học máy & Khai phá dữ liệu,3,Nhóm 03,Công nghệ thông tin,2.6,64,5.8,81.2,6,97.9,69,7.0,4.4,1
SV20211311,IT4020,Hệ quản trị CSDL nâng cao,3,Nhóm 03,Công nghệ thông tin,2.6,64,6.0,84.6,14,89.9,56,5.7,6.4,0
SV20211311,IT4030,Phát triển ứng dụng Web,4,Nhóm 03,Công nghệ thông tin,2.6,64,8.3,73.6,10,82.7,61,3.5,7.1,0
SV20211311,MA2010,Xác suất thống kê ứng dụng,3,Nhóm 03,Công nghệ thông tin,2.6,64,6.6,67.6,9,78.9,78,6.2,4.2,1
SV20211312,IT4010,Học máy & Khai phá dữ liệu,3,Nhóm 04,Kinh tế số,2.9,91,8.7,87.8,15,91.8,85,5.7,8.7,0
SV20211312,IT4020,Hệ quản trị CSDL nâng cao,3,Nhóm 04,Kinh tế số,2.9,91,7.8,65.1,13,100.0,88,5.3,6.0,0
SV20211312,IT4030,Phát triển ứng dụng Web,4,Nhóm 04,Kinh tế số,2.9,91,8.9,89.3,17,84.7,70,5.2,7.3,0
SV20211312,MA2010,Xác suất thống kê ứng dụng,3,Nhóm 04,Kinh tế số,2.9,91,7.6,88.9,14,81.4,82,6.9,7.5,0
SV20211313,IT4010,Học máy & Khai phá dữ liệu,3,Nhóm 01,Công nghệ thông tin,2.4,79,6.8,74.1,8,94.2,68,5.6,5.7,0
SV20211313,IT4020,Hệ quản trị CSDL nâng cao,3,Nhóm 01,Công nghệ thông tin,2.4,79,5.0,84.4,19,92.5,70,7.7,4.9,1
SV20211313,IT4030,Phát triển ứng dụng Web,4,Nhóm 01,Công nghệ thông tin,2.4,79,7.2,61.3,12,99.8,80,4.6,6.1,0
SV20211313,MA2010,Xác suất thống kê ứng dụng,3,Nhóm 01,Công nghệ thông tin,2.4,79,5.8,94.3,10,84.3,76,4.8,6.8,0
SV20211314,IT4010,Học máy & Khai phá dữ liệu,3,Nhóm 02,Kỹ thuật dữ liệu,2.7,66,8.0,78.6,4,77.1,69,4.6,7.8,0
SV20211314,IT4020,Hệ quản trị CSDL nâng cao,3,Nhóm 02,Kỹ thuật dữ liệu,2.7,66,8.0,77.3,10,86.5,82,7.2,7.3,0
SV20211314,IT4030,Phát triển ứng dụng Web,4,Nhóm 02,Kỹ thuật dữ liệu,2.7,66,8.3,90.6,9,67.4,76,6.9,7.8,0
SV20211314,MA2010,Xác suất thống kê ứng dụng,3,Nhóm 02,Kỹ thuật dữ liệu,2.7,66,7.7,72.5,4,94.8,74,5.6,8.3,0
SV20211315,IT4010,Học máy & Khai phá dữ liệu,3,Nhóm 03,Công nghệ thông tin,2.4,87,6.5,78.5,11,95.8,64,6.6,7.0,0
SV20211315,IT4020,Hệ quản trị CSDL nâng cao,3,Nhóm 03,Công nghệ thông tin,2.4,87,6.7,63.5,7,84.5,74,4.4,5.9,0
SV20211315,IT4030,Phát triển ứng dụng Web,4,Nhóm 03,Công nghệ thông tin,2.4,87,7.8,91.6,8,76.0,77,4.8,8.4,0
SV20211315,MA2010,Xác suất thống kê ứng dụng,3,Nhóm 03,Công nghệ thông tin,2.4,87,6.8,74.5,11,66.0,63,7.4,6.4,0
SV20211316,IT4010,Học máy & Khai phá dữ liệu,3,Nhóm 04,Công nghệ thông tin,2.9,75,7.3,90.1,9,84.3,75,7.4,6.5,0
SV20211316,IT4020,Hệ quản trị CSDL nâng cao,3,Nhóm 04,Công nghệ thông tin,2.9,75,7.9,100.0,15,92.6,80,4.6,5.9,0
SV20211316,IT4030,Phát triển ứng dụng Web,4,Nhóm 04,Công nghệ thông tin,2.9,75,9.1,81.0,6,70.0,82,7.5,8.9,0
SV20211316,MA2010,Xác suất thống kê ứng dụng,3,Nhóm 04,Công nghệ thông tin,2.9,75,8.5,80.6,16,82.4,78,7.0,8.0,0
SV20211317,IT4010,Học máy & Khai phá dữ liệu,3,Nhóm 01,Công nghệ thông tin,3.0,112,8.2,81.3,13,84.1,78,7.2,7.2,0
SV20211317,IT4020,Hệ quản trị CSDL nâng cao,3,Nhóm 01,Công nghệ thông tin,3.0,112,9.4,88.2,13,91.2,83,7.2,7.4,0
SV20211317,IT4030,Phát triển ứng dụng Web,4,Nhóm 01,Công nghệ thông tin,3.0,112,8.1,85.0,17,95.6,66,5.8,8.3,0
SV20211317,MA2010,Xác suất thống kê ứng dụng,3,Nhóm 01,Công nghệ thông tin,3.0,112,7.3,84.9,8,92.2,63,6.1,6.9,0
SV20211318,IT4010,Học máy & Khai phá dữ liệu,3,Nhóm 02,Công nghệ thông tin,2.7,84,7.9,78.1,17,82.8,70,3.6,7.3,0
SV20211318,IT4020,Hệ quản trị CSDL nâng cao,3,Nhóm 02,Công nghệ thông tin,2.7,84,7.4,81.6,10,83.9,68,6.0,5.9,0
SV20211318,IT4030,Phát triển ứng dụng Web,4,Nhóm 02,Công nghệ thông tin,2.7,84,8.1,77.3,6,91.1,83,8.4,7.5,0
SV20211318,MA2010,Xác suất thống kê ứng dụng,3,Nhóm 02,Công nghệ thông tin,2.7,84,6.4,76.1,13,88.9,70,5.7,5.6,0
SV20211319,IT4010,Học máy & Khai phá dữ liệu,3,Nhóm 03,Công nghệ thông tin,2.5,71,8.8,90.0,9,87.5,57,10.2,8.6,0
SV20211319,IT4020,Hệ quản trị CSDL nâng cao,3,Nhóm 03,Công nghệ thông tin,2.5,71,7.3,81.6,12,92.5,76,7.8,5.6,0
SV20211319,IT4030,Phát triển ứng dụng Web,4,Nhóm 03,Công nghệ thông tin,2.5,71,7.9,80.1,9,98.8,65,6.0,6.1,0
SV20211319,MA2010,Xác suất thống kê ứng dụng,3,Nhóm 03,Công nghệ thông tin,2.5,71,8.1,92.1,12,80.0,72,4.0,7.7,0
SV20211320,IT4010,Học máy & Khai phá dữ liệu,3,Nhóm 04,Công nghệ thông tin,2.1,84,5.3,65.0,6,71.6,61,4.9,5.0,0
SV20211320,IT4020,Hệ quản trị CSDL nâng cao,3,Nhóm 04,Công nghệ thông tin,2.1,84,6.9,73.3,11,77.1,65,5.7,7.0,0
SV20211320,IT4030,Phát triển ứng dụng Web,4,Nhóm 04,Công nghệ thông tin,2.1,84,7.8,76.1,4,78.0,79,3.5,8.9,0
SV20211320,MA2010,Xác suất thống kê ứng dụng,3,Nhóm 04,Công nghệ thông tin,2.1,84,7.8,86.3,10,89.4,66,4.2,7.9,0
SV20211321,IT4010,Học máy & Khai phá dữ liệu,3,Nhóm 01,Kinh tế số,2.6,67,6.3,89.8,1,73.7,80,2.9,6.2,0
SV20211321,IT4020,Hệ quản trị CSDL nâng cao,3,Nhóm 01,Kinh tế số,2.6,67,6.4,91.0,5,76.6,54,6.7,6.6,0
SV20211321,IT4030,Phát triển ứng dụng Web,4,Nhóm 01,Kinh tế số,2.6,67,7.5,73.4,4,82.7,69,10.0,7.8,0
SV20211321,MA2010,Xác suất thống kê ứng dụng,3,Nhóm 01,Kinh tế số,2.6,67,7.5,73.0,9,81.8,64,5.2,6.0,0
SV20211322,IT4010,Học máy & Khai phá dữ liệu,3,Nhóm 02,Công nghệ thông tin,1.7,79,5.0,85.3,10,92.7,64,3.2,5.3,0
SV20211322,IT4020,Hệ quản trị CSDL nâng cao,3,Nhóm 02,Công nghệ thông tin,1.7,79,5.4,74.5,1,64.1,58,3.2,2.2,1
SV20211322,IT4030,Phát triển ứng dụng Web,4,Nhóm 02,Công nghệ thông tin,1.7,79,6.7,77.2,11,81.8,72,4.8,6.1,0
SV20211322,MA2010,Xác suất thống kê ứng dụng,3,Nhóm 02,Công nghệ thông tin,1.7,79,4.8,75.8,2,72.8,61,6.2,4.2,1
SV20211323,IT4010,Học máy & Khai phá dữ liệu,3,Nhóm 03,Kỹ thuật dữ liệu,2.4,48,7.1,86.5,7,78.0,75,4.1,7.0,0
SV20211323,IT4020,Hệ quản trị CSDL nâng cao,3,Nhóm 03,Kỹ thuật dữ liệu,2.4,48,5.9,70.2,8,100.0,69,6.6,5.1,0
SV20211323,IT4030,Phát triển ứng dụng Web,4,Nhóm 03,Kỹ thuật dữ liệu,2.4,48,7.3,89.6,2,100.0,69,7.7,9.3,0
SV20211323,MA2010,Xác suất thống kê ứng dụng,3,Nhóm 03,Kỹ thuật dữ liệu,2.4,48,8.2,57.1,6,82.0,56,4.4,7.3,0
SV20211324,IT4010,Học máy & Khai phá dữ liệu,3,Nhóm 04,Công nghệ thông tin,3.2,89,8.0,66.0,9,91.7,72,5.8,5.2,0
SV20211324,IT4020,Hệ quản trị CSDL nâng cao,3,Nhóm 04,Công nghệ thông tin,3.2,89,7.9,85.0,9,92.4,79,7.1,6.7,0
SV20211324,IT4030,Phát triển ứng dụng Web,4,Nhóm 04,Công nghệ thông tin,3.2,89,9.3,89.1,11,80.6,72,6.6,8.8,0
SV20211324,MA2010,Xác suất thống kê ứng dụng,3,Nhóm 04,Công nghệ thông tin,3.2,89,6.9,67.4,12,77.0,91,8.2,6.2,0
SV20211325,IT4010,Học máy & Khai phá dữ liệu,3,Nhóm 01,Kinh tế số,2.3,69,7.5,98.2,6,85.4,65,5.0,8.2,0
SV20211325,IT4020,Hệ quản trị CSDL nâng cao,3,Nhóm 01,Kinh tế số,2.3,69,7.1,76.3,3,88.7,66,6.9,5.6,0
SV20211325,IT4030,Phát triển ứng dụng Web,4,Nhóm 01,Kinh tế số,2.3,69,7.5,86.3,7,92.1,80,5.3,8.1,0
SV20211325,MA2010,Xác suất thống kê ứng dụng,3,Nhóm 01,Kinh tế số,2.3,69,6.2,70.8,13,89.2,69,3.7,5.7,0
SV20211326,IT4010,Học máy & Khai phá dữ liệu,3,Nhóm 02,Kỹ thuật dữ liệu,2.3,48,6.1,66.9,1,73.9,56,1.9,4.1,1
SV20211326,IT4020,Hệ quản trị CSDL nâng cao,3,Nhóm 02,Kỹ thuật dữ liệu,2.3,48,4.1,74.9,6,81.9,81,1.9,3.8,1
SV20211326,IT4030,Phát triển ứng dụng Web,4,Nhóm 02,Kỹ thuật dữ liệu,2.3,48,7.2,76.6,4,65.2,70,3.8,6.4,0
SV20211326,MA2010,Xác suất thống kê ứng dụng,3,Nhóm 02,Kỹ thuật dữ liệu,2.3,48,5.2,62.5,10,58.8,66,1.4,4.8,1
SV20211327,IT4010,Học máy & Khai phá dữ liệu,3,Nhóm 03,Kinh tế số,2.9,38,8.1,98.3,17,77.4,88,4.8,6.7,0
SV20211327,IT4020,Hệ quản trị CSDL nâng cao,3,Nhóm 03,Kinh tế số,2.9,38,6.3,76.7,19,81.9,78,4.4,6.6,0
SV20211327,IT4030,Phát triển ứng dụng Web,4,Nhóm 03,Kinh tế số,2.9,38,8.0,68.6,14,91.9,72,5.2,7.3,0
SV20211327,MA2010,Xác suất thống kê ứng dụng,3,Nhóm 03,Kinh tế số,2.9,38,7.7,90.7,13,79.5,78,6.4,6.7,0
SV20211328,IT4010,Học máy & Khai phá dữ liệu,3,Nhóm 04,Kinh tế số,2.4,50,5.6,65.7,9,89.9,64,4.2,4.9,1
SV20211328,IT4020,Hệ quản trị CSDL nâng cao,3,Nhóm 04,Kinh tế số,2.4,50,6.6,61.8,1,70.8,70,3.9,4.8,1
SV20211328,IT4030,Phát triển ứng dụng Web,4,Nhóm 04,Kinh tế số,2.4,50,6.7,72.8,8,80.1,72,4.9,7.4,0
SV20211328,MA2010,Xác suất thống kê ứng dụng,3,Nhóm 04,Kinh tế số,2.4,50,6.4,85.5,7,85.4,84,5.0,6.5,0
SV20211329,IT4010,Học máy & Khai phá dữ liệu,3,Nhóm 01,Công nghệ thông tin,3.7,118,9.8,94.9,15,97.3,93,8.1,7.2,0
SV20211329,IT4020,Hệ quản trị CSDL nâng cao,3,Nhóm 01,Công nghệ thông tin,3.7,118,9.8,100.0,9,98.4,96,12.3,9.3,0
SV20211329,IT4030,Phát triển ứng dụng Web,4,Nhóm 01,Công nghệ thông tin,3.7,118,10.0,98.8,24,93.6,85,9.6,8.1,0
SV20211329,MA2010,Xác suất thống kê ứng dụng,3,Nhóm 01,Công nghệ thông tin,3.7,118,9.8,96.7,18,85.2,88,9.6,7.2,0
SV20211330,IT4010,Học máy & Khai phá dữ liệu,3,Nhóm 02,Công nghệ thông tin,3.0,101,6.3,58.0,11,82.2,79,8.4,4.9,1
SV20211330,IT4020,Hệ quản trị CSDL nâng cao,3,Nhóm 02,Công nghệ thông tin,3.0,101,6.6,88.8,16,94.2,74,3.4,3.9,1
SV20211330,IT4030,Phát triển ứng dụng Web,4,Nhóm 02,Công nghệ thông tin,3.0,101,7.5,81.7,10,74.2,78,5.5,5.2,0
SV20211330,MA2010,Xác suất thống kê ứng dụng,3,Nhóm 02,Công nghệ thông tin,3.0,101,8.5,80.0,17,78.6,69,7.0,9.5,0
SV20211331,IT4010,Học máy & Khai phá dữ liệu,3,Nhóm 03,Công nghệ thông tin,3.1,82,8.8,89.8,19,69.3,60,4.9,7.0,0
SV20211331,IT4020,Hệ quản trị CSDL nâng cao,3,Nhóm 03,Công nghệ thông tin,3.1,82,8.7,100.0,13,97.7,80,5.7,6.6,0
SV20211331,IT4030,Phát triển ứng dụng Web,4,Nhóm 03,Công nghệ thông tin,3.1,82,8.8,90.8,8,96.0,79,6.6,7.2,0
SV20211331,MA2010,Xác suất thống kê ứng dụng,3,Nhóm 03,Công nghệ thông tin,3.1,82,8.2,87.3,14,72.2,79,8.7,7.4,0
SV20211332,IT4010,Học máy & Khai phá dữ liệu,3,Nhóm 04,Công nghệ thông tin,2.2,63,6.1,58.0,11,100.0,96,2.2,6.6,0
SV20211332,IT4020,Hệ quản trị CSDL nâng cao,3,Nhóm 04,Công nghệ thông tin,2.2,63,7.2,84.2,5,65.7,58,1.9,3.3,1
SV20211332,IT4030,Phát triển ứng dụng Web,4,Nhóm 04,Công nghệ thông tin,2.2,63,7.7,77.0,6,79.9,88,2.9,5.4,0
SV20211332,MA2010,Xác suất thống kê ứng dụng,3,Nhóm 04,Công nghệ thông tin,2.2,63,7.0,91.1,10,74.7,74,2.1,5.6,0
SV20211333,IT4010,Học máy & Khai phá dữ liệu,3,Nhóm 01,Kỹ thuật dữ liệu,3.4,93,9.6,96.8,11,84.6,73,9.6,7.9,0
SV20211333,IT4020,Hệ quản trị CSDL nâng cao,3,Nhóm 01,Kỹ thuật dữ liệu,3.4,93,6.5,86.8,11,98.8,83,8.1,5.9,0
SV20211333,IT4030,Phát triển ứng dụng Web,4,Nhóm 01,Kỹ thuật dữ liệu,3.4,93,9.1,100.0,19,100.0,89,7.6,8.6,0
SV20211333,MA2010,Xác suất thống kê ứng dụng,3,Nhóm 01,Kỹ thuật dữ liệu,3.4,93,8.3,95.2,12,90.6,82,6.5,7.4,0
SV20211334,IT4010,Học máy & Khai phá dữ liệu,3,Nhóm 02,Kỹ thuật dữ liệu,3.2,109,8.3,93.4,16,86.3,84,7.8,7.9,0
SV20211334,IT4020,Hệ quản trị CSDL nâng cao,3,Nhóm 02,Kỹ thuật dữ liệu,3.2,109,9.7,100.0,10,76.0,90,6.5,6.1,0
SV20211334,IT4030,Phát triển ứng dụng Web,4,Nhóm 02,Kỹ thuật dữ liệu,3.2,109,7.7,98.4,20,84.9,79,7.4,6.5,0
SV20211334,MA2010,Xác suất thống kê ứng dụng,3,Nhóm 02,Kỹ thuật dữ liệu,3.2,109,8.2,87.6,19,84.0,83,6.6,6.4,0
SV20211335,IT4010,Học máy & Khai phá dữ liệu,3,Nhóm 03,Công nghệ thông tin,3.3,86,8.0,92.8,8,100.0,84,8.2,6.2,0
SV20211335,IT4020,Hệ quản trị CSDL nâng cao,3,Nhóm 03,Công nghệ thông tin,3.3,86,8.0,91.3,10,100.0,79,10.0,7.7,0
SV20211335,IT4030,Phát triển ứng dụng Web,4,Nhóm 03,Công nghệ thông tin,3.3,86,8.3,90.3,12,87.4,77,6.9,8.3,0
SV20211335,MA2010,Xác suất thống kê ứng dụng,3,Nhóm 03,Công nghệ thông tin,3.3,86,8.0,90.5,12,79.9,90,7.7,7.1,0
SV20211336,IT4010,Học máy & Khai phá dữ liệu,3,Nhóm 04,Kỹ thuật dữ liệu,2.3,66,7.3,88.5,14,96.8,73,7.8,6.3,0
SV20211336,IT4020,Hệ quản trị CSDL nâng cao,3,Nhóm 04,Kỹ thuật dữ liệu,2.3,66,5.9,72.9,15,69.7,78,4.5,5.3,0
SV20211336,IT4030,Phát triển ứng dụng Web,4,Nhóm 04,Kỹ thuật dữ liệu,2.3,66,6.1,85.0,13,74.6,77,7.5,5.1,0
SV20211336,MA2010,Xác suất thống kê ứng dụng,3,Nhóm 04,Kỹ thuật dữ liệu,2.3,66,7.5,83.8,9,85.1,64,3.3,7.6,0
SV20211337,IT4010,Học máy & Khai phá dữ liệu,3,Nhóm 01,Kinh tế số,2.5,48,7.4,74.8,9,89.6,66,5.2,7.2,0
SV20211337,IT4020,Hệ quản trị CSDL nâng cao,3,Nhóm 01,Kinh tế số,2.5,48,7.3,91.0,2,79.1,62,7.6,7.5,0
SV20211337,IT4030,Phát triển ứng dụng Web,4,Nhóm 01,Kinh tế số,2.5,48,7.4,76.3,4,82.9,72,7.4,8.1,0
SV20211337,MA2010,Xác suất thống kê ứng dụng,3,Nhóm 01,Kinh tế số,2.5,48,6.8,73.1,10,80.1,72,6.8,3.8,1
SV20211338,IT4010,Học máy & Khai phá dữ liệu,3,Nhóm 02,Công nghệ thông tin,2.5,66,7.2,63.9,14,95.5,72,9.5,5.9,0
SV20211338,IT4020,Hệ quản trị CSDL nâng cao,3,Nhóm 02,Công nghệ thông tin,2.5,66,8.1,87.7,8,90.9,70,3.2,5.1,0
SV20211338,IT4030,Phát triển ứng dụng Web,4,Nhóm 02,Công nghệ thông tin,2.5,66,5.0,77.7,7,82.8,61,7.2,6.2,0
SV20211338,MA2010,Xác suất thống kê ứng dụng,3,Nhóm 02,Công nghệ thông tin,2.5,66,7.8,75.6,8,71.0,72,3.7,6.6,0
SV20211339,IT4010,Học máy & Khai phá dữ liệu,3,Nhóm 03,Kinh tế số,2.6,62,8.6,87.0,14,95.3,72,7.6,9.2,0
SV20211339,IT4020,Hệ quản trị CSDL nâng cao,3,Nhóm 03,Kinh tế số,2.6,62,5.4,78.8,13,84.7,67,4.0,6.2,0
SV20211339,IT4030,Phát triển ứng dụng Web,4,Nhóm 03,Kinh tế số,2.6,62,6.6,63.1,6,84.6,69,3.4,4.7,1
SV20211339,MA2010,Xác suất thống kê ứng dụng,3,Nhóm 03,Kinh tế số,2.6,62,7.2,93.3,6,66.4,86,6.4,7.0,0
SV20211340,IT4010,Học máy & Khai phá dữ liệu,3,Nhóm 04,Kinh tế số,2.2,85,7.7,86.3,2,89.5,63,9.9,7.0,0
SV20211340,IT4020,Hệ quản trị CSDL nâng cao,3,Nhóm 04,Kinh tế số,2.2,85,6.1,94.7,14,84.2,58,6.1,7.7,0
SV20211340,IT4030,Phát triển ứng dụng Web,4,Nhóm 04,Kinh tế số,2.2,85,7.1,87.4,17,87.1,78,2.7,6.7,0
SV20211340,MA2010,Xác suất thống kê ứng dụng,3,Nhóm 04,Kinh tế số,2.2,85,6.3,79.6,8,76.3,73,4.7,7.1,0
SV20211341,IT4010,Học máy & Khai phá dữ liệu,3,Nhóm 01,Kinh tế số,3.0,85,7.8,82.4,13,76.2,88,7.2,8.4,0
SV20211341,IT4020,Hệ quản trị CSDL nâng cao,3,Nhóm 01,Kinh tế số,3.0,85,9.0,87.7,15,95.3,86,5.3,6.4,0
SV20211341,IT4030,Phát triển ứng dụng Web,4,Nhóm 01,Kinh tế số,3.0,85,8.4,80.8,17,100.0,74,8.0,5.7,0
SV20211341,MA2010,Xác suất thống kê ứng dụng,3,Nhóm 01,Kinh tế số,3.0,85,7.8,69.9,15,94.0,72,8.0,7.0,0
SV20211342,IT4010,Học máy & Khai phá dữ liệu,3,Nhóm 02,Công nghệ thông tin,2.7,80,8.4,74.7,5,87.1,72,10.2,6.9,0
SV20211342,IT4020,Hệ quản trị CSDL nâng cao,3,Nhóm 02,Công nghệ thông tin,2.7,80,7.2,77.7,11,91.4,65,5.6,6.4,0
SV20211342,IT4030,Phát triển ứng dụng Web,4,Nhóm 02,Công nghệ thông tin,2.7,80,8.9,89.2,19,78.9,82,4.3,7.4,0
SV20211342,MA2010,Xác suất thống kê ứng dụng,3,Nhóm 02,Công nghệ thông tin,2.7,80,7.8,77.0,12,98.4,72,5.4,6.7,0
SV20211343,IT4010,Học máy & Khai phá dữ liệu,3,Nhóm 03,Kỹ thuật dữ liệu,3.3,100,8.3,99.7,15,76.0,72,7.2,7.9,0
SV20211343,IT4020,Hệ quản trị CSDL nâng cao,3,Nhóm 03,Kỹ thuật dữ liệu,3.3,100,9.2,84.1,15,92.0,72,5.8,7.0,0
SV20211343,IT4030,Phát triển ứng dụng Web,4,Nhóm 03,Kỹ thuật dữ liệu,3.3,100,8.9,84.1,15,100.0,85,9.6,7.9,0
SV20211343,MA2010,Xác suất thống kê ứng dụng,3,Nhóm 03,Kỹ thuật dữ liệu,3.3,100,9.5,91.3,13,85.1,88,11.1,6.2,0
SV20211344,IT4010,Học máy & Khai phá dữ liệu,3,Nhóm 04,Công nghệ thông tin,3.6,113,10.0,99.4,18,100.0,81,13.0,10.0,0
SV20211344,IT4020,Hệ quản trị CSDL nâng cao,3,Nhóm 04,Công nghệ thông tin,3.6,113,8.9,100.0,20,97.6,99,9.6,7.9,0
SV20211344,IT4030,Phát triển ứng dụng Web,4,Nhóm 04,Công nghệ thông tin,3.6,113,10.0,86.4,19,100.0,89,7.2,7.7,0
SV20211344,MA2010,Xác suất thống kê ứng dụng,3,Nhóm 04,Công nghệ thông tin,3.6,113,10.0,88.2,12,98.7,91,13.5,9.2,0
SV20211345,IT4010,Học máy & Khai phá dữ liệu,3,Nhóm 01,Công nghệ thông tin,3.4,92,7.7,86.6,19,80.3,77,7.9,8.3,0
SV20211345,IT4020,Hệ quản trị CSDL nâng cao,3,Nhóm 01,Công nghệ thông tin,3.4,92,7.7,89.9,14,80.8,79,7.5,7.1,0
SV20211345,IT4030,Phát triển ứng dụng Web,4,Nhóm 01,Công nghệ thông tin,3.4,92,9.9,88.1,12,89.2,74,8.2,10.0,0
SV20211345,MA2010,Xác suất thống kê ứng dụng,3,Nhóm 01,Công nghệ thông tin,3.4,92,8.2,91.5,22,89.5,66,10.7,8.5,0
SV20211346,IT4010,Học máy & Khai phá dữ liệu,3,Nhóm 02,Kinh tế số,2.9,110,7.4,78.3,17,82.0,86,6.9,5.5,0
SV20211346,IT4020,Hệ quản trị CSDL nâng cao,3,Nhóm 02,Kinh tế số,2.9,110,8.8,100.0,18,89.4,100,5.2,8.1,0
SV20211346,IT4030,Phát triển ứng dụng Web,4,Nhóm 02,Kinh tế số,2.9,110,9.8,92.4,13,87.9,65,6.6,9.6,0
SV20211346,MA2010,Xác suất thống kê ứng dụng,3,Nhóm 02,Kinh tế số,2.9,110,7.6,98.8,13,83.3,79,8.4,8.7,0
SV20211347,IT4010,Học máy & Khai phá dữ liệu,3,Nhóm 03,Công nghệ thông tin,3.3,129,10.0,100.0,15,99.3,75,8.1,8.9,0
SV20211347,IT4020,Hệ quản trị CSDL nâng cao,3,Nhóm 03,Công nghệ thông tin,3.3,129,8.7,95.0,19,92.7,76,8.4,8.2,0
SV20211347,IT4030,Phát triển ứng dụng Web,4,Nhóm 03,Công nghệ thông tin,3.3,129,9.4,85.2,13,100.0,82,7.1,9.7,0
SV20211347,MA2010,Xác suất thống kê ứng dụng,3,Nhóm 03,Công nghệ thông tin,3.3,129,9.1,89.5,13,95.6,77,10.4,7.7,0
SV20211348,IT4010,Học máy & Khai phá dữ liệu,3,Nhóm 04,Công nghệ thông tin,1.5,58,6.0,79.2,9,71.2,50,3.3,6.6,0
SV20211348,IT4020,Hệ quản trị CSDL nâng cao,3,Nhóm 04,Công nghệ thông tin,1.5,58,5.4,81.4,6,72.1,60,0.0,4.3,1
SV20211348,IT4030,Phát triển ứng dụng Web,4,Nhóm 04,Công nghệ thông tin,1.5,58,6.9,80.2,6,76.2,61,5.7,7.5,0
SV20211348,MA2010,Xác suất thống kê ứng dụng,3,Nhóm 04,Công nghệ thông tin,1.5,58,5.2,72.6,4,59.7,69,2.4,6.5,0
SV20211349,IT4010,Học máy & Khai phá dữ liệu,3,Nhóm 01,Kinh tế số,2.5,96,7.2,78.8,5,94.6,57,8.8,8.8,0
SV20211349,IT4020,Hệ quản trị CSDL nâng cao,3,Nhóm 01,Kinh tế số,2.5,96,7.5,82.0,3,73.2,79,5.7,6.9,0
SV20211349,IT4030,Phát triển ứng dụng Web,4,Nhóm 01,Kinh tế số,2.5,96,7.8,94.3,10,85.4,78,7.9,6.8,0
SV20211349,MA2010,Xác suất thống kê ứng dụng,3,Nhóm 01,Kinh tế số,2.5,96,6.2,91.4,15,100.0,83,8.5,5.3,0
SV20211350,IT4010,Học máy & Khai phá dữ liệu,3,Nhóm 02,Công nghệ thông tin,2.3,82,7.8,94.5,11,81.7,76,5.6,7.1,0
SV20211350,IT4020,Hệ quản trị CSDL nâng cao,3,Nhóm 02,Công nghệ thông tin,2.3,82,7.2,66.6,9,85.9,65,4.6,5.5,0
SV20211350,IT4030,Phát triển ứng dụng Web,4,Nhóm 02,Công nghệ thông tin,2.3,82,8.4,72.0,11,84.3,90,6.0,10.0,0
SV20211350,MA2010,Xác suất thống kê ứng dụng,3,Nhóm 02,Công nghệ thông tin,2.3,82,8.6,78.1,3,89.7,88,5.5,5.9,0
SV20211351,IT4010,Học máy & Khai phá dữ liệu,3,Nhóm 03,Công nghệ thông tin,2.5,76,7.3,90.8,7,80.1,80,5.9,5.8,0
SV20211351,IT4020,Hệ quản trị CSDL nâng cao,3,Nhóm 03,Công nghệ thông tin,2.5,76,6.8,83.7,8,71.0,70,3.5,5.8,0
SV20211351,IT4030,Phát triển ứng dụng Web,4,Nhóm 03,Công nghệ thông tin,2.5,76,7.5,88.2,12,72.8,70,3.7,6.1,0
SV20211351,MA2010,Xác suất thống kê ứng dụng,3,Nhóm 03,Công nghệ thông tin,2.5,76,9.0,62.6,10,99.4,66,5.0,9.3,0
SV20211352,IT4010,Học máy & Khai phá dữ liệu,3,Nhóm 04,Công nghệ thông tin,2.5,93,7.5,77.6,11,88.6,60,3.9,6.9,0
SV20211352,IT4020,Hệ quản trị CSDL nâng cao,3,Nhóm 04,Công nghệ thông tin,2.5,93,7.0,64.4,12,84.5,67,6.1,4.5,1
SV20211352,IT4030,Phát triển ứng dụng Web,4,Nhóm 04,Công nghệ thông tin,2.5,93,7.0,86.4,21,91.3,72,5.3,6.0,0
SV20211352,MA2010,Xác suất thống kê ứng dụng,3,Nhóm 04,Công nghệ thông tin,2.5,93,5.9,82.6,12,69.7,67,7.7,5.9,0
SV20211353,IT4010,Học máy & Khai phá dữ liệu,3,Nhóm 01,Kinh tế số,1.8,66,6.1,74.7,2,79.5,54,2.5,7.1,0
SV20211353,IT4020,Hệ quản trị CSDL nâng cao,3,Nhóm 01,Kinh tế số,1.8,66,7.3,58.3,14,84.1,71,4.8,5.9,0
SV20211353,IT4030,Phát triển ứng dụng Web,4,Nhóm 01,Kinh tế số,1.8,66,7.1,72.6,8,72.9,78,3.4,5.1,0
SV20211353,MA2010,Xác suất thống kê ứng dụng,3,Nhóm 01,Kinh tế số,1.8,66,6.9,73.3,2,89.8,60,5.2,7.0,0
SV20211354,IT4010,Học máy & Khai phá dữ liệu,3,Nhóm 02,Công nghệ thông tin,2.0,45,6.5,67.5,8,78.9,79,2.1,5.7,0
SV20211354,IT4020,Hệ quản trị CSDL nâng cao,3,Nhóm 02,Công nghệ thông tin,2.0,45,7.1,80.8,7,94.1,66,5.5,6.7,0
SV20211354,IT4030,Phát triển ứng dụng Web,4,Nhóm 02,Công nghệ thông tin,2.0,45,6.5,82.4,10,82.1,63,7.6,4.4,1
SV20211354,MA2010,Xác suất thống kê ứng dụng,3,Nhóm 02,Công nghệ thông tin,2.0,45,6.3,65.8,8,77.5,76,8.4,6.1,0
SV20211355,IT4010,Học máy & Khai phá dữ liệu,3,Nhóm 03,Công nghệ thông tin,3.6,103,10.0,100.0,14,94.9,71,6.8,7.3,0
SV20211355,IT4020,Hệ quản trị CSDL nâng cao,3,Nhóm 03,Công nghệ thông tin,3.6,103,9.0,94.0,13,89.9,89,10.9,7.2,0
SV20211355,IT4030,Phát triển ứng dụng Web,4,Nhóm 03,Công nghệ thông tin,3.6,103,10.0,100.0,21,80.5,85,11.0,8.9,0
SV20211355,MA2010,Xác suất thống kê ứng dụng,3,Nhóm 03,Công nghệ thông tin,3.6,103,8.6,76.2,14,86.2,91,9.0,7.7,0
SV20211356,IT4010,Học máy & Khai phá dữ liệu,3,Nhóm 04,Công nghệ thông tin,2.5,103,7.1,65.2,13,75.5,73,7.2,5.2,0
SV20211356,IT4020,Hệ quản trị CSDL nâng cao,3,Nhóm 04,Công nghệ thông tin,2.5,103,8.8,96.4,5,90.9,71,6.1,7.3,0
SV20211356,IT4030,Phát triển ứng dụng Web,4,Nhóm 04,Công nghệ thông tin,2.5,103,7.9,93.3,7,93.6,75,4.0,8.1,0
SV20211356,MA2010,Xác suất thống kê ứng dụng,3,Nhóm 04,Công nghệ thông tin,2.5,103,7.7,90.6,4,80.8,81,8.4,7.6,0
SV20211357,IT4010,Học máy & Khai phá dữ liệu,3,Nhóm 01,Công nghệ thông tin,2.7,89,8.5,92.4,10,84.6,75,7.6,7.1,0
SV20211357,IT4020,Hệ quản trị CSDL nâng cao,3,Nhóm 01,Công nghệ thông tin,2.7,89,7.5,88.8,15,100.0,78,8.9,6.8,0
SV20211357,IT4030,Phát triển ứng dụng Web,4,Nhóm 01,Công nghệ thông tin,2.7,89,9.0,80.2,7,73.9,68,4.4,6.5,0
SV20211357,MA2010,Xác suất thống kê ứng dụng,3,Nhóm 01,Công nghệ thông tin,2.7,89,9.0,88.8,16,100.0,88,6.4,6.9,0
SV20211358,IT4010,Học máy & Khai phá dữ liệu,3,Nhóm 02,Kinh tế số,3.1,102,8.7,100.0,15,88.4,78,8.3,8.6,0
SV20211358,IT4020,Hệ quản trị CSDL nâng cao,3,Nhóm 02,Kinh tế số,3.1,102,8.4,78.6,19,83.7,78,7.1,7.6,0
SV20211358,IT4030,Phát triển ứng dụng Web,4,Nhóm 02,Kinh tế số,3.1,102,8.9,91.5,12,87.4,77,6.0,8.1,0
SV20211358,MA2010,Xác suất thống kê ứng dụng,3,Nhóm 02,Kinh tế số,3.1,102,8.4,100.0,15,91.8,92,9.1,6.4,0
SV20211359,IT4010,Học máy & Khai phá dữ liệu,3,Nhóm 03,Kỹ thuật dữ liệu,3.1,93,10.0,78.4,9,96.4,72,7.0,9.9,0
SV20211359,IT4020,Hệ quản trị CSDL nâng cao,3,Nhóm 03,Kỹ thuật dữ liệu,3.1,93,9.1,100.0,9,96.5,85,7.2,9.2,0
SV20211359,IT4030,Phát triển ứng dụng Web,4,Nhóm 03,Kỹ thuật dữ liệu,3.1,93,8.6,88.7,12,84.7,82,9.4,8.0,0
SV20211359,MA2010,Xác suất thống kê ứng dụng,3,Nhóm 03,Kỹ thuật dữ liệu,3.1,93,8.9,90.3,13,93.9,69,7.6,10.0,0
SV20211360,IT4010,Học máy & Khai phá dữ liệu,3,Nhóm 04,Kinh tế số,1.8,46,5.5,56.3,9,100.0,82,5.0,7.0,0
SV20211360,IT4020,Hệ quản trị CSDL nâng cao,3,Nhóm 04,Kinh tế số,1.8,46,6.7,81.0,8,64.4,51,3.0,5.9,0
SV20211360,IT4030,Phát triển ứng dụng Web,4,Nhóm 04,Kinh tế số,1.8,46,5.6,70.6,1,78.1,58,5.9,7.2,0
SV20211360,MA2010,Xác suất thống kê ứng dụng,3,Nhóm 04,Kinh tế số,1.8,46,5.8,79.8,8,80.1,56,4.6,7.0,0
SV20211361,IT4010,Học máy & Khai phá dữ liệu,3,Nhóm 01,Công nghệ thông tin,3.2,114,6.4,79.5,16,100.0,92,9.6,6.8,0
SV20211361,IT4020,Hệ quản trị CSDL nâng cao,3,Nhóm 01,Công nghệ thông tin,3.2,114,7.9,71.0,18,100.0,93,9.3,7.0,0
SV20211361,IT4030,Phát triển ứng dụng Web,4,Nhóm 01,Công nghệ thông tin,3.2,114,10.0,85.7,21,89.3,70,8.2,9.8,0
SV20211361,MA2010,Xác suất thống kê ứng dụng,3,Nhóm 01,Công nghệ thông tin,3.2,114,10.0,97.4,16,96.8,87,9.5,8.3,0
SV20211362,IT4010,Học máy & Khai phá dữ liệu,3,Nhóm 02,Công nghệ thông tin,2.3,90,6.2,74.4,1,71.5,76,4.3,5.7,0
SV20211362,IT4020,Hệ quản trị CSDL nâng cao,3,Nhóm 02,Công nghệ thông tin,2.3,90,6.3,88.7,3,91.8,64,3.7,4.5,1
SV20211362,IT4030,Phát triển ứng dụng Web,4,Nhóm 02,Công nghệ thông tin,2.3,90,6.5,88.3,1,59.7,62,5.2,6.8,0
SV20211362,MA2010,Xác suất thống kê ứng dụng,3,Nhóm 02,Công nghệ thông tin,2.3,90,5.8,75.8,14,81.3,58,5.7,5.2,0
SV20211363,IT4010,Học máy & Khai phá dữ liệu,3,Nhóm 03,Công nghệ thông tin,2.0,75,5.4,78.3,4,90.4,69,5.7,3.1,1
SV20211363,IT4020,Hệ quản trị CSDL nâng cao,3,Nhóm 03,Công nghệ thông tin,2.0,75,7.2,86.2,14,78.9,69,4.9,6.8,0
SV20211363,IT4030,Phát triển ứng dụng Web,4,Nhóm 03,Công nghệ thông tin,2.0,75,5.2,93.1,1,76.0,78,5.7,5.4,0
SV20211363,MA2010,Xác suất thống kê ứng dụng,3,Nhóm 03,Công nghệ thông tin,2.0,75,7.1,88.6,16,93.3,70,4.0,7.2,0
SV20211364,IT4010,Học máy & Khai phá dữ liệu,3,Nhóm 04,Kinh tế số,2.9,76,7.5,87.0,14,91.5,81,5.7,6.7,0
SV20211364,IT4020,Hệ quản trị CSDL nâng cao,3,Nhóm 04,Kinh tế số,2.9,76,8.8,67.0,11,91.6,81,5.5,7.2,0
SV20211364,IT4030,Phát triển ứng dụng Web,4,Nhóm 04,Kinh tế số,2.9,76,7.9,91.5,10,85.1,76,5.7,8.1,0
SV20211364,MA2010,Xác suất thống kê ứng dụng,3,Nhóm 04,Kinh tế số,2.9,76,6.8,89.9,11,83.2,82,8.2,7.9,0
SV20211365,IT4010,Học máy & Khai phá dữ liệu,3,Nhóm 01,Công nghệ thông tin,3.4,115,7.8,83.7,10,98.5,89,8.7,7.3,0
SV20211365,IT4020,Hệ quản trị CSDL nâng cao,3,Nhóm 01,Công nghệ thông tin,3.4,115,8.0,96.9,15,94.7,71,7.0,6.4,0
SV20211365,IT4030,Phát triển ứng dụng Web,4,Nhóm 01,Công nghệ thông tin,3.4,115,8.9,84.4,10,91.0,76,5.2,7.2,0
SV20211365,MA2010,Xác suất thống kê ứng dụng,3,Nhóm 01,Công nghệ thông tin,3.4,115,7.6,78.7,13,83.8,65,7.8,7.3,0
SV20211366,IT4010,Học máy & Khai phá dữ liệu,3,Nhóm 02,Công nghệ thông tin,3.1,105,8.0,90.4,21,100.0,74,7.4,7.3,0
SV20211366,IT4020,Hệ quản trị CSDL nâng cao,3,Nhóm 02,Công nghệ thông tin,3.1,105,8.1,94.1,15,92.2,75,8.8,8.4,0
SV20211366,IT4030,Phát triển ứng dụng Web,4,Nhóm 02,Công nghệ thông tin,3.1,105,10.0,100.0,15,100.0,62,7.8,9.3,0
SV20211366,MA2010,Xác suất thống kê ứng dụng,3,Nhóm 02,Công nghệ thông tin,3.1,105,9.1,100.0,17,89.6,93,12.1,7.8,0
SV20211367,IT4010,Học máy & Khai phá dữ liệu,3,Nhóm 03,Công nghệ thông tin,3.3,127,8.6,97.3,18,87.3,66,10.3,8.4,0
SV20211367,IT4020,Hệ quản trị CSDL nâng cao,3,Nhóm 03,Công nghệ thông tin,3.3,127,9.2,92.4,13,86.1,95,10.3,7.6,0
SV20211367,IT4030,Phát triển ứng dụng Web,4,Nhóm 03,Công nghệ thông tin,3.3,127,8.2,93.0,18,100.0,93,11.5,9.1,0
SV20211367,MA2010,Xác suất thống kê ứng dụng,3,Nhóm 03,Công nghệ thông tin,3.3,127,8.5,84.2,15,94.1,82,9.8,7.6,0
SV20211368,IT4010,Học máy & Khai phá dữ liệu,3,Nhóm 04,Công nghệ thông tin,2.0,34,5.4,70.4,7,69.0,69,4.6,5.3,0
SV20211368,IT4020,Hệ quản trị CSDL nâng cao,3,Nhóm 04,Công nghệ thông tin,2.0,34,5.2,80.2,13,65.7,76,5.6,4.0,1
SV20211368,IT4030,Phát triển ứng dụng Web,4,Nhóm 04,Công nghệ thông tin,2.0,34,5.5,61.7,7,64.7,55,5.2,5.4,0
SV20211368,MA2010,Xác suất thống kê ứng dụng,3,Nhóm 04,Công nghệ thông tin,2.0,34,4.9,75.5,4,80.7,70,6.3,4.6,1
SV20211369,IT4010,Học máy & Khai phá dữ liệu,3,Nhóm 01,Công nghệ thông tin,2.9,99,7.5,88.3,14,87.6,83,8.3,4.6,1
SV20211369,IT4020,Hệ quản trị CSDL nâng cao,3,Nhóm 01,Công nghệ thông tin,2.9,99,8.6,100.0,14,91.3,78,9.1,7.5,0
SV20211369,IT4030,Phát triển ứng dụng Web,4,Nhóm 01,Công nghệ thông tin,2.9,99,9.2,90.6,9,83.5,84,8.7,7.4,0
SV20211369,MA2010,Xác suất thống kê ứng dụng,3,Nhóm 01,Công nghệ thông tin,2.9,99,8.0,96.4,15,96.3,83,10.5,6.6,0
SV20211370,IT4010,Học máy & Khai phá dữ liệu,3,Nhóm 02,Công nghệ thông tin,2.3,86,7.5,69.4,4,85.8,80,2.5,6.2,0
SV20211370,IT4020,Hệ quản trị CSDL nâng cao,3,Nhóm 02,Công nghệ thông tin,2.3,86,7.8,84.6,9,93.3,66,4.1,5.6,0
SV20211370,IT4030,Phát triển ứng dụng Web,4,Nhóm 02,Công nghệ thông tin,2.3,86,8.2,68.7,21,95.5,88,6.3,7.0,0
SV20211370,MA2010,Xác suất thống kê ứng dụng,3,Nhóm 02,Công nghệ thông tin,2.3,86,8.6,79.5,10,91.3,85,9.4,6.8,0
SV20211371,IT4010,Học máy & Khai phá dữ liệu,3,Nhóm 03,Công nghệ thông tin,2.2,63,8.2,75.8,5,91.3,85,5.6,7.2,0
SV20211371,IT4020,Hệ quản trị CSDL nâng cao,3,Nhóm 03,Công nghệ thông tin,2.2,63,6.8,75.6,14,95.1,68,7.1,5.4,0
SV20211371,IT4030,Phát triển ứng dụng Web,4,Nhóm 03,Công nghệ thông tin,2.2,63,6.2,66.1,1,85.0,66,1.7,7.4,0
SV20211371,MA2010,Xác suất thống kê ứng dụng,3,Nhóm 03,Công nghệ thông tin,2.2,63,6.8,78.3,10,81.9,83,8.7,6.8,0
SV20211372,IT4010,Học máy & Khai phá dữ liệu,3,Nhóm 04,Kinh tế số,3.1,108,7.8,82.0,18,87.1,86,5.4,7.0,0
SV20211372,IT4020,Hệ quản trị CSDL nâng cao,3,Nhóm 04,Kinh tế số,3.1,108,7.8,92.0,20,75.2,59,7.0,6.9,0
SV20211372,IT4030,Phát triển ứng dụng Web,4,Nhóm 04,Kinh tế số,3.1,108,9.1,88.4,9,93.9,80,6.1,8.1,0
SV20211372,MA2010,Xác suất thống kê ứng dụng,3,Nhóm 04,Kinh tế số,3.1,108,7.0,100.0,18,80.6,75,8.2,6.7,0
SV20211373,IT4010,Học máy & Khai phá dữ liệu,3,Nhóm 01,Công nghệ thông tin,3.0,96,8.0,87.8,6,86.1,85,5.7,7.2,0
SV20211373,IT4020,Hệ quản trị CSDL nâng cao,3,Nhóm 01,Công nghệ thông tin,3.0,96,8.1,80.5,4,94.0,71,8.0,7.1,0
SV20211373,IT4030,Phát triển ứng dụng Web,4,Nhóm 01,Công nghệ thông tin,3.0,96,9.2,69.6,16,73.5,64,7.4,7.1,0
SV20211373,MA2010,Xác suất thống kê ứng dụng,3,Nhóm 01,Công nghệ thông tin,3.0,96,6.7,84.4,14,77.0,65,8.3,7.9,0
SV20211374,IT4010,Học máy & Khai phá dữ liệu,3,Nhóm 02,Công nghệ thông tin,2.7,74,8.0,92.1,6,86.6,70,9.5,7.9,0
SV20211374,IT4020,Hệ quản trị CSDL nâng cao,3,Nhóm 02,Công nghệ thông tin,2.7,74,6.3,85.6,16,84.7,79,8.3,5.2,0
SV20211374,IT4030,Phát triển ứng dụng Web,4,Nhóm 02,Công nghệ thông tin,2.7,74,8.9,97.2,11,74.7,72,5.7,7.9,0
SV20211374,MA2010,Xác suất thống kê ứng dụng,3,Nhóm 02,Công nghệ thông tin,2.7,74,7.5,90.2,11,86.2,63,6.3,3.6,1
SV20211375,IT4010,Học máy & Khai phá dữ liệu,3,Nhóm 03,Kỹ thuật dữ liệu,3.0,84,8.5,98.0,14,99.3,80,9.1,7.5,0
SV20211375,IT4020,Hệ quản trị CSDL nâng cao,3,Nhóm 03,Kỹ thuật dữ liệu,3.0,84,8.5,89.3,14,89.0,79,9.4,8.1,0
SV20211375,IT4030,Phát triển ứng dụng Web,4,Nhóm 03,Kỹ thuật dữ liệu,3.0,84,9.4,83.1,17,88.9,81,6.0,8.0,0
SV20211375,MA2010,Xác suất thống kê ứng dụng,3,Nhóm 03,Kỹ thuật dữ liệu,3.0,84,7.7,100.0,7,81.0,82,10.3,6.3,0
SV20211376,IT4010,Học máy & Khai phá dữ liệu,3,Nhóm 04,Kỹ thuật dữ liệu,2.5,82,7.6,75.5,7,86.9,66,3.2,7.3,0
SV20211376,IT4020,Hệ quản trị CSDL nâng cao,3,Nhóm 04,Kỹ thuật dữ liệu,2.5,82,7.2,91.1,4,71.8,73,5.5,6.4,0
SV20211376,IT4030,Phát triển ứng dụng Web,4,Nhóm 04,Kỹ thuật dữ liệu,2.5,82,8.3,65.7,12,76.7,82,6.9,7.5,0
SV20211376,MA2010,Xác suất thống kê ứng dụng,3,Nhóm 04,Kỹ thuật dữ liệu,2.5,82,6.5,85.7,10,91.9,73,6.2,5.3,0
SV20211377,IT4010,Học máy & Khai phá dữ liệu,3,Nhóm 01,Công nghệ thông tin,2.5,88,6.6,88.3,11,68.0,73,4.6,5.8,0
SV20211377,IT4020,Hệ quản trị CSDL nâng cao,3,Nhóm 01,Công nghệ thông tin,2.5,88,7.4,78.3,15,69.4,73,2.1,5.3,0
SV20211377,IT4030,Phát triển ứng dụng Web,4,Nhóm 01,Công nghệ thông tin,2.5,88,7.5,88.9,13,84.0,81,6.9,7.2,0
SV20211377,MA2010,Xác suất thống kê ứng dụng,3,Nhóm 01,Công nghệ thông tin,2.5,88,6.1,78.9,2,62.2,75,7.2,6.0,0
SV20211378,IT4010,Học máy & Khai phá dữ liệu,3,Nhóm 02,Công nghệ thông tin,2.4,63,8.2,95.0,14,79.2,79,10.5,8.2,0
SV20211378,IT4020,Hệ quản trị CSDL nâng cao,3,Nhóm 02,Công nghệ thông tin,2.4,63,8.5,79.1,13,93.5,77,6.1,6.5,0
SV20211378,IT4030,Phát triển ứng dụng Web,4,Nhóm 02,Công nghệ thông tin,2.4,63,9.5,87.8,14,73.4,75,6.3,9.6,0
SV20211378,MA2010,Xác suất thống kê ứng dụng,3,Nhóm 02,Công nghệ thông tin,2.4,63,8.2,92.4,8,99.4,81,6.0,8.7,0
SV20211379,IT4010,Học máy & Khai phá dữ liệu,3,Nhóm 03,Kinh tế số,2.5,60,5.0,66.8,13,89.7,74,3.2,4.6,1
SV20211379,IT4020,Hệ quản trị CSDL nâng cao,3,Nhóm 03,Kinh tế số,2.5,60,6.1,80.1,9,75.7,65,0.9,3.1,1
SV20211379,IT4030,Phát triển ứng dụng Web,4,Nhóm 03,Kinh tế số,2.5,60,7.0,60.8,9,89.8,68,5.6,6.8,0
SV20211379,MA2010,Xác suất thống kê ứng dụng,3,Nhóm 03,Kinh tế số,2.5,60,7.0,80.3,8,67.8,67,5.4,7.0,0
SV20211380,IT4010,Học máy & Khai phá dữ liệu,3,Nhóm 04,Công nghệ thông tin,2.5,90,5.7,73.2,6,60.9,72,7.5,6.5,0
SV20211380,IT4020,Hệ quản trị CSDL nâng cao,3,Nhóm 04,Công nghệ thông tin,2.5,90,5.3,59.4,9,72.0,80,4.3,3.0,1
SV20211380,IT4030,Phát triển ứng dụng Web,4,Nhóm 04,Công nghệ thông tin,2.5,90,6.5,76.3,11,70.7,69,7.2,9.7,0
SV20211380,MA2010,Xác suất thống kê ứng dụng,3,Nhóm 04,Công nghệ thông tin,2.5,90,6.6,74.3,8,77.6,65,7.3,4.3,1
SV20211381,IT4010,Học máy & Khai phá dữ liệu,3,Nhóm 01,Công nghệ thông tin,3.4,99,7.5,97.0,16,91.9,76,4.4,5.3,0
SV20211381,IT4020,Hệ quản trị CSDL nâng cao,3,Nhóm 01,Công nghệ thông tin,3.4,99,8.2,79.4,24,79.3,73,7.4,6.7,0
SV20211381,IT4030,Phát triển ứng dụng Web,4,Nhóm 01,Công nghệ thông tin,3.4,99,8.7,86.2,15,86.9,80,9.4,9.7,0
SV20211381,MA2010,Xác suất thống kê ứng dụng,3,Nhóm 01,Công nghệ thông tin,3.4,99,7.9,89.0,16,89.9,81,7.5,6.2,0
SV20211382,IT4010,Học máy & Khai phá dữ liệu,3,Nhóm 02,Công nghệ thông tin,3.1,95,8.8,83.9,10,98.7,77,6.8,6.6,0
SV20211382,IT4020,Hệ quản trị CSDL nâng cao,3,Nhóm 02,Công nghệ thông tin,3.1,95,7.2,99.8,13,100.0,92,5.9,5.6,0
SV20211382,IT4030,Phát triển ứng dụng Web,4,Nhóm 02,Công nghệ thông tin,3.1,95,8.9,94.3,21,80.8,86,6.1,6.1,0
SV20211382,MA2010,Xác suất thống kê ứng dụng,3,Nhóm 02,Công nghệ thông tin,3.1,95,8.3,96.8,7,90.6,77,9.9,8.3,0
SV20211383,IT4010,Học máy & Khai phá dữ liệu,3,Nhóm 03,Công nghệ thông tin,2.7,52,7.5,93.7,10,76.1,86,10.5,6.5,0
SV20211383,IT4020,Hệ quản trị CSDL nâng cao,3,Nhóm 03,Công nghệ thông tin,2.7,52,6.9,62.8,5,97.3,68,7.7,4.4,1
SV20211383,IT4030,Phát triển ứng dụng Web,4,Nhóm 03,Công nghệ thông tin,2.7,52,8.0,83.9,17,77.0,78,5.4,9.5,0
SV20211383,MA2010,Xác suất thống kê ứng dụng,3,Nhóm 03,Công nghệ thông tin,2.7,52,8.5,91.4,10,86.9,72,5.1,7.6,0
SV20211384,IT4010,Học máy & Khai phá dữ liệu,3,Nhóm 04,Kỹ thuật dữ liệu,3.2,114,8.4,91.1,11,88.7,97,8.4,6.7,0
SV20211384,IT4020,Hệ quản trị CSDL nâng cao,3,Nhóm 04,Kỹ thuật dữ liệu,3.2,114,9.0,85.1,18,100.0,95,7.4,6.8,0
SV20211384,IT4030,Phát triển ứng dụng Web,4,Nhóm 04,Kỹ thuật dữ liệu,3.2,114,9.2,96.1,15,96.7,77,7.9,7.4,0
SV20211384,MA2010,Xác suất thống kê ứng dụng,3,Nhóm 04,Kỹ thuật dữ liệu,3.2,114,9.7,78.8,9,94.6,78,7.0,5.9,0
SV20211385,IT4010,Học máy & Khai phá dữ liệu,3,Nhóm 01,Công nghệ thông tin,3.3,87,9.4,85.6,13,98.9,85,9.9,8.8,0
SV20211385,IT4020,Hệ quản trị CSDL nâng cao,3,Nhóm 01,Công nghệ thông tin,3.3,87,7.4,82.3,10,90.9,72,8.5,5.9,0
SV20211385,IT4030,Phát triển ứng dụng Web,4,Nhóm 01,Công nghệ thông tin,3.3,87,8.1,91.5,14,88.8,91,7.1,7.6,0
SV20211385,MA2010,Xác suất thống kê ứng dụng,3,Nhóm 01,Công nghệ thông tin,3.3,87,8.8,97.1,3,87.1,84,7.3,6.6,0
SV20211386,IT4010,Học máy & Khai phá dữ liệu,3,Nhóm 02,Kinh tế số,3.0,90,6.9,73.5,7,89.1,73,5.6,5.5,0
SV20211386,IT4020,Hệ quản trị CSDL nâng cao,3,Nhóm 02,Kinh tế số,3.0,90,7.8,89.3,3,83.2,85,10.1,5.4,0
SV20211386,IT4030,Phát triển ứng dụng Web,4,Nhóm 02,Kinh tế số,3.0,90,8.7,65.1,11,99.2,84,5.5,5.3,0
SV20211386,MA2010,Xác suất thống kê ứng dụng,3,Nhóm 02,Kinh tế số,3.0,90,7.1,84.3,9,85.0,73,7.5,5.4,0
SV20211387,IT4010,Học máy & Khai phá dữ liệu,3,Nhóm 03,Công nghệ thông tin,2.5,69,8.5,82.1,8,81.2,67,5.4,7.2,0
SV20211387,IT4020,Hệ quản trị CSDL nâng cao,3,Nhóm 03,Công nghệ thông tin,2.5,69,5.5,80.9,9,90.1,75,6.9,7.7,0
SV20211387,IT4030,Phát triển ứng dụng Web,4,Nhóm 03,Công nghệ thông tin,2.5,69,7.3,91.4,10,96.7,72,4.9,6.4,0
SV20211387,MA2010,Xác suất thống kê ứng dụng,3,Nhóm 03,Công nghệ thông tin,2.5,69,5.7,86.9,10,90.4,78,6.7,6.6,0
SV20211388,IT4010,Học máy & Khai phá dữ liệu,3,Nhóm 04,Kỹ thuật dữ liệu,3.0,86,8.4,91.2,10,78.6,79,5.5,7.5,0
SV20211388,IT4020,Hệ quản trị CSDL nâng cao,3,Nhóm 04,Kỹ thuật dữ liệu,3.0,86,7.6,82.6,5,93.9,73,10.6,5.8,0
SV20211388,IT4030,Phát triển ứng dụng Web,4,Nhóm 04,Kỹ thuật dữ liệu,3.0,86,8.6,72.8,20,79.1,69,7.9,8.8,0
SV20211388,MA2010,Xác suất thống kê ứng dụng,3,Nhóm 04,Kỹ thuật dữ liệu,3.0,86,7.8,74.1,9,85.4,64,6.8,5.0,0
SV20211389,IT4010,Học máy & Khai phá dữ liệu,3,Nhóm 01,Công nghệ thông tin,1.9,49,5.8,75.2,8,75.9,64,3.5,4.5,1
SV20211389,IT4020,Hệ quản trị CSDL nâng cao,3,Nhóm 01,Công nghệ thông tin,1.9,49,5.4,70.3,8,65.1,58,4.7,3.9,1
SV20211389,IT4030,Phát triển ứng dụng Web,4,Nhóm 01,Công nghệ thông tin,1.9,49,5.8,69.0,14,84.1,73,2.4,3.7,1
SV20211389,MA2010,Xác suất thống kê ứng dụng,3,Nhóm 01,Công nghệ thông tin,1.9,49,6.1,69.0,3,61.1,86,4.0,4.3,1
SV20211390,IT4010,Học máy & Khai phá dữ liệu,3,Nhóm 02,Công nghệ thông tin,2.8,79,8.2,86.8,10,94.4,79,8.6,7.2,0
SV20211390,IT4020,Hệ quản trị CSDL nâng cao,3,Nhóm 02,Công nghệ thông tin,2.8,79,9.2,83.4,8,100.0,75,5.6,5.4,0
SV20211390,IT4030,Phát triển ứng dụng Web,4,Nhóm 02,Công nghệ thông tin,2.8,79,7.5,85.8,8,83.3,73,7.4,7.0,0
SV20211390,MA2010,Xác suất thống kê ứng dụng,3,Nhóm 02,Công nghệ thông tin,2.8,79,9.0,84.4,9,61.8,74,8.4,7.8,0
SV20211391,IT4010,Học máy & Khai phá dữ liệu,3,Nhóm 03,Kinh tế số,3.6,95,8.1,89.7,17,91.5,78,10.4,7.5,0
SV20211391,IT4020,Hệ quản trị CSDL nâng cao,3,Nhóm 03,Kinh tế số,3.6,95,9.8,100.0,12,94.9,98,6.9,7.4,0
SV20211391,IT4030,Phát triển ứng dụng Web,4,Nhóm 03,Kinh tế số,3.6,95,8.8,93.5,17,94.2,93,8.0,6.3,0
SV20211391,MA2010,Xác suất thống kê ứng dụng,3,Nhóm 03,Kinh tế số,3.6,95,8.4,100.0,16,69.5,91,9.6,7.2,0
SV20211392,IT4010,Học máy & Khai phá dữ liệu,3,Nhóm 04,Kinh tế số,3.1,132,7.9,74.9,14,77.1,92,12.1,6.6,0
SV20211392,IT4020,Hệ quản trị CSDL nâng cao,3,Nhóm 04,Kinh tế số,3.1,132,9.7,90.7,19,85.7,91,9.7,7.8,0
SV20211392,IT4030,Phát triển ứng dụng Web,4,Nhóm 04,Kinh tế số,3.1,132,9.6,86.7,12,99.8,95,8.9,9.1,0
SV20211392,MA2010,Xác suất thống kê ứng dụng,3,Nhóm 04,Kinh tế số,3.1,132,9.6,100.0,18,100.0,80,10.6,9.3,0
SV20211393,IT4010,Học máy & Khai phá dữ liệu,3,Nhóm 01,Công nghệ thông tin,2.9,69,8.6,91.2,12,77.9,77,5.7,7.8,0
SV20211393,IT4020,Hệ quản trị CSDL nâng cao,3,Nhóm 01,Công nghệ thông tin,2.9,69,7.5,88.1,11,74.1,75,8.5,6.1,0
SV20211393,IT4030,Phát triển ứng dụng Web,4,Nhóm 01,Công nghệ thông tin,2.9,69,7.4,92.2,12,95.2,82,5.0,7.6,0
SV20211393,MA2010,Xác suất thống kê ứng dụng,3,Nhóm 01,Công nghệ thông tin,2.9,69,8.8,71.7,12,81.6,85,8.0,8.2,0
SV20211394,IT4010,Học máy & Khai phá dữ liệu,3,Nhóm 02,Công nghệ thông tin,2.7,57,7.3,80.6,11,85.3,78,5.9,6.3,0
SV20211394,IT4020,Hệ quản trị CSDL nâng cao,3,Nhóm 02,Công nghệ thông tin,2.7,57,7.2,85.3,10,96.7,78,4.8,6.5,0
SV20211394,IT4030,Phát triển ứng dụng Web,4,Nhóm 02,Công nghệ thông tin,2.7,57,8.1,80.2,10,79.7,83,5.1,7.4,0
SV20211394,MA2010,Xác suất thống kê ứng dụng,3,Nhóm 02,Công nghệ thông tin,2.7,57,7.9,88.9,9,100.0,76,6.2,7.0,0
SV20211395,IT4010,Học máy & Khai phá dữ liệu,3,Nhóm 03,Công nghệ thông tin,3.3,108,7.3,83.1,12,97.2,70,8.6,6.2,0
SV20211395,IT4020,Hệ quản trị CSDL nâng cao,3,Nhóm 03,Công nghệ thông tin,3.3,108,8.8,90.8,12,97.2,73,4.6,5.8,0
SV20211395,IT4030,Phát triển ứng dụng Web,4,Nhóm 03,Công nghệ thông tin,3.3,108,9.6,84.0,12,86.8,76,13.4,8.6,0
SV20211395,MA2010,Xác suất thống kê ứng dụng,3,Nhóm 03,Công nghệ thông tin,3.3,108,7.2,100.0,13,75.6,76,7.3,4.1,1
SV20211396,IT4010,Học máy & Khai phá dữ liệu,3,Nhóm 04,Kỹ thuật dữ liệu,2.9,107,7.3,89.8,11,100.0,73,9.3,6.9,0
SV20211396,IT4020,Hệ quản trị CSDL nâng cao,3,Nhóm 04,Kỹ thuật dữ liệu,2.9,107,7.0,76.3,8,81.3,80,7.7,5.6,0
SV20211396,IT4030,Phát triển ứng dụng Web,4,Nhóm 04,Kỹ thuật dữ liệu,2.9,107,8.4,88.3,16,82.1,85,5.5,6.0,0
SV20211396,MA2010,Xác suất thống kê ứng dụng,3,Nhóm 04,Kỹ thuật dữ liệu,2.9,107,9.3,97.4,11,85.9,88,4.0,8.0,0
SV20211397,IT4010,Học máy & Khai phá dữ liệu,3,Nhóm 01,Công nghệ thông tin,2.4,73,6.8,72.7,10,97.5,71,5.3,6.3,0
SV20211397,IT4020,Hệ quản trị CSDL nâng cao,3,Nhóm 01,Công nghệ thông tin,2.4,73,7.2,70.2,8,78.3,75,5.4,7.0,0
SV20211397,IT4030,Phát triển ứng dụng Web,4,Nhóm 01,Công nghệ thông tin,2.4,73,8.8,80.6,16,79.8,92,5.5,6.9,0
SV20211397,MA2010,Xác suất thống kê ứng dụng,3,Nhóm 01,Công nghệ thông tin,2.4,73,7.9,84.7,10,78.0,68,6.6,6.7,0
SV20211398,IT4010,Học máy & Khai phá dữ liệu,3,Nhóm 02,Kinh tế số,2.4,84,7.1,91.6,6,78.3,82,9.7,7.8,0
SV20211398,IT4020,Hệ quản trị CSDL nâng cao,3,Nhóm 02,Kinh tế số,2.4,84,4.6,68.7,11,75.5,76,7.2,4.3,1
SV20211398,IT4030,Phát triển ứng dụng Web,4,Nhóm 02,Kinh tế số,2.4,84,8.4,80.9,12,76.9,67,6.2,7.0,0
SV20211398,MA2010,Xác suất thống kê ứng dụng,3,Nhóm 02,Kinh tế số,2.4,84,6.5,71.4,11,88.7,68,8.0,5.2,0
SV20211399,IT4010,Học máy & Khai phá dữ liệu,3,Nhóm 03,Kỹ thuật dữ liệu,2.1,75,7.5,78.6,11,67.5,63,5.1,6.9,0
SV20211399,IT4020,Hệ quản trị CSDL nâng cao,3,Nhóm 03,Kỹ thuật dữ liệu,2.1,75,5.6,70.3,9,93.5,87,6.8,3.8,1
SV20211399,IT4030,Phát triển ứng dụng Web,4,Nhóm 03,Kỹ thuật dữ liệu,2.1,75,7.5,86.7,12,91.4,70,8.6,6.9,0
SV20211399,MA2010,Xác suất thống kê ứng dụng,3,Nhóm 03,Kỹ thuật dữ liệu,2.1,75,8.2,92.6,12,96.2,83,3.4,6.6,0
SV20211400,IT4010,Học máy & Khai phá dữ liệu,3,Nhóm 04,Công nghệ thông tin,3.0,90,7.7,72.2,10,90.2,86,6.5,8.1,0
SV20211400,IT4020,Hệ quản trị CSDL nâng cao,3,Nhóm 04,Công nghệ thông tin,3.0,90,8.7,69.8,6,79.6,94,9.7,6.7,0
SV20211400,IT4030,Phát triển ứng dụng Web,4,Nhóm 04,Công nghệ thông tin,3.0,90,8.0,87.1,13,100.0,71,7.1,7.6,0
SV20211400,MA2010,Xác suất thống kê ứng dụng,3,Nhóm 04,Công nghệ thông tin,3.0,90,7.3,87.4,14,86.3,71,8.9,6.9,0
SV20211401,IT4010,Học máy & Khai phá dữ liệu,3,Nhóm 01,Kinh tế số,1.9,81,5.6,58.8,1,84.6,68,6.0,7.4,0
SV20211401,IT4020,Hệ quản trị CSDL nâng cao,3,Nhóm 01,Kinh tế số,1.9,81,6.6,80.4,1,84.3,59,0.3,5.6,0
SV20211401,IT4030,Phát triển ứng dụng Web,4,Nhóm 01,Kinh tế số,1.9,81,8.1,82.7,9,80.3,51,3.3,7.7,0
SV20211401,MA2010,Xác suất thống kê ứng dụng,3,Nhóm 01,Kinh tế số,1.9,81,6.2,75.9,6,83.7,65,2.6,5.5,0
SV20211402,IT4010,Học máy & Khai phá dữ liệu,3,Nhóm 02,Công nghệ thông tin,2.9,113,7.9,98.5,11,87.1,93,7.5,5.8,0
SV20211402,IT4020,Hệ quản trị CSDL nâng cao,3,Nhóm 02,Công nghệ thông tin,2.9,113,7.9,87.9,19,79.3,89,7.9,8.5,0
SV20211402,IT4030,Phát triển ứng dụng Web,4,Nhóm 02,Công nghệ thông tin,2.9,113,8.6,98.7,7,74.9,79,8.4,8.3,0
SV20211402,MA2010,Xác suất thống kê ứng dụng,3,Nhóm 02,Công nghệ thông tin,2.9,113,8.7,82.8,14,94.4,69,5.7,9.1,0
SV20211403,IT4010,Học máy & Khai phá dữ liệu,3,Nhóm 03,Kỹ thuật dữ liệu,3.2,102,6.5,81.9,10,83.1,80,5.7,5.2,0
SV20211403,IT4020,Hệ quản trị CSDL nâng cao,3,Nhóm 03,Kỹ thuật dữ liệu,3.2,102,7.5,78.8,10,93.8,75,9.9,5.5,0
SV20211403,IT4030,Phát triển ứng dụng Web,4,Nhóm 03,Kỹ thuật dữ liệu,3.2,102,8.2,97.8,8,97.4,68,8.5,6.6,0
SV20211403,MA2010,Xác suất thống kê ứng dụng,3,Nhóm 03,Kỹ thuật dữ liệu,3.2,102,8.5,82.4,11,83.5,63,7.5,9.7,0
SV20211404,IT4010,Học máy & Khai phá dữ liệu,3,Nhóm 04,Kỹ thuật dữ liệu,3.3,106,9.4,88.6,13,95.3,75,7.8,6.9,0
SV20211404,IT4020,Hệ quản trị CSDL nâng cao,3,Nhóm 04,Kỹ thuật dữ liệu,3.3,106,7.2,89.9,10,79.7,58,6.2,6.8,0
SV20211404,IT4030,Phát triển ứng dụng Web,4,Nhóm 04,Kỹ thuật dữ liệu,3.3,106,9.4,93.3,12,94.7,89,9.6,6.5,0
SV20211404,MA2010,Xác suất thống kê ứng dụng,3,Nhóm 04,Kỹ thuật dữ liệu,3.3,106,8.8,89.7,15,75.3,83,10.0,8.0,0
SV20211405,IT4010,Học máy & Khai phá dữ liệu,3,Nhóm 01,Công nghệ thông tin,2.9,101,7.8,82.1,8,84.6,85,7.8,9.3,0
SV20211405,IT4020,Hệ quản trị CSDL nâng cao,3,Nhóm 01,Công nghệ thông tin,2.9,101,8.1,90.0,12,81.0,84,6.7,7.1,0
SV20211405,IT4030,Phát triển ứng dụng Web,4,Nhóm 01,Công nghệ thông tin,2.9,101,7.5,100.0,11,93.4,84,9.4,9.9,0
SV20211405,MA2010,Xác suất thống kê ứng dụng,3,Nhóm 01,Công nghệ thông tin,2.9,101,8.0,92.3,14,82.0,73,8.4,7.2,0
SV20211406,IT4010,Học máy & Khai phá dữ liệu,3,Nhóm 02,Công nghệ thông tin,2.5,62,8.5,74.1,12,96.4,79,6.3,6.4,0
SV20211406,IT4020,Hệ quản trị CSDL nâng cao,3,Nhóm 02,Công nghệ thông tin,2.5,62,6.8,97.9,7,84.0,73,5.0,4.6,1
SV20211406,IT4030,Phát triển ứng dụng Web,4,Nhóm 02,Công nghệ thông tin,2.5,62,8.3,86.7,16,100.0,83,6.3,5.5,0
SV20211406,MA2010,Xác suất thống kê ứng dụng,3,Nhóm 02,Công nghệ thông tin,2.5,62,7.6,79.8,9,77.4,69,3.8,6.3,0
SV20211407,IT4010,Học máy & Khai phá dữ liệu,3,Nhóm 03,Kỹ thuật dữ liệu,2.7,78,6.7,79.8,10,57.4,75,12.9,6.6,0
SV20211407,IT4020,Hệ quản trị CSDL nâng cao,3,Nhóm 03,Kỹ thuật dữ liệu,2.7,78,5.8,88.1,11,72.6,58,4.2,5.7,0
SV20211407,IT4030,Phát triển ứng dụng Web,4,Nhóm 03,Kỹ thuật dữ liệu,2.7,78,8.9,85.2,14,64.2,80,7.6,5.7,0
SV20211407,MA2010,Xác suất thống kê ứng dụng,3,Nhóm 03,Kỹ thuật dữ liệu,2.7,78,7.5,77.9,13,76.7,65,5.0,6.5,0
SV20211408,IT4010,Học máy & Khai phá dữ liệu,3,Nhóm 04,Kinh tế số,2.7,132,7.8,88.2,15,99.6,79,8.6,6.8,0
SV20211408,IT4020,Hệ quản trị CSDL nâng cao,3,Nhóm 04,Kinh tế số,2.7,132,6.9,81.5,8,69.1,69,7.3,6.9,0
SV20211408,IT4030,Phát triển ứng dụng Web,4,Nhóm 04,Kinh tế số,2.7,132,7.5,78.8,11,80.4,71,8.0,7.1,0
SV20211408,MA2010,Xác suất thống kê ứng dụng,3,Nhóm 04,Kinh tế số,2.7,132,7.3,78.7,9,73.6,85,7.2,8.0,0
SV20211409,IT4010,Học máy & Khai phá dữ liệu,3,Nhóm 01,Kinh tế số,4.0,92,9.5,100.0,17,100.0,82,9.5,9.1,0
SV20211409,IT4020,Hệ quản trị CSDL nâng cao,3,Nhóm 01,Kinh tế số,4.0,92,9.6,97.3,15,97.6,91,8.7,6.8,0
SV20211409,IT4030,Phát triển ứng dụng Web,4,Nhóm 01,Kinh tế số,4.0,92,10.0,100.0,15,91.0,82,9.9,10.0,0
SV20211409,MA2010,Xác suất thống kê ứng dụng,3,Nhóm 01,Kinh tế số,4.0,92,8.4,96.3,18,85.5,86,10.2,5.7,0
SV20211410,IT4010,Học máy & Khai phá dữ liệu,3,Nhóm 02,Công nghệ thông tin,3.0,77,8.0,83.2,10,80.3,87,7.1,6.7,0
SV20211410,IT4020,Hệ quản trị CSDL nâng cao,3,Nhóm 02,Công nghệ thông tin,3.0,77,7.5,84.8,10,100.0,84,3.9,5.7,0
SV20211410,IT4030,Phát triển ứng dụng Web,4,Nhóm 02,Công nghệ thông tin,3.0,77,8.1,88.7,4,79.9,73,3.9,6.8,0
SV20211410,MA2010,Xác suất thống kê ứng dụng,3,Nhóm 02,Công nghệ thông tin,3.0,77,7.5,96.4,10,79.1,72,2.9,4.6,1
SV20211411,IT4010,Học máy & Khai phá dữ liệu,3,Nhóm 03,Công nghệ thông tin,2.2,42,6.1,64.8,3,76.8,71,3.2,4.9,1
SV20211411,IT4020,Hệ quản trị CSDL nâng cao,3,Nhóm 03,Công nghệ thông tin,2.2,42,6.5,68.3,10,69.2,71,5.3,6.2,0
SV20211411,IT4030,Phát triển ứng dụng Web,4,Nhóm 03,Công nghệ thông tin,2.2,42,7.2,77.4,5,62.8,69,4.1,6.0,0
SV20211411,MA2010,Xác suất thống kê ứng dụng,3,Nhóm 03,Công nghệ thông tin,2.2,42,6.1,73.1,8,88.9,71,4.5,5.3,0
SV20211412,IT4010,Học máy & Khai phá dữ liệu,3,Nhóm 04,Công nghệ thông tin,1.8,52,4.5,68.3,6,54.4,56,4.0,3.8,1
SV20211412,IT4020,Hệ quản trị CSDL nâng cao,3,Nhóm 04,Công nghệ thông tin,1.8,52,5.5,79.1,4,67.3,66,5.7,4.2,1
SV20211412,IT4030,Phát triển ứng dụng Web,4,Nhóm 04,Công nghệ thông tin,1.8,52,6.6,72.3,9,79.6,59,0.2,5.1,0
SV20211412,MA2010,Xác suất thống kê ứng dụng,3,Nhóm 04,Công nghệ thông tin,1.8,52,5.8,83.8,9,48.1,82,4.6,7.5,0
SV20211413,IT4010,Học máy & Khai phá dữ liệu,3,Nhóm 01,Công nghệ thông tin,2.3,42,6.5,69.3,3,66.3,70,9.0,6.2,0
SV20211413,IT4020,Hệ quản trị CSDL nâng cao,3,Nhóm 01,Công nghệ thông tin,2.3,42,5.3,84.7,12,81.5,67,5.2,5.9,0
SV20211413,IT4030,Phát triển ứng dụng Web,4,Nhóm 01,Công nghệ thông tin,2.3,42,6.0,89.1,4,69.3,50,3.0,6.4,0
SV20211413,MA2010,Xác suất thống kê ứng dụng,3,Nhóm 01,Công nghệ thông tin,2.3,42,5.7,63.0,10,77.2,74,4.1,4.2,1
SV20211414,IT4010,Học máy & Khai phá dữ liệu,3,Nhóm 02,Công nghệ thông tin,2.9,67,7.3,64.6,8,96.4,82,5.7,6.4,0
SV20211414,IT4020,Hệ quản trị CSDL nâng cao,3,Nhóm 02,Công nghệ thông tin,2.9,67,8.6,82.4,13,91.6,70,8.3,6.8,0
SV20211414,IT4030,Phát triển ứng dụng Web,4,Nhóm 02,Công nghệ thông tin,2.9,67,7.0,83.2,12,96.7,79,5.5,6.8,0
SV20211414,MA2010,Xác suất thống kê ứng dụng,3,Nhóm 02,Công nghệ thông tin,2.9,67,7.5,79.2,20,87.3,77,6.5,7.6,0
SV20211415,IT4010,Học máy & Khai phá dữ liệu,3,Nhóm 03,Kỹ thuật dữ liệu,1.7,48,6.1,68.7,9,75.0,72,4.8,5.8,0
SV20211415,IT4020,Hệ quản trị CSDL nâng cao,3,Nhóm 03,Kỹ thuật dữ liệu,1.7,48,6.3,80.4,1,86.5,72,4.8,6.2,0
SV20211415,IT4030,Phát triển ứng dụng Web,4,Nhóm 03,Kỹ thuật dữ liệu,1.7,48,5.2,75.4,1,69.1,68,2.9,6.5,0
SV20211415,MA2010,Xác suất thống kê ứng dụng,3,Nhóm 03,Kỹ thuật dữ liệu,1.7,48,5.9,83.2,8,66.1,57,2.9,4.7,1
SV20211416,IT4010,Học máy & Khai phá dữ liệu,3,Nhóm 04,Công nghệ thông tin,2.4,65,6.5,100.0,3,95.2,75,8.3,7.2,0
SV20211416,IT4020,Hệ quản trị CSDL nâng cao,3,Nhóm 04,Công nghệ thông tin,2.4,65,8.3,83.1,8,95.2,71,6.1,8.0,0
SV20211416,IT4030,Phát triển ứng dụng Web,4,Nhóm 04,Công nghệ thông tin,2.4,65,9.0,76.2,10,84.2,79,7.1,7.8,0
SV20211416,MA2010,Xác suất thống kê ứng dụng,3,Nhóm 04,Công nghệ thông tin,2.4,65,6.5,74.6,17,84.0,73,4.6,6.9,0
SV20211417,IT4010,Học máy & Khai phá dữ liệu,3,Nhóm 01,Kỹ thuật dữ liệu,2.7,62,7.5,91.9,5,78.7,62,2.5,6.9,0
SV20211417,IT4020,Hệ quản trị CSDL nâng cao,3,Nhóm 01,Kỹ thuật dữ liệu,2.7,62,7.9,78.9,5,94.5,65,6.3,5.6,0
SV20211417,IT4030,Phát triển ứng dụng Web,4,Nhóm 01,Kỹ thuật dữ liệu,2.7,62,6.6,80.6,6,82.6,66,6.8,6.6,0
SV20211417,MA2010,Xác suất thống kê ứng dụng,3,Nhóm 01,Kỹ thuật dữ liệu,2.7,62,6.9,79.9,6,88.8,70,4.3,7.7,0
SV20211418,IT4010,Học máy & Khai phá dữ liệu,3,Nhóm 02,Công nghệ thông tin,3.4,74,7.6,74.8,11,87.5,72,8.8,8.5,0
SV20211418,IT4020,Hệ quản trị CSDL nâng cao,3,Nhóm 02,Công nghệ thông tin,3.4,74,8.7,72.1,15,98.6,88,9.0,7.4,0
SV20211418,IT4030,Phát triển ứng dụng Web,4,Nhóm 02,Công nghệ thông tin,3.4,74,9.2,76.0,16,88.6,77,6.1,7.8,0
SV20211418,MA2010,Xác suất thống kê ứng dụng,3,Nhóm 02,Công nghệ thông tin,3.4,74,10.0,74.2,10,100.0,85,9.3,6.3,0
SV20211419,IT4010,Học máy & Khai phá dữ liệu,3,Nhóm 03,Kinh tế số,3.7,132,10.0,96.2,14,94.1,94,10.5,8.8,0
SV20211419,IT4020,Hệ quản trị CSDL nâng cao,3,Nhóm 03,Kinh tế số,3.7,132,8.9,78.5,19,87.4,84,13.9,6.6,0
SV20211419,IT4030,Phát triển ứng dụng Web,4,Nhóm 03,Kinh tế số,3.7,132,10.0,100.0,19,100.0,92,13.5,9.4,0
SV20211419,MA2010,Xác suất thống kê ứng dụng,3,Nhóm 03,Kinh tế số,3.7,132,10.0,100.0,20,97.4,79,13.2,7.2,0
SV20211420,IT4010,Học máy & Khai phá dữ liệu,3,Nhóm 04,Công nghệ thông tin,3.1,87,8.6,88.3,10,100.0,87,10.6,6.5,0
SV20211420,IT4020,Hệ quản trị CSDL nâng cao,3,Nhóm 04,Công nghệ thông tin,3.1,87,7.4,93.4,18,78.7,75,8.3,7.4,0
SV20211420,IT4030,Phát triển ứng dụng Web,4,Nhóm 04,Công nghệ thông tin,3.1,87,10.0,86.4,11,77.9,87,8.1,8.1,0
SV20211420,MA2010,Xác suất thống kê ứng dụng,3,Nhóm 04,Công nghệ thông tin,3.1,87,8.0,89.9,8,84.7,92,9.3,8.4,0
SV20211421,IT4010,Học máy & Khai phá dữ liệu,3,Nhóm 01,Kỹ thuật dữ liệu,2.6,78,6.3,80.0,6,67.0,73,5.5,6.1,0
SV20211421,IT4020,Hệ quản trị CSDL nâng cao,3,Nhóm 01,Kỹ thuật dữ liệu,2.6,78,5.6,65.4,9,77.6,67,0.8,5.9,0
SV20211421,IT4030,Phát triển ứng dụng Web,4,Nhóm 01,Kỹ thuật dữ liệu,2.6,78,7.7,75.8,5,80.3,66,7.3,7.5,0
SV20211421,MA2010,Xác suất thống kê ứng dụng,3,Nhóm 01,Kỹ thuật dữ liệu,2.6,78,6.5,75.8,6,69.8,70,4.5,6.5,0
SV20211422,IT4010,Học máy & Khai phá dữ liệu,3,Nhóm 02,Kỹ thuật dữ liệu,2.9,79,8.2,91.2,13,94.3,83,10.4,9.1,0
SV20211422,IT4020,Hệ quản trị CSDL nâng cao,3,Nhóm 02,Kỹ thuật dữ liệu,2.9,79,7.5,85.6,17,81.5,76,4.7,7.6,0
SV20211422,IT4030,Phát triển ứng dụng Web,4,Nhóm 02,Kỹ thuật dữ liệu,2.9,79,7.8,94.1,15,82.2,93,7.3,8.8,0
SV20211422,MA2010,Xác suất thống kê ứng dụng,3,Nhóm 02,Kỹ thuật dữ liệu,2.9,79,8.6,83.3,7,75.0,68,6.6,8.4,0
SV20211423,IT4010,Học máy & Khai phá dữ liệu,3,Nhóm 03,Công nghệ thông tin,2.1,66,6.3,75.8,2,60.5,72,5.1,6.2,0
SV20211423,IT4020,Hệ quản trị CSDL nâng cao,3,Nhóm 03,Công nghệ thông tin,2.1,66,5.6,80.4,7,79.2,63,4.4,2.9,1
SV20211423,IT4030,Phát triển ứng dụng Web,4,Nhóm 03,Công nghệ thông tin,2.1,66,6.7,73.3,8,88.6,73,4.0,6.6,0
SV20211423,MA2010,Xác suất thống kê ứng dụng,3,Nhóm 03,Công nghệ thông tin,2.1,66,5.4,78.7,7,66.3,65,4.1,5.8,0
SV20211424,IT4010,Học máy & Khai phá dữ liệu,3,Nhóm 04,Công nghệ thông tin,2.8,59,7.3,87.4,9,87.5,60,9.5,8.7,0
SV20211424,IT4020,Hệ quản trị CSDL nâng cao,3,Nhóm 04,Công nghệ thông tin,2.8,59,5.9,83.8,9,85.6,73,8.1,5.3,0
SV20211424,IT4030,Phát triển ứng dụng Web,4,Nhóm 04,Công nghệ thông tin,2.8,59,7.3,99.9,15,70.5,79,8.2,9.7,0
SV20211424,MA2010,Xác suất thống kê ứng dụng,3,Nhóm 04,Công nghệ thông tin,2.8,59,8.6,90.4,12,100.0,71,7.0,7.3,0
SV20211425,IT4010,Học máy & Khai phá dữ liệu,3,Nhóm 01,Kinh tế số,2.9,104,8.5,100.0,13,85.8,85,10.2,8.7,0
SV20211425,IT4020,Hệ quản trị CSDL nâng cao,3,Nhóm 01,Kinh tế số,2.9,104,8.5,91.3,16,79.4,63,8.3,6.4,0
SV20211425,IT4030,Phát triển ứng dụng Web,4,Nhóm 01,Kinh tế số,2.9,104,7.2,78.1,11,79.0,87,4.7,9.1,0
SV20211425,MA2010,Xác suất thống kê ứng dụng,3,Nhóm 01,Kinh tế số,2.9,104,7.4,100.0,19,93.2,88,7.8,7.1,0
SV20211426,IT4010,Học máy & Khai phá dữ liệu,3,Nhóm 02,Kinh tế số,2.6,74,6.7,91.2,11,74.1,66,6.4,6.0,0
SV20211426,IT4020,Hệ quản trị CSDL nâng cao,3,Nhóm 02,Kinh tế số,2.6,74,6.1,64.9,8,77.3,65,6.6,5.5,0
SV20211426,IT4030,Phát triển ứng dụng Web,4,Nhóm 02,Kinh tế số,2.6,74,8.9,89.3,14,74.0,67,6.0,6.3,0
SV20211426,MA2010,Xác suất thống kê ứng dụng,3,Nhóm 02,Kinh tế số,2.6,74,6.2,84.1,11,84.6,50,6.7,6.3,0
SV20211427,IT4010,Học máy & Khai phá dữ liệu,3,Nhóm 03,Kỹ thuật dữ liệu,3.2,89,7.7,85.4,14,92.8,96,6.8,5.3,0
SV20211427,IT4020,Hệ quản trị CSDL nâng cao,3,Nhóm 03,Kỹ thuật dữ liệu,3.2,89,8.4,81.2,12,100.0,82,11.1,8.6,0
SV20211427,IT4030,Phát triển ứng dụng Web,4,Nhóm 03,Kỹ thuật dữ liệu,3.2,89,7.3,78.0,14,86.5,86,8.4,7.9,0
SV20211427,MA2010,Xác suất thống kê ứng dụng,3,Nhóm 03,Kỹ thuật dữ liệu,3.2,89,7.5,88.5,4,66.7,72,7.6,5.9,0
SV20211428,IT4010,Học máy & Khai phá dữ liệu,3,Nhóm 04,Công nghệ thông tin,2.3,51,6.3,78.9,9,77.6,69,4.7,6.0,0
SV20211428,IT4020,Hệ quản trị CSDL nâng cao,3,Nhóm 04,Công nghệ thông tin,2.3,51,6.7,86.0,7,69.3,74,5.0,8.3,0
SV20211428,IT4030,Phát triển ứng dụng Web,4,Nhóm 04,Công nghệ thông tin,2.3,51,6.6,90.1,14,82.2,67,5.9,5.0,0
SV20211428,MA2010,Xác suất thống kê ứng dụng,3,Nhóm 04,Công nghệ thông tin,2.3,51,5.9,63.7,15,81.7,72,6.2,4.5,1
SV20211429,IT4010,Học máy & Khai phá dữ liệu,3,Nhóm 01,Kinh tế số,2.7,85,8.7,85.8,14,85.7,65,5.6,7.5,0
SV20211429,IT4020,Hệ quản trị CSDL nâng cao,3,Nhóm 01,Kinh tế số,2.7,85,8.4,97.8,10,70.8,75,5.9,5.8,0
SV20211429,IT4030,Phát triển ứng dụng Web,4,Nhóm 01,Kinh tế số,2.7,85,8.9,92.9,10,77.0,59,6.1,9.0,0
SV20211429,MA2010,Xác suất thống kê ứng dụng,3,Nhóm 01,Kinh tế số,2.7,85,6.5,69.5,10,73.6,78,11.0,7.0,0
SV20211430,IT4010,Học máy & Khai phá dữ liệu,3,Nhóm 02,Công nghệ thông tin,3.5,125,9.1,100.0,13,92.1,79,7.7,5.9,0
SV20211430,IT4020,Hệ quản trị CSDL nâng cao,3,Nhóm 02,Công nghệ thông tin,3.5,125,9.7,100.0,15,95.7,80,6.5,9.0,0
SV20211430,IT4030,Phát triển ứng dụng Web,4,Nhóm 02,Công nghệ thông tin,3.5,125,10.0,87.6,23,100.0,85,6.9,9.1,0
SV20211430,MA2010,Xác suất thống kê ứng dụng,3,Nhóm 02,Công nghệ thông tin,3.5,125,8.8,90.1,11,90.5,84,9.3,6.9,0
SV20211431,IT4010,Học máy & Khai phá dữ liệu,3,Nhóm 03,Công nghệ thông tin,3.2,94,8.8,100.0,9,76.0,87,7.4,8.2,0
SV20211431,IT4020,Hệ quản trị CSDL nâng cao,3,Nhóm 03,Công nghệ thông tin,3.2,94,8.3,100.0,18,76.5,75,7.6,7.4,0
SV20211431,IT4030,Phát triển ứng dụng Web,4,Nhóm 03,Công nghệ thông tin,3.2,94,9.9,99.0,16,100.0,74,6.8,8.6,0
SV20211431,MA2010,Xác suất thống kê ứng dụng,3,Nhóm 03,Công nghệ thông tin,3.2,94,9.2,81.2,3,100.0,75,7.4,8.1,0
SV20211432,IT4010,Học máy & Khai phá dữ liệu,3,Nhóm 04,Công nghệ thông tin,2.2,64,5.2,75.2,9,59.4,53,4.3,3.9,1
SV20211432,IT4020,Hệ quản trị CSDL nâng cao,3,Nhóm 04,Công nghệ thông tin,2.2,64,5.4,78.9,1,75.0,60,4.0,5.9,0
SV20211432,IT4030,Phát triển ứng dụng Web,4,Nhóm 04,Công nghệ thông tin,2.2,64,6.6,82.5,5,80.9,64,5.4,7.2,0
SV20211432,MA2010,Xác suất thống kê ứng dụng,3,Nhóm 04,Công nghệ thông tin,2.2,64,6.4,79.8,4,75.4,75,4.5,7.0,0
SV20211433,IT4010,Học máy & Khai phá dữ liệu,3,Nhóm 01,Kinh tế số,3.1,80,9.6,64.3,14,88.8,93,6.2,7.3,0
SV20211433,IT4020,Hệ quản trị CSDL nâng cao,3,Nhóm 01,Kinh tế số,3.1,80,8.1,89.5,10,90.6,90,5.9,8.8,0
SV20211433,IT4030,Phát triển ứng dụng Web,4,Nhóm 01,Kinh tế số,3.1,80,8.4,95.8,11,91.8,82,6.4,4.8,1
SV20211433,MA2010,Xác suất thống kê ứng dụng,3,Nhóm 01,Kinh tế số,3.1,80,7.1,87.3,11,88.4,77,8.0,6.5,0
SV20211434,IT4010,Học máy & Khai phá dữ liệu,3,Nhóm 02,Công nghệ thông tin,3.0,89,8.6,87.6,10,100.0,90,8.6,6.9,0
SV20211434,IT4020,Hệ quản trị CSDL nâng cao,3,Nhóm 02,Công nghệ thông tin,3.0,89,9.0,100.0,13,69.3,90,8.2,9.3,0
SV20211434,IT4030,Phát triển ứng dụng Web,4,Nhóm 02,Công nghệ thông tin,3.0,89,10.0,86.8,15,100.0,89,6.7,9.4,0
SV20211434,MA2010,Xác suất thống kê ứng dụng,3,Nhóm 02,Công nghệ thông tin,3.0,89,9.6,100.0,11,84.1,89,11.0,9.3,0
SV20211435,IT4010,Học máy & Khai phá dữ liệu,3,Nhóm 03,Kỹ thuật dữ liệu,2.9,60,8.0,86.6,9,99.3,74,7.6,6.3,0
SV20211435,IT4020,Hệ quản trị CSDL nâng cao,3,Nhóm 03,Kỹ thuật dữ liệu,2.9,60,7.6,91.1,7,90.9,62,4.9,5.1,0
SV20211435,IT4030,Phát triển ứng dụng Web,4,Nhóm 03,Kỹ thuật dữ liệu,2.9,60,6.7,65.7,13,81.0,70,7.8,8.2,0
SV20211435,MA2010,Xác suất thống kê ứng dụng,3,Nhóm 03,Kỹ thuật dữ liệu,2.9,60,7.0,65.7,8,100.0,73,9.3,7.1,0
SV20211436,IT4010,Học máy & Khai phá dữ liệu,3,Nhóm 04,Kỹ thuật dữ liệu,2.2,69,6.0,57.6,5,69.2,60,4.5,5.3,0
SV20211436,IT4020,Hệ quản trị CSDL nâng cao,3,Nhóm 04,Kỹ thuật dữ liệu,2.2,69,5.1,87.6,10,88.4,63,5.6,7.2,0
SV20211436,IT4030,Phát triển ứng dụng Web,4,Nhóm 04,Kỹ thuật dữ liệu,2.2,69,9.4,81.1,12,94.8,65,5.2,9.8,0
SV20211436,MA2010,Xác suất thống kê ứng dụng,3,Nhóm 04,Kỹ thuật dữ liệu,2.2,69,7.1,68.8,10,79.8,84,7.1,6.1,0
SV20211437,IT4010,Học máy & Khai phá dữ liệu,3,Nhóm 01,Công nghệ thông tin,3.6,119,9.9,96.7,14,100.0,95,10.4,7.9,0
SV20211437,IT4020,Hệ quản trị CSDL nâng cao,3,Nhóm 01,Công nghệ thông tin,3.6,119,10.0,87.3,12,90.3,75,15.7,8.9,0
SV20211437,IT4030,Phát triển ứng dụng Web,4,Nhóm 01,Công nghệ thông tin,3.6,119,10.0,92.6,18,80.5,97,11.3,8.3,0
SV20211437,MA2010,Xác suất thống kê ứng dụng,3,Nhóm 01,Công nghệ thông tin,3.6,119,9.2,100.0,15,100.0,91,15.7,10.0,0
SV20211438,IT4010,Học máy & Khai phá dữ liệu,3,Nhóm 02,Công nghệ thông tin,2.5,71,8.3,89.1,14,100.0,82,3.9,6.2,0
SV20211438,IT4020,Hệ quản trị CSDL nâng cao,3,Nhóm 02,Công nghệ thông tin,2.5,71,6.9,92.6,4,89.3,68,2.7,4.0,1
SV20211438,IT4030,Phát triển ứng dụng Web,4,Nhóm 02,Công nghệ thông tin,2.5,71,7.4,86.9,16,89.9,84,7.0,6.0,0
SV20211438,MA2010,Xác suất thống kê ứng dụng,3,Nhóm 02,Công nghệ thông tin,2.5,71,7.1,80.5,10,80.6,71,4.4,4.7,1
SV20211439,IT4010,Học máy & Khai phá dữ liệu,3,Nhóm 03,Kỹ thuật dữ liệu,1.9,44,6.6,83.1,4,100.0,64,3.2,5.6,0
SV20211439,IT4020,Hệ quản trị CSDL nâng cao,3,Nhóm 03,Kỹ thuật dữ liệu,1.9,44,6.0,68.1,11,73.4,61,7.0,7.2,0
SV20211439,IT4030,Phát triển ứng dụng Web,4,Nhóm 03,Kỹ thuật dữ liệu,1.9,44,6.7,82.1,1,73.2,56,4.3,6.1,0
SV20211439,MA2010,Xác suất thống kê ứng dụng,3,Nhóm 03,Kỹ thuật dữ liệu,1.9,44,4.8,63.3,7,84.8,50,1.2,3.2,1
SV20211440,IT4010,Học máy & Khai phá dữ liệu,3,Nhóm 04,Kỹ thuật dữ liệu,2.6,53,6.3,66.7,5,78.4,61,6.9,5.7,0
SV20211440,IT4020,Hệ quản trị CSDL nâng cao,3,Nhóm 04,Kỹ thuật dữ liệu,2.6,53,6.0,84.7,6,64.8,65,5.7,5.8,0
SV20211440,IT4030,Phát triển ứng dụng Web,4,Nhóm 04,Kỹ thuật dữ liệu,2.6,53,6.4,84.5,8,84.0,61,4.6,6.5,0
SV20211440,MA2010,Xác suất thống kê ứng dụng,3,Nhóm 04,Kỹ thuật dữ liệu,2.6,53,5.2,61.9,1,89.0,72,4.7,4.0,1
SV20211441,IT4010,Học máy & Khai phá dữ liệu,3,Nhóm 01,Công nghệ thông tin,2.6,54,6.9,69.1,16,83.4,79,6.5,4.3,1
SV20211441,IT4020,Hệ quản trị CSDL nâng cao,3,Nhóm 01,Công nghệ thông tin,2.6,54,6.5,81.5,3,71.4,71,5.8,6.6,0
SV20211441,IT4030,Phát triển ứng dụng Web,4,Nhóm 01,Công nghệ thông tin,2.6,54,5.6,77.1,8,83.7,68,6.1,4.6,1
SV20211441,MA2010,Xác suất thống kê ứng dụng,3,Nhóm 01,Công nghệ thông tin,2.6,54,7.5,83.9,4,85.8,78,6.2,6.4,0
SV20211442,IT4010,Học máy & Khai phá dữ liệu,3,Nhóm 02,Công nghệ thông tin,2.2,55,5.5,69.3,8,85.9,73,5.7,4.8,1
SV20211442,IT4020,Hệ quản trị CSDL nâng cao,3,Nhóm 02,Công nghệ thông tin,2.2,55,4.7,68.6,8,91.9,58,4.2,5.1,0
SV20211442,IT4030,Phát triển ứng dụng Web,4,Nhóm 02,Công nghệ thông tin,2.2,55,7.4,76.2,9,76.0,56,4.5,7.5,0
SV20211442,MA2010,Xác suất thống kê ứng dụng,3,Nhóm 02,Công nghệ thông tin,2.2,55,4.9,59.7,6,69.4,78,0.9,3.2,1
SV20211443,IT4010,Học máy & Khai phá dữ liệu,3,Nhóm 03,Công nghệ thông tin,2.0,52,6.5,62.0,14,71.5,55,4.7,5.1,0
SV20211443,IT4020,Hệ quản trị CSDL nâng cao,3,Nhóm 03,Công nghệ thông tin,2.0,52,5.7,81.6,7,85.4,63,7.2,3.5,1
SV20211443,IT4030,Phát triển ứng dụng Web,4,Nhóm 03,Công nghệ thông tin,2.0,52,7.0,91.3,8,78.4,63,4.3,7.2,0
SV20211443,MA2010,Xác suất thống kê ứng dụng,3,Nhóm 03,Công nghệ thông tin,2.0,52,5.9,67.7,5,74.0,61,5.9,5.7,0
SV20211444,IT4010,Học máy & Khai phá dữ liệu,3,Nhóm 04,Kinh tế số,2.5,70,7.5,85.3,11,79.6,71,4.3,7.1,0
SV20211444,IT4020,Hệ quản trị CSDL nâng cao,3,Nhóm 04,Kinh tế số,2.5,70,6.5,84.1,7,66.3,79,4.2,4.7,1
SV20211444,IT4030,Phát triển ứng dụng Web,4,Nhóm 04,Kinh tế số,2.5,70,8.7,83.5,11,88.7,87,7.4,7.9,0
SV20211444,MA2010,Xác suất thống kê ứng dụng,3,Nhóm 04,Kinh tế số,2.5,70,6.2,79.3,12,77.8,79,6.6,6.6,0
SV20211445,IT4010,Học máy & Khai phá dữ liệu,3,Nhóm 01,Kỹ thuật dữ liệu,3.4,93,9.7,92.3,3,95.3,86,5.9,7.5,0
SV20211445,IT4020,Hệ quản trị CSDL nâng cao,3,Nhóm 01,Kỹ thuật dữ liệu,3.4,93,8.1,94.5,16,99.0,93,10.8,7.4,0
SV20211445,IT4030,Phát triển ứng dụng Web,4,Nhóm 01,Kỹ thuật dữ liệu,3.4,93,9.3,79.6,10,92.2,74,9.5,9.1,0
SV20211445,MA2010,Xác suất thống kê ứng dụng,3,Nhóm 01,Kỹ thuật dữ liệu,3.4,93,8.9,82.2,17,95.2,100,7.9,8.5,0
SV20211446,IT4010,Học máy & Khai phá dữ liệu,3,Nhóm 02,Công nghệ thông tin,2.5,83,8.1,81.4,6,86.2,79,4.3,6.3,0
SV20211446,IT4020,Hệ quản trị CSDL nâng cao,3,Nhóm 02,Công nghệ thông tin,2.5,83,3.8,83.7,6,73.4,60,7.6,4.4,1
SV20211446,IT4030,Phát triển ứng dụng Web,4,Nhóm 02,Công nghệ thông tin,2.5,83,5.5,72.3,6,90.7,64,5.2,5.3,0
SV20211446,MA2010,Xác suất thống kê ứng dụng,3,Nhóm 02,Công nghệ thông tin,2.5,83,6.0,70.0,8,87.9,68,2.8,3.7,1
SV20211447,IT4010,Học máy & Khai phá dữ liệu,3,Nhóm 03,Công nghệ thông tin,2.5,93,6.4,79.8,16,88.3,79,6.5,7.3,0
SV20211447,IT4020,Hệ quản trị CSDL nâng cao,3,Nhóm 03,Công nghệ thông tin,2.5,93,6.4,74.8,11,69.6,62,7.9,5.5,0
SV20211447,IT4030,Phát triển ứng dụng Web,4,Nhóm 03,Công nghệ thông tin,2.5,93,7.0,82.3,9,82.0,73,7.0,6.4,0
SV20211447,MA2010,Xác suất thống kê ứng dụng,3,Nhóm 03,Công nghệ thông tin,2.5,93,6.5,81.1,12,70.5,70,4.7,5.8,0
SV20211448,IT4010,Học máy & Khai phá dữ liệu,3,Nhóm 04,Công nghệ thông tin,2.5,53,6.8,87.4,11,75.7,73,4.7,8.2,0
SV20211448,IT4020,Hệ quản trị CSDL nâng cao,3,Nhóm 04,Công nghệ thông tin,2.5,53,6.4,71.7,5,87.4,66,5.1,4.9,1
SV20211448,IT4030,Phát triển ứng dụng Web,4,Nhóm 04,Công nghệ thông tin,2.5,53,6.5,79.3,8,75.7,65,5.8,5.3,0
SV20211448,MA2010,Xác suất thống kê ứng dụng,3,Nhóm 04,Công nghệ thông tin,2.5,53,7.7,77.8,7,87.5,80,6.9,6.2,0
SV20211449,IT4010,Học máy & Khai phá dữ liệu,3,Nhóm 01,Công nghệ thông tin,2.2,68,6.2,69.8,7,85.4,60,4.6,5.8,0
SV20211449,IT4020,Hệ quản trị CSDL nâng cao,3,Nhóm 01,Công nghệ thông tin,2.2,68,5.4,62.2,13,64.9,68,4.1,5.2,0
SV20211449,IT4030,Phát triển ứng dụng Web,4,Nhóm 01,Công nghệ thông tin,2.2,68,6.5,73.6,7,70.0,75,3.8,4.7,1
SV20211449,MA2010,Xác suất thống kê ứng dụng,3,Nhóm 01,Công nghệ thông tin,2.2,68,6.8,87.8,1,82.7,62,3.3,5.4,0
SV20211450,IT4010,Học máy & Khai phá dữ liệu,3,Nhóm 02,Kinh tế số,2.9,104,9.0,68.4,15,83.0,92,7.2,9.2,0
SV20211450,IT4020,Hệ quản trị CSDL nâng cao,3,Nhóm 02,Kinh tế số,2.9,104,8.3,86.5,6,81.8,57,8.1,6.7,0
SV20211450,IT4030,Phát triển ứng dụng Web,4,Nhóm 02,Kinh tế số,2.9,104,9.4,64.7,5,91.3,83,4.3,8.1,0
SV20211450,MA2010,Xác suất thống kê ứng dụng,3,Nhóm 02,Kinh tế số,2.9,104,7.4,83.0,11,82.6,73,8.8,8.4,0
SV20211451,IT4010,Học máy & Khai phá dữ liệu,3,Nhóm 03,Công nghệ thông tin,3.0,82,8.0,84.2,14,94.3,85,3.8,6.3,0
SV20211451,IT4020,Hệ quản trị CSDL nâng cao,3,Nhóm 03,Công nghệ thông tin,3.0,82,9.0,86.5,9,79.0,80,6.7,5.4,0
SV20211451,IT4030,Phát triển ứng dụng Web,4,Nhóm 03,Công nghệ thông tin,3.0,82,8.1,90.2,14,80.1,72,7.5,6.8,0
SV20211451,MA2010,Xác suất thống kê ứng dụng,3,Nhóm 03,Công nghệ thông tin,3.0,82,8.2,97.4,16,78.3,81,3.3,9.5,0
SV20211452,IT4010,Học máy & Khai phá dữ liệu,3,Nhóm 04,Công nghệ thông tin,3.0,110,7.6,83.2,6,65.4,76,8.3,6.3,0
SV20211452,IT4020,Hệ quản trị CSDL nâng cao,3,Nhóm 04,Công nghệ thông tin,3.0,110,8.4,78.2,3,95.0,88,6.2,7.9,0
SV20211452,IT4030,Phát triển ứng dụng Web,4,Nhóm 04,Công nghệ thông tin,3.0,110,9.7,84.7,12,67.1,72,8.2,9.0,0
SV20211452,MA2010,Xác suất thống kê ứng dụng,3,Nhóm 04,Công nghệ thông tin,3.0,110,7.6,81.8,13,84.9,75,7.8,7.9,0
SV20211453,IT4010,Học máy & Khai phá dữ liệu,3,Nhóm 01,Công nghệ thông tin,2.8,67,8.3,77.3,7,91.8,74,7.2,7.8,0
SV20211453,IT4020,Hệ quản trị CSDL nâng cao,3,Nhóm 01,Công nghệ thông tin,2.8,67,5.9,87.4,19,75.7,78,7.4,3.4,1
SV20211453,IT4030,Phát triển ứng dụng Web,4,Nhóm 01,Công nghệ thông tin,2.8,67,8.4,83.2,19,81.5,59,6.3,6.9,0
SV20211453,MA2010,Xác suất thống kê ứng dụng,3,Nhóm 01,Công nghệ thông tin,2.8,67,8.9,94.9,1,100.0,68,7.4,7.2,0
SV20211454,IT4010,Học máy & Khai phá dữ liệu,3,Nhóm 02,Công nghệ thông tin,3.6,115,8.0,71.6,18,88.3,92,12.6,7.9,0
SV20211454,IT4020,Hệ quản trị CSDL nâng cao,3,Nhóm 02,Công nghệ thông tin,3.6,115,8.2,96.0,15,97.3,87,11.0,5.4,0
SV20211454,IT4030,Phát triển ứng dụng Web,4,Nhóm 02,Công nghệ thông tin,3.6,115,9.2,85.8,19,99.6,77,8.9,8.5,0
SV20211454,MA2010,Xác suất thống kê ứng dụng,3,Nhóm 02,Công nghệ thông tin,3.6,115,9.3,88.3,16,93.2,84,5.9,8.5,0
SV20211455,IT4010,Học máy & Khai phá dữ liệu,3,Nhóm 03,Công nghệ thông tin,2.7,80,8.3,78.0,8,86.6,94,8.6,6.8,0
SV20211455,IT4020,Hệ quản trị CSDL nâng cao,3,Nhóm 03,Công nghệ thông tin,2.7,80,6.4,81.3,14,90.4,72,5.4,7.3,0
SV20211455,IT4030,Phát triển ứng dụng Web,4,Nhóm 03,Công nghệ thông tin,2.7,80,7.1,73.0,9,77.3,85,9.4,7.8,0
SV20211455,MA2010,Xác suất thống kê ứng dụng,3,Nhóm 03,Công nghệ thông tin,2.7,80,7.5,93.4,14,91.1,67,8.1,7.8,0
SV20211456,IT4010,Học máy & Khai phá dữ liệu,3,Nhóm 04,Kinh tế số,2.9,100,7.1,79.9,4,94.5,68,8.0,6.9,0
SV20211456,IT4020,Hệ quản trị CSDL nâng cao,3,Nhóm 04,Kinh tế số,2.9,100,7.1,90.7,12,83.0,81,6.8,5.4,0
SV20211456,IT4030,Phát triển ứng dụng Web,4,Nhóm 04,Kinh tế số,2.9,100,7.2,68.5,15,93.0,74,8.1,6.2,0
SV20211456,MA2010,Xác suất thống kê ứng dụng,3,Nhóm 04,Kinh tế số,2.9,100,7.0,84.0,9,82.7,59,5.1,7.1,0
SV20211457,IT4010,Học máy & Khai phá dữ liệu,3,Nhóm 01,Công nghệ thông tin,2.1,50,6.4,88.0,11,89.1,66,2.8,6.2,0
SV20211457,IT4020,Hệ quản trị CSDL nâng cao,3,Nhóm 01,Công nghệ thông tin,2.1,50,6.1,74.6,8,79.3,71,3.3,4.8,1
SV20211457,IT4030,Phát triển ứng dụng Web,4,Nhóm 01,Công nghệ thông tin,2.1,50,5.3,76.8,3,76.2,65,6.4,7.6,0
SV20211457,MA2010,Xác suất thống kê ứng dụng,3,Nhóm 01,Công nghệ thông tin,2.1,50,6.1,74.9,16,75.0,50,5.7,5.1,0
SV20211458,IT4010,Học máy & Khai phá dữ liệu,3,Nhóm 02,Kinh tế số,3.3,98,8.9,90.2,13,100.0,84,7.1,6.6,0
SV20211458,IT4020,Hệ quản trị CSDL nâng cao,3,Nhóm 02,Kinh tế số,3.3,98,9.0,100.0,7,91.1,68,11.0,8.6,0
SV20211458,IT4030,Phát triển ứng dụng Web,4,Nhóm 02,Kinh tế số,3.3,98,8.4,81.9,15,91.0,63,9.3,9.4,0
SV20211458,MA2010,Xác suất thống kê ứng dụng,3,Nhóm 02,Kinh tế số,3.3,98,9.2,85.7,14,83.2,89,9.2,8.3,0
SV20211459,IT4010,Học máy & Khai phá dữ liệu,3,Nhóm 03,Công nghệ thông tin,4.0,127,9.3,100.0,18,95.5,85,11.4,8.7,0
SV20211459,IT4020,Hệ quản trị CSDL nâng cao,3,Nhóm 03,Công nghệ thông tin,4.0,127,10.0,91.4,23,97.6,93,8.6,8.6,0
SV20211459,IT4030,Phát triển ứng dụng Web,4,Nhóm 03,Công nghệ thông tin,4.0,127,10.0,100.0,25,98.2,97,10.5,9.4,0
SV20211459,MA2010,Xác suất thống kê ứng dụng,3,Nhóm 03,Công nghệ thông tin,4.0,127,9.7,100.0,23,93.8,86,13.3,7.2,0
SV20211460,IT4010,Học máy & Khai phá dữ liệu,3,Nhóm 04,Công nghệ thông tin,3.0,126,8.5,88.9,7,90.1,76,9.5,8.1,0
SV20211460,IT4020,Hệ quản trị CSDL nâng cao,3,Nhóm 04,Công nghệ thông tin,3.0,126,6.9,100.0,14,78.0,80,6.2,4.7,1
SV20211460,IT4030,Phát triển ứng dụng Web,4,Nhóm 04,Công nghệ thông tin,3.0,126,9.5,88.5,6,100.0,71,6.3,7.8,0
SV20211460,MA2010,Xác suất thống kê ứng dụng,3,Nhóm 04,Công nghệ thông tin,3.0,126,8.6,73.4,9,100.0,78,7.8,6.1,0
SV20211461,IT4010,Học máy & Khai phá dữ liệu,3,Nhóm 01,Công nghệ thông tin,3.0,92,9.3,94.3,10,65.6,80,7.4,8.3,0
SV20211461,IT4020,Hệ quản trị CSDL nâng cao,3,Nhóm 01,Công nghệ thông tin,3.0,92,9.4,70.6,15,81.1,67,6.8,8.7,0
SV20211461,IT4030,Phát triển ứng dụng Web,4,Nhóm 01,Công nghệ thông tin,3.0,92,8.1,89.2,11,70.4,82,8.6,8.0,0
SV20211461,MA2010,Xác suất thống kê ứng dụng,3,Nhóm 01,Công nghệ thông tin,3.0,92,7.7,88.2,10,71.6,79,5.3,7.1,0
SV20211462,IT4010,Học máy & Khai phá dữ liệu,3,Nhóm 02,Công nghệ thông tin,2.5,58,7.7,85.5,5,78.5,86,3.9,6.5,0
SV20211462,IT4020,Hệ quản trị CSDL nâng cao,3,Nhóm 02,Công nghệ thông tin,2.5,58,7.3,85.1,6,95.9,60,3.5,5.3,0
SV20211462,IT4030,Phát triển ứng dụng Web,4,Nhóm 02,Công nghệ thông tin,2.5,58,8.9,85.6,14,82.4,65,8.5,8.1,0
SV20211462,MA2010,Xác suất thống kê ứng dụng,3,Nhóm 02,Công nghệ thông tin,2.5,58,7.6,100.0,13,84.0,80,5.7,7.2,0
SV20211463,IT4010,Học máy & Khai phá dữ liệu,3,Nhóm 03,Công nghệ thông tin,3.0,80,7.4,89.5,12,82.3,86,5.7,6.7,0
SV20211463,IT4020,Hệ quản trị CSDL nâng cao,3,Nhóm 03,Công nghệ thông tin,3.0,80,7.4,79.9,7,80.3,75,6.2,5.7,0
SV20211463,IT4030,Phát triển ứng dụng Web,4,Nhóm 03,Công nghệ thông tin,3.0,80,8.2,80.3,10,76.0,70,5.7,6.9,0
SV20211463,MA2010,Xác suất thống kê ứng dụng,3,Nhóm 03,Công nghệ thông tin,3.0,80,7.7,85.5,11,83.4,80,7.4,6.9,0
SV20211464,IT4010,Học máy & Khai phá dữ liệu,3,Nhóm 04,Công nghệ thông tin,2.3,45,5.9,80.1,4,83.2,82,2.2,5.3,0
SV20211464,IT4020,Hệ quản trị CSDL nâng cao,3,Nhóm 04,Công nghệ thông tin,2.3,45,5.7,78.3,8,77.9,62,3.1,5.5,0
SV20211464,IT4030,Phát triển ứng dụng Web,4,Nhóm 04,Công nghệ thông tin,2.3,45,5.8,68.1,5,72.4,71,5.6,4.2,1
SV20211464,MA2010,Xác suất thống kê ứng dụng,3,Nhóm 04,Công nghệ thông tin,2.3,45,6.7,88.9,10,83.0,65,6.0,7.7,0
SV20211465,IT4010,Học máy & Khai phá dữ liệu,3,Nhóm 01,Kỹ thuật dữ liệu,2.0,61,7.2,92.0,7,72.0,65,6.2,6.7,0
SV20211465,IT4020,Hệ quản trị CSDL nâng cao,3,Nhóm 01,Kỹ thuật dữ liệu,2.0,61,6.8,78.8,5,72.8,61,5.5,4.9,1
SV20211465,IT4030,Phát triển ứng dụng Web,4,Nhóm 01,Kỹ thuật dữ liệu,2.0,61,7.0,69.9,1,73.5,71,1.7,8.9,0
SV20211465,MA2010,Xác suất thống kê ứng dụng,3,Nhóm 01,Kỹ thuật dữ liệu,2.0,61,6.3,89.0,1,85.3,68,2.4,5.7,0
SV20211466,IT4010,Học máy & Khai phá dữ liệu,3,Nhóm 02,Công nghệ thông tin,2.1,70,5.9,71.5,10,89.3,51,5.9,4.1,1
SV20211466,IT4020,Hệ quản trị CSDL nâng cao,3,Nhóm 02,Công nghệ thông tin,2.1,70,6.1,73.4,2,82.3,63,2.9,4.9,1
SV20211466,IT4030,Phát triển ứng dụng Web,4,Nhóm 02,Công nghệ thông tin,2.1,70,5.6,86.3,3,84.0,50,8.5,6.2,0
SV20211466,MA2010,Xác suất thống kê ứng dụng,3,Nhóm 02,Công nghệ thông tin,2.1,70,6.5,75.3,9,68.9,68,6.2,7.4,0
SV20211467,IT4010,Học máy & Khai phá dữ liệu,3,Nhóm 03,Kinh tế số,3.5,84,7.9,80.9,20,100.0,71,6.2,6.0,0
SV20211467,IT4020,Hệ quản trị CSDL nâng cao,3,Nhóm 03,Kinh tế số,3.5,84,8.7,93.1,10,100.0,82,6.2,7.2,0
SV20211467,IT4030,Phát triển ứng dụng Web,4,Nhóm 03,Kinh tế số,3.5,84,10.0,88.5,18,91.7,82,7.1,9.1,0
SV20211467,MA2010,Xác suất thống kê ứng dụng,3,Nhóm 03,Kinh tế số,3.5,84,9.6,90.9,9,89.9,81,4.3,9.4,0
SV20211468,IT4010,Học máy & Khai phá dữ liệu,3,Nhóm 04,Công nghệ thông tin,2.2,62,4.0,64.6,2,76.4,77,4.0,4.0,1
SV20211468,IT4020,Hệ quản trị CSDL nâng cao,3,Nhóm 04,Công nghệ thông tin,2.2,62,7.0,70.2,4,63.1,74,5.2,8.1,0
SV20211468,IT4030,Phát triển ứng dụng Web,4,Nhóm 04,Công nghệ thông tin,2.2,62,6.7,66.4,13,83.7,73,4.4,6.8,0
SV20211468,MA2010,Xác suất thống kê ứng dụng,3,Nhóm 04,Công nghệ thông tin,2.2,62,8.2,85.8,1,100.0,76,5.5,7.3,0
SV20211469,IT4010,Học máy & Khai phá dữ liệu,3,Nhóm 01,Kinh tế số,2.3,62,7.1,76.9,3,98.9,71,4.4,6.4,0
SV20211469,IT4020,Hệ quản trị CSDL nâng cao,3,Nhóm 01,Kinh tế số,2.3,62,6.4,85.6,8,68.8,70,7.2,5.8,0
SV20211469,IT4030,Phát triển ứng dụng Web,4,Nhóm 01,Kinh tế số,2.3,62,8.1,100.0,8,59.0,79,3.5,6.2,0
SV20211469,MA2010,Xác suất thống kê ứng dụng,3,Nhóm 01,Kinh tế số,2.3,62,6.3,73.5,7,74.2,55,6.7,7.2,0
SV20211470,IT4010,Học máy & Khai phá dữ liệu,3,Nhóm 02,Công nghệ thông tin,2.5,77,7.2,69.4,6,81.5,64,4.3,4.9,1
SV20211470,IT4020,Hệ quản trị CSDL nâng cao,3,Nhóm 02,Công nghệ thông tin,2.5,77,6.9,77.5,13,98.4,76,6.6,6.1,0
SV20211470,IT4030,Phát triển ứng dụng Web,4,Nhóm 02,Công nghệ thông tin,2.5,77,8.0,78.0,1,78.2,71,6.3,6.8,0
SV20211470,MA2010,Xác suất thống kê ứng dụng,3,Nhóm 02,Công nghệ thông tin,2.5,77,7.6,89.6,11,100.0,64,5.1,7.4,0
SV20211471,IT4010,Học máy & Khai phá dữ liệu,3,Nhóm 03,Công nghệ thông tin,2.3,54,7.4,77.4,22,63.1,63,3.8,7.6,0
SV20211471,IT4020,Hệ quản trị CSDL nâng cao,3,Nhóm 03,Công nghệ thông tin,2.3,54,7.4,74.5,14,100.0,70,4.7,6.8,0
SV20211471,IT4030,Phát triển ứng dụng Web,4,Nhóm 03,Công nghệ thông tin,2.3,54,9.7,80.2,1,100.0,70,3.3,7.8,0
SV20211471,MA2010,Xác suất thống kê ứng dụng,3,Nhóm 03,Công nghệ thông tin,2.3,54,6.3,79.8,5,77.6,67,3.5,6.1,0
SV20211472,IT4010,Học máy & Khai phá dữ liệu,3,Nhóm 04,Công nghệ thông tin,1.8,36,5.4,84.4,3,77.5,68,4.1,5.1,0
SV20211472,IT4020,Hệ quản trị CSDL nâng cao,3,Nhóm 04,Công nghệ thông tin,1.8,36,5.9,72.5,1,79.1,50,2.0,2.8,1
SV20211472,IT4030,Phát triển ứng dụng Web,4,Nhóm 04,Công nghệ thông tin,1.8,36,4.6,56.7,1,63.9,62,5.7,6.8,0
SV20211472,MA2010,Xác suất thống kê ứng dụng,3,Nhóm 04,Công nghệ thông tin,1.8,36,5.1,68.3,3,59.2,50,4.3,3.5,1
SV20211473,IT4010,Học máy & Khai phá dữ liệu,3,Nhóm 01,Công nghệ thông tin,3.0,86,7.9,91.6,16,81.8,73,5.9,6.9,0
SV20211473,IT4020,Hệ quản trị CSDL nâng cao,3,Nhóm 01,Công nghệ thông tin,3.0,86,6.3,80.7,7,74.2,63,7.0,6.4,0
SV20211473,IT4030,Phát triển ứng dụng Web,4,Nhóm 01,Công nghệ thông tin,3.0,86,8.5,93.9,17,81.9,71,7.4,7.2,0
SV20211473,MA2010,Xác suất thống kê ứng dụng,3,Nhóm 01,Công nghệ thông tin,3.0,86,8.3,61.5,17,86.9,83,6.4,8.4,0
SV20211474,IT4010,Học máy & Khai phá dữ liệu,3,Nhóm 02,Công nghệ thông tin,2.9,73,8.6,89.9,9,81.0,77,7.6,6.9,0
SV20211474,IT4020,Hệ quản trị CSDL nâng cao,3,Nhóm 02,Công nghệ thông tin,2.9,73,8.9,87.2,15,100.0,79,5.3,8.9,0
SV20211474,IT4030,Phát triển ứng dụng Web,4,Nhóm 02,Công nghệ thông tin,2.9,73,9.7,88.2,16,99.5,75,6.8,10.0,0
SV20211474,MA2010,Xác suất thống kê ứng dụng,3,Nhóm 02,Công nghệ thông tin,2.9,73,9.6,82.0,12,92.5,83,9.4,9.3,0
SV20211475,IT4010,Học máy & Khai phá dữ liệu,3,Nhóm 03,Công nghệ thông tin,2.2,104,6.4,77.9,13,68.3,76,6.9,6.3,0
SV20211475,IT4020,Hệ quản trị CSDL nâng cao,3,Nhóm 03,Công nghệ thông tin,2.2,104,6.0,81.2,6,79.9,78,4.2,4.8,1
SV20211475,IT4030,Phát triển ứng dụng Web,4,Nhóm 03,Công nghệ thông tin,2.2,104,7.7,82.8,14,82.2,79,4.7,8.6,0
SV20211475,MA2010,Xác suất thống kê ứng dụng,3,Nhóm 03,Công nghệ thông tin,2.2,104,7.2,74.9,9,74.4,69,5.1,8.0,0
SV20211476,IT4010,Học máy & Khai phá dữ liệu,3,Nhóm 04,Công nghệ thông tin,2.4,93,6.9,92.5,12,93.9,76,6.7,5.8,0
SV20211476,IT4020,Hệ quản trị CSDL nâng cao,3,Nhóm 04,Công nghệ thông tin,2.4,93,6.1,93.2,8,74.3,76,5.0,4.3,1
SV20211476,IT4030,Phát triển ứng dụng Web,4,Nhóm 04,Công nghệ thông tin,2.4,93,7.5,80.7,6,96.7,75,7.0,7.1,0
SV20211476,MA2010,Xác suất thống kê ứng dụng,3,Nhóm 04,Công nghệ thông tin,2.4,93,6.4,78.1,16,100.0,84,8.2,7.4,0
SV20211477,IT4010,Học máy & Khai phá dữ liệu,3,Nhóm 01,Kinh tế số,2.4,80,8.4,86.2,6,73.5,82,10.3,9.6,0
SV20211477,IT4020,Hệ quản trị CSDL nâng cao,3,Nhóm 01,Kinh tế số,2.4,80,6.2,77.3,3,85.7,71,8.1,5.6,0
SV20211477,IT4030,Phát triển ứng dụng Web,4,Nhóm 01,Kinh tế số,2.4,80,7.7,75.2,3,75.5,64,3.1,6.1,0
SV20211477,MA2010,Xác suất thống kê ứng dụng,3,Nhóm 01,Kinh tế số,2.4,80,6.2,87.3,12,74.2,76,3.2,5.0,0
SV20211478,IT4010,Học máy & Khai phá dữ liệu,3,Nhóm 02,Công nghệ thông tin,2.4,66,7.0,90.6,8,86.6,72,5.9,6.5,0
SV20211478,IT4020,Hệ quản trị CSDL nâng cao,3,Nhóm 02,Công nghệ thông tin,2.4,66,6.8,88.0,12,83.9,74,5.3,4.0,1
SV20211478,IT4030,Phát triển ứng dụng Web,4,Nhóm 02,Công nghệ thông tin,2.4,66,8.4,78.6,6,93.5,71,6.5,7.1,0
SV20211478,MA2010,Xác suất thống kê ứng dụng,3,Nhóm 02,Công nghệ thông tin,2.4,66,7.2,81.6,16,80.9,81,5.6,4.3,1
SV20211479,IT4010,Học máy & Khai phá dữ liệu,3,Nhóm 03,Công nghệ thông tin,2.5,80,6.1,66.0,13,70.3,80,8.7,5.6,0
SV20211479,IT4020,Hệ quản trị CSDL nâng cao,3,Nhóm 03,Công nghệ thông tin,2.5,80,7.9,100.0,13,71.9,72,8.0,6.6,0
SV20211479,IT4030,Phát triển ứng dụng Web,4,Nhóm 03,Công nghệ thông tin,2.5,80,6.9,81.9,14,82.1,78,5.6,7.7,0
SV20211479,MA2010,Xác suất thống kê ứng dụng,3,Nhóm 03,Công nghệ thông tin,2.5,80,8.6,89.2,7,80.3,80,6.2,6.2,0
SV20211480,IT4010,Học máy & Khai phá dữ liệu,3,Nhóm 04,Kỹ thuật dữ liệu,2.1,67,5.7,49.8,13,84.8,85,5.2,4.8,1
SV20211480,IT4020,Hệ quản trị CSDL nâng cao,3,Nhóm 04,Kỹ thuật dữ liệu,2.1,67,6.0,83.3,7,66.0,74,4.5,6.1,0
SV20211480,IT4030,Phát triển ứng dụng Web,4,Nhóm 04,Kỹ thuật dữ liệu,2.1,67,6.7,71.5,1,71.1,71,3.2,6.9,0
SV20211480,MA2010,Xác suất thống kê ứng dụng,3,Nhóm 04,Kỹ thuật dữ liệu,2.1,67,6.4,94.7,12,69.7,68,8.2,6.8,0
SV20211481,IT4010,Học máy & Khai phá dữ liệu,3,Nhóm 01,Kinh tế số,1.8,46,6.2,67.8,1,74.3,59,0.0,4.6,1
SV20211481,IT4020,Hệ quản trị CSDL nâng cao,3,Nhóm 01,Kinh tế số,1.8,46,5.1,66.4,5,63.0,60,4.1,3.0,1
SV20211481,IT4030,Phát triển ứng dụng Web,4,Nhóm 01,Kinh tế số,1.8,46,5.3,62.0,3,73.1,57,5.8,5.9,0
SV20211481,MA2010,Xác suất thống kê ứng dụng,3,Nhóm 01,Kinh tế số,1.8,46,5.4,65.7,9,68.5,52,2.3,5.2,0
SV20211482,IT4010,Học máy & Khai phá dữ liệu,3,Nhóm 02,Kinh tế số,2.5,62,5.8,80.8,7,84.2,78,5.6,7.4,0
SV20211482,IT4020,Hệ quản trị CSDL nâng cao,3,Nhóm 02,Kinh tế số,2.5,62,4.7,60.4,8,64.5,78,5.1,4.5,1
SV20211482,IT4030,Phát triển ứng dụng Web,4,Nhóm 02,Kinh tế số,2.5,62,6.7,94.0,7,70.6,62,8.8,7.4,0
SV20211482,MA2010,Xác suất thống kê ứng dụng,3,Nhóm 02,Kinh tế số,2.5,62,7.3,84.1,1,88.1,62,4.3,6.3,0
SV20211483,IT4010,Học máy & Khai phá dữ liệu,3,Nhóm 03,Kỹ thuật dữ liệu,2.8,59,9.0,82.5,11,85.7,84,8.7,7.1,0
SV20211483,IT4020,Hệ quản trị CSDL nâng cao,3,Nhóm 03,Kỹ thuật dữ liệu,2.8,59,9.2,94.9,8,87.1,73,6.2,7.5,0
SV20211483,IT4030,Phát triển ứng dụng Web,4,Nhóm 03,Kỹ thuật dữ liệu,2.8,59,7.7,67.6,16,82.2,88,9.5,7.7,0
SV20211483,MA2010,Xác suất thống kê ứng dụng,3,Nhóm 03,Kỹ thuật dữ liệu,2.8,59,5.8,79.9,10,95.7,73,8.1,6.7,0
SV20211484,IT4010,Học máy & Khai phá dữ liệu,3,Nhóm 04,Kinh tế số,2.6,52,6.1,73.0,9,63.7,51,8.5,4.6,1
SV20211484,IT4020,Hệ quản trị CSDL nâng cao,3,Nhóm 04,Kinh tế số,2.6,52,5.5,88.0,13,74.1,76,7.0,5.6,0
SV20211484,IT4030,Phát triển ứng dụng Web,4,Nhóm 04,Kinh tế số,2.6,52,8.8,75.2,12,91.3,67,6.2,6.5,0
SV20211484,MA2010,Xác suất thống kê ứng dụng,3,Nhóm 04,Kinh tế số,2.6,52,6.6,73.6,7,79.3,63,2.3,2.7,1
SV20211485,IT4010,Học máy & Khai phá dữ liệu,3,Nhóm 01,Công nghệ thông tin,2.9,91,7.6,83.0,10,82.4,86,8.7,7.0,0
SV20211485,IT4020,Hệ quản trị CSDL nâng cao,3,Nhóm 01,Công nghệ thông tin,2.9,91,7.5,87.8,5,79.0,69,12.5,6.7,0
SV20211485,IT4030,Phát triển ứng dụng Web,4,Nhóm 01,Công nghệ thông tin,2.9,91,9.2,80.7,15,86.5,80,11.4,10.0,0
SV20211485,MA2010,Xác suất thống kê ứng dụng,3,Nhóm 01,Công nghệ thông tin,2.9,91,8.5,100.0,15,88.4,74,7.0,7.9,0
SV20211486,IT4010,Học máy & Khai phá dữ liệu,3,Nhóm 02,Công nghệ thông tin,3.5,82,8.9,83.0,7,96.1,79,12.2,5.8,0
SV20211486,IT4020,Hệ quản trị CSDL nâng cao,3,Nhóm 02,Công nghệ thông tin,3.5,82,7.0,90.9,15,100.0,91,7.1,5.5,0
SV20211486,IT4030,Phát triển ứng dụng Web,4,Nhóm 02,Công nghệ thông tin,3.5,82,10.0,91.8,12,97.7,78,5.2,8.8,0
SV20211486,MA2010,Xác suất thống kê ứng dụng,3,Nhóm 02,Công nghệ thông tin,3.5,82,7.3,75.9,14,81.9,92,8.1,5.5,0
SV20211487,IT4010,Học máy & Khai phá dữ liệu,3,Nhóm 03,Kỹ thuật dữ liệu,2.7,99,9.0,100.0,12,100.0,84,5.3,6.8,0
SV20211487,IT4020,Hệ quản trị CSDL nâng cao,3,Nhóm 03,Kỹ thuật dữ liệu,2.7,99,8.7,85.6,10,87.5,80,8.9,7.0,0
SV20211487,IT4030,Phát triển ứng dụng Web,4,Nhóm 03,Kỹ thuật dữ liệu,2.7,99,9.4,84.3,18,97.1,78,6.0,9.4,0
SV20211487,MA2010,Xác suất thống kê ứng dụng,3,Nhóm 03,Kỹ thuật dữ liệu,2.7,99,8.0,91.1,16,98.3,64,5.2,6.5,0
SV20211488,IT4010,Học máy & Khai phá dữ liệu,3,Nhóm 04,Công nghệ thông tin,2.8,72,8.4,95.8,13,72.9,91,6.7,7.0,0
SV20211488,IT4020,Hệ quản trị CSDL nâng cao,3,Nhóm 04,Công nghệ thông tin,2.8,72,7.9,71.2,3,94.2,85,7.6,6.4,0
SV20211488,IT4030,Phát triển ứng dụng Web,4,Nhóm 04,Công nghệ thông tin,2.8,72,8.4,86.3,13,91.4,74,5.2,7.6,0
SV20211488,MA2010,Xác suất thống kê ứng dụng,3,Nhóm 04,Công nghệ thông tin,2.8,72,8.2,100.0,17,94.3,78,5.9,7.0,0
SV20211489,IT4010,Học máy & Khai phá dữ liệu,3,Nhóm 01,Công nghệ thông tin,2.3,98,7.0,67.4,7,94.2,76,1.6,7.1,0
SV20211489,IT4020,Hệ quản trị CSDL nâng cao,3,Nhóm 01,Công nghệ thông tin,2.3,98,6.9,69.4,11,67.4,79,7.3,7.2,0
SV20211489,IT4030,Phát triển ứng dụng Web,4,Nhóm 01,Công nghệ thông tin,2.3,98,7.9,93.3,6,79.7,71,0.7,8.7,0
SV20211489,MA2010,Xác suất thống kê ứng dụng,3,Nhóm 01,Công nghệ thông tin,2.3,98,6.0,86.8,16,79.3,79,6.7,6.9,0
SV20211490,IT4010,Học máy & Khai phá dữ liệu,3,Nhóm 02,Kinh tế số,2.2,64,8.0,77.7,13,86.5,52,5.5,6.3,0
SV20211490,IT4020,Hệ quản trị CSDL nâng cao,3,Nhóm 02,Kinh tế số,2.2,64,6.7,85.3,8,75.1,79,5.7,4.8,1
SV20211490,IT4030,Phát triển ứng dụng Web,4,Nhóm 02,Kinh tế số,2.2,64,6.9,82.4,9,75.3,78,3.6,4.9,1
SV20211490,MA2010,Xác suất thống kê ứng dụng,3,Nhóm 02,Kinh tế số,2.2,64,7.6,79.1,12,90.4,64,9.2,8.1,0
SV20211491,IT4010,Học máy & Khai phá dữ liệu,3,Nhóm 03,Kinh tế số,2.1,36,7.1,80.0,7,80.2,67,9.6,6.7,0
SV20211491,IT4020,Hệ quản trị CSDL nâng cao,3,Nhóm 03,Kinh tế số,2.1,36,4.3,64.5,9,92.4,79,4.4,6.2,0
SV20211491,IT4030,Phát triển ứng dụng Web,4,Nhóm 03,Kinh tế số,2.1,36,7.2,85.6,5,83.9,85,5.2,5.9,0
SV20211491,MA2010,Xác suất thống kê ứng dụng,3,Nhóm 03,Kinh tế số,2.1,36,7.2,84.8,1,62.3,72,2.9,4.5,1
SV20211492,IT4010,Học máy & Khai phá dữ liệu,3,Nhóm 04,Công nghệ thông tin,2.8,80,8.3,85.2,11,89.4,77,7.9,7.4,0
SV20211492,IT4020,Hệ quản trị CSDL nâng cao,3,Nhóm 04,Công nghệ thông tin,2.8,80,7.9,97.5,6,84.6,71,7.8,6.1,0
SV20211492,IT4030,Phát triển ứng dụng Web,4,Nhóm 04,Công nghệ thông tin,2.8,80,7.2,84.9,10,85.7,65,6.3,7.2,0
SV20211492,MA2010,Xác suất thống kê ứng dụng,3,Nhóm 04,Công nghệ thông tin,2.8,80,5.9,78.3,4,96.0,73,5.5,7.0,0
SV20211493,IT4010,Học máy & Khai phá dữ liệu,3,Nhóm 01,Kỹ thuật dữ liệu,2.5,65,6.7,88.0,9,82.0,68,5.1,7.1,0
SV20211493,IT4020,Hệ quản trị CSDL nâng cao,3,Nhóm 01,Kỹ thuật dữ liệu,2.5,65,5.4,82.0,11,96.5,85,7.6,6.5,0
SV20211493,IT4030,Phát triển ứng dụng Web,4,Nhóm 01,Kỹ thuật dữ liệu,2.5,65,6.5,72.6,6,76.4,73,5.1,4.8,1
SV20211493,MA2010,Xác suất thống kê ứng dụng,3,Nhóm 01,Kỹ thuật dữ liệu,2.5,65,6.5,84.1,14,87.4,77,7.3,7.8,0
SV20211494,IT4010,Học máy & Khai phá dữ liệu,3,Nhóm 02,Công nghệ thông tin,3.2,73,8.0,78.7,22,78.6,73,6.3,8.7,0
SV20211494,IT4020,Hệ quản trị CSDL nâng cao,3,Nhóm 02,Công nghệ thông tin,3.2,73,8.3,85.6,13,74.8,72,6.8,8.3,0
SV20211494,IT4030,Phát triển ứng dụng Web,4,Nhóm 02,Công nghệ thông tin,3.2,73,9.5,85.0,9,95.6,79,7.4,6.7,0
SV20211494,MA2010,Xác suất thống kê ứng dụng,3,Nhóm 02,Công nghệ thông tin,3.2,73,7.7,99.2,7,93.7,73,8.3,7.6,0
SV20211495,IT4010,Học máy & Khai phá dữ liệu,3,Nhóm 03,Kinh tế số,2.8,50,5.8,90.5,16,90.7,63,5.4,5.5,0
SV20211495,IT4020,Hệ quản trị CSDL nâng cao,3,Nhóm 03,Kinh tế số,2.8,50,7.6,78.7,11,99.6,74,8.7,6.0,0
SV20211495,IT4030,Phát triển ứng dụng Web,4,Nhóm 03,Kinh tế số,2.8,50,8.3,78.7,12,80.0,67,4.3,7.5,0
SV20211495,MA2010,Xác suất thống kê ứng dụng,3,Nhóm 03,Kinh tế số,2.8,50,7.5,81.2,7,86.2,81,10.1,6.4,0
SV20211496,IT4010,Học máy & Khai phá dữ liệu,3,Nhóm 04,Kinh tế số,2.7,57,8.2,100.0,11,100.0,88,7.8,6.8,0
SV20211496,IT4020,Hệ quản trị CSDL nâng cao,3,Nhóm 04,Kinh tế số,2.7,57,7.9,86.3,14,86.3,73,6.1,8.0,0
SV20211496,IT4030,Phát triển ứng dụng Web,4,Nhóm 04,Kinh tế số,2.7,57,9.2,71.3,16,95.7,74,5.1,9.1,0
SV20211496,MA2010,Xác suất thống kê ứng dụng,3,Nhóm 04,Kinh tế số,2.7,57,7.3,76.6,10,74.5,68,7.4,6.8,0
SV20211497,IT4010,Học máy & Khai phá dữ liệu,3,Nhóm 01,Công nghệ thông tin,2.5,64,6.0,69.3,11,84.5,57,2.6,5.3,0
SV20211497,IT4020,Hệ quản trị CSDL nâng cao,3,Nhóm 01,Công nghệ thông tin,2.5,64,5.4,67.1,7,76.6,67,2.4,4.7,1
SV20211497,IT4030,Phát triển ứng dụng Web,4,Nhóm 01,Công nghệ thông tin,2.5,64,6.8,85.2,11,74.1,75,4.5,6.2,0
SV20211497,MA2010,Xác suất thống kê ứng dụng,3,Nhóm 01,Công nghệ thông tin,2.5,64,6.8,88.5,3,80.0,70,3.5,6.5,0
SV20211498,IT4010,Học máy & Khai phá dữ liệu,3,Nhóm 02,Công nghệ thông tin,2.4,79,7.4,92.1,9,95.5,85,8.5,7.1,0
SV20211498,IT4020,Hệ quản trị CSDL nâng cao,3,Nhóm 02,Công nghệ thông tin,2.4,79,6.7,68.8,13,81.8,73,4.4,5.3,0
SV20211498,IT4030,Phát triển ứng dụng Web,4,Nhóm 02,Công nghệ thông tin,2.4,79,8.3,93.7,3,77.7,71,6.5,9.6,0
SV20211498,MA2010,Xác suất thống kê ứng dụng,3,Nhóm 02,Công nghệ thông tin,2.4,79,6.9,85.8,7,80.1,68,4.4,5.8,0
SV20211499,IT4010,Học máy & Khai phá dữ liệu,3,Nhóm 03,Công nghệ thông tin,1.7,29,5.8,88.0,11,81.8,57,4.8,4.9,1
SV20211499,IT4020,Hệ quản trị CSDL nâng cao,3,Nhóm 03,Công nghệ thông tin,1.7,29,3.1,68.7,8,75.5,52,2.7,4.3,1
SV20211499,IT4030,Phát triển ứng dụng Web,4,Nhóm 03,Công nghệ thông tin,1.7,29,6.5,57.1,4,82.5,75,3.5,3.9,1
SV20211499,MA2010,Xác suất thống kê ứng dụng,3,Nhóm 03,Công nghệ thông tin,1.7,29,6.5,69.9,9,72.3,71,1.7,7.8,0
SV20211500,IT4010,Học máy & Khai phá dữ liệu,3,Nhóm 04,Công nghệ thông tin,2.7,60,8.0,73.9,8,73.9,71,8.6,8.1,0
SV20211500,IT4020,Hệ quản trị CSDL nâng cao,3,Nhóm 04,Công nghệ thông tin,2.7,60,6.4,66.2,8,80.8,69,4.8,5.6,0
SV20211500,IT4030,Phát triển ứng dụng Web,4,Nhóm 04,Công nghệ thông tin,2.7,60,9.1,76.4,8,92.9,69,4.8,8.4,0
SV20211500,MA2010,Xác suất thống kê ứng dụng,3,Nhóm 04,Công nghệ thông tin,2.7,60,5.8,79.8,14,86.3,80,7.1,4.5,1
