GioiTinh,KhuVucSinhSong,HocVanChaMe,HoanCanhGiaDinh,HocLucNamTruoc,TiLeChuyenCan,GioTuHocMoiTuan,ThamGiaHocThem,OnThiTruoc,ThoiGianMangXaHoi,KetQua
Nam,Thành thị,Tốt nghiệp THPT,Trung bình,Trung bình,94.4,11.1,Có,Đã ôn thi,2.0,Đỗ
Nam,Thành thị,Đại học,Khá giả,Khá,97.0,12.2,Có,Đã ôn thi,5.8,Đỗ
Nữ,Nông thôn,Đại học,Trung bình,Khá,84.5,10.7,Có,Đã ôn thi,3.8,Đỗ
Nam,Nông thôn,Đại học,Trung bình,Khá,73.1,6.8,Không,Đã ôn thi,5.1,Đỗ
Nữ,Thành thị,Thạc sĩ,Khó khăn,Trung bình,93.4,12.8,Không,Đã ôn thi,7.7,Trượt
Nam,Nông thôn,Tốt nghiệp THPT,Khó khăn,Trung bình,100.0,8.0,Có,Đã ôn thi,3.5,Đỗ
Nam,Thành thị,Chưa tốt nghiệp THPT,Trung bình,Trung bình,85.0,14.3,Không,Đã ôn thi,2.3,Trượt
Nữ,Thành thị,Đại học,Trung bình,Khá,79.0,6.1,Có,Không ôn thi,1.6,Đỗ
Nam,Nông thôn,Tốt nghiệp THPT,Khá giả,Khá,69.5,0.0,Không,Không ôn thi,4.7,Trượt
Nam,Thành thị,Đại học,Khó khăn,Khá,52.1,0.0,Có,Đã ôn thi,3.2,Trượt
Nữ,Nông thôn,Cao đẳng,Khá giả,Khá,85.1,5.4,Có,Không ôn thi,0.2,Đỗ
Nữ,Thành thị,Đại học,Khó khăn,Giỏi,94.8,6.4,Không,Không ôn thi,2.9,Đỗ
Nam,Thành thị,Tốt nghiệp THPT,Khá giả,Trung bình,96.4,12.0,Có,Đã ôn thi,1.4,Đỗ
Nam,Nông thôn,Cao đẳng,Khó khăn,Khá,97.9,12.1,Có,Đã ôn thi,4.7,Đỗ
Nữ,Nông thôn,Đại học,Trung bình,Trung bình,62.3,8.8,Có,Đã ôn thi,2.2,Đỗ
Nam,Thành thị,Chưa tốt nghiệp THPT,Trung bình,Giỏi,78.9,14.8,Không,Đã ôn thi,1.1,Đỗ
Nam,Thành thị,Đại học,Trung bình,Trung bình,78.5,6.5,Không,Đã ôn thi,4.4,Trượt
Nữ,Thành thị,Chưa tốt nghiệp THPT,Trung bình,Yếu,90.3,10.5,Không,Đã ôn thi,2.1,Đỗ
Nữ,Nông thôn,Tốt nghiệp THPT,Trung bình,Trung bình,91.2,9.1,Không,Đã ôn thi,5.1,Đỗ
Nữ,Thành thị,Cao đẳng,Khá giả,Yếu,78.3,0.9,Không,Đã ôn thi,6.4,Trượt
Nam,Thành thị,Chưa tốt nghiệp THPT,Khá giả,Khá,84.5,9.3,Có,Không ôn thi,1.1,Đỗ
Nữ,Thành thị,Chưa tốt nghiệp THPT,Trung bình,Giỏi,70.8,8.8,Không,Đã ôn thi,4.6,Trượt
Nam,Thành thị,Tốt nghiệp THPT,Trung bình,Trung bình,52.6,19.6,Có,Đã ôn thi,0.0,Đỗ
Nữ,Thành thị,Đại học,Trung bình,Khá,72.9,14.7,Có,Không ôn thi,3.6,Đỗ
Nam,Thành thị,Tốt nghiệp THPT,Khá giả,Trung bình,91.2,7.0,Có,Đã ôn thi,4.1,Trượt
Nam,Nông thôn,Chưa tốt nghiệp THPT,Trung bình,Giỏi,85.4,18.9,Không,Không ôn thi,5.6,Đỗ
Nữ,Thành thị,Tốt nghiệp THPT,Trung bình,Trung bình,99.4,7.4,Có,Đã ôn thi,6.3,Đỗ
Nam,Nông thôn,Tốt nghiệp THPT,Trung bình,Khá,81.6,8.1,Không,Đã ôn thi,3.3,Đỗ
Nữ,Thành thị,Cao đẳng,Trung bình,Trung bình,82.7,1.5,Có,Đã ôn thi,4.5,Trượt
Nam,Nông thôn,Đại học,Trung bình,Giỏi,87.4,11.1,Có,Đã ôn thi,1.8,Đỗ
Nam,Nông thôn,Đại học,Khó khăn,Khá,89.0,11.7,Không,Không ôn thi,2.1,Đỗ
Nam,Nông thôn,Đại học,Khó khăn,Khá,99.9,1.4,Không,Đã ôn thi,3.8,Đỗ
Nam,Nông thôn,Tốt nghiệp THPT,Khó khăn,Yếu,70.3,0.2,Có,Đã ôn thi,3.4,Trượt
Nữ,Nông thôn,Đại học,Khá giả,Trung bình,79.9,12.6,Không,Không ôn thi,3.0,Trượt
Nam,Nông thôn,Tốt nghiệp THPT,Khá giả,Khá,79.1,2.6,Không,Đã ôn thi,1.4,Trượt
Nữ,Thành thị,Đại học,Khó khăn,Khá,93.6,8.4,Không,Đã ôn thi,0.5,Đỗ
Nam,Thành thị,Tốt nghiệp THPT,Trung bình,Trung bình,70.2,5.3,Có,Đã ôn thi,1.1,Đỗ
Nam,Nông thôn,Chưa tốt nghiệp THPT,Trung bình,Khá,91.8,8.6,Không,Đã ôn thi,1.4,Đỗ
Nữ,Thành thị,Chưa tốt nghiệp THPT,Khó khăn,Giỏi,68.9,15.8,Có,Không ôn thi,4.3,Đỗ
Nữ,Thành thị,Đại học,Trung bình,Yếu,74.8,7.2,Không,Không ôn thi,0.4,Trượt
Nữ,Thành thị,Đại học,Khó khăn,Khá,95.3,2.3,Không,Không ôn thi,5.5,Đỗ
Nam,Nông thôn,Tốt nghiệp THPT,Trung bình,Khá,84.0,9.4,Có,Không ôn thi,2.8,Đỗ
Nam,Thành thị,Cao đẳng,Khá giả,Khá,76.4,0.2,Có,Không ôn thi,5.3,Đỗ
Nữ,Thành thị,Tốt nghiệp THPT,Trung bình,Trung bình,76.9,16.5,Có,Không ôn thi,2.5,Đỗ
Nam,Nông thôn,Cao đẳng,Khá giả,Yếu,79.7,12.9,Có,Đã ôn thi,6.3,Trượt
Nữ,Nông thôn,Chưa tốt nghiệp THPT,Trung bình,Yếu,72.9,12.6,Không,Không ôn thi,3.0,Trượt
Nam,Nông thôn,Chưa tốt nghiệp THPT,Trung bình,Giỏi,72.4,14.0,Không,Không ôn thi,1.6,Đỗ
Nữ,Nông thôn,Cao đẳng,Khá giả,Khá,72.9,5.9,Có,Đã ôn thi,0.6,Đỗ
Nữ,Thành thị,Chưa tốt nghiệp THPT,Khó khăn,Khá,87.2,10.8,Có,Đã ôn thi,5.2,Đỗ
Nữ,Nông thôn,Đại học,Trung bình,Khá,78.8,8.7,Không,Đã ôn thi,7.1,Đỗ
Nữ,Thành thị,Thạc sĩ,Trung bình,Trung bình,67.1,7.7,Không,Không ôn thi,5.5,Trượt
Nữ,Nông thôn,Tốt nghiệp THPT,Khá giả,Giỏi,87.5,9.3,Không,Không ôn thi,4.6,Đỗ
Nữ,Thành thị,Tốt nghiệp THPT,Trung bình,Yếu,91.4,7.0,Có,Đã ôn thi,5.7,Trượt
Nam,Thành thị,Chưa tốt nghiệp THPT,Trung bình,Khá,77.1,7.3,Không,Đã ôn thi,2.8,Trượt
Nam,Nông thôn,Cao đẳng,Khá giả,Trung bình,93.1,7.4,Không,Đã ôn thi,4.0,Đỗ
Nữ,Nông thôn,Tốt nghiệp THPT,Khá giả,Giỏi,66.0,5.1,Có,Đã ôn thi,4.2,Đỗ
Nữ,Nông thôn,Tốt nghiệp THPT,Trung bình,Yếu,58.0,5.3,Có,Không ôn thi,4.3,Trượt
Nữ,Nông thôn,Tốt nghiệp THPT,Trung bình,Giỏi,70.0,10.8,Không,Không ôn thi,2.3,Đỗ
Nam,Thành thị,Tốt nghiệp THPT,Khó khăn,Khá,94.1,10.5,Có,Đã ôn thi,4.2,Đỗ
Nam,Thành thị,Tốt nghiệp THPT,Trung bình,Trung bình,82.8,7.0,Có,Không ôn thi,2.9,Đỗ
Nam,Nông thôn,Cao đẳng,Khá giả,Khá,100.0,19.6,Có,Đã ôn thi,6.0,Đỗ
Nữ,Thành thị,Tốt nghiệp THPT,Trung bình,Trung bình,57.8,11.2,Có,Đã ôn thi,2.2,Đỗ
Nam,Nông thôn,Thạc sĩ,Khó khăn,Khá,55.8,3.4,Có,Đã ôn thi,4.4,Trượt
Nam,Thành thị,Tốt nghiệp THPT,Khá giả,Giỏi,94.6,6.3,Không,Đã ôn thi,3.6,Đỗ
Nam,Thành thị,Chưa tốt nghiệp THPT,Trung bình,Trung bình,96.5,0.0,Không,Đã ôn thi,1.9,Đỗ
Nữ,Nông thôn,Chưa tốt nghiệp THPT,Trung bình,Giỏi,88.2,8.4,Không,Không ôn thi,3.4,Đỗ
Nữ,Nông thôn,Đại học,Trung bình,Trung bình,80.9,6.4,Không,Không ôn thi,4.9,Trượt
Nữ,Thành thị,Tốt nghiệp THPT,Khá giả,Trung bình,78.4,7.4,Không,Đã ôn thi,5.4,Đỗ
Nữ,Thành thị,Đại học,Trung bình,Yếu,98.9,9.8,Không,Đã ôn thi,5.4,Trượt
Nam,Thành thị,Thạc sĩ,Trung bình,Khá,92.7,13.4,Không,Đã ôn thi,0.8,Đỗ
Nữ,Nông thôn,Cao đẳng,Khá giả,Trung bình,75.6,7.0,Có,Đã ôn thi,1.1,Đỗ
Nam,Thành thị,Đại học,Khá giả,Trung bình,96.6,11.7,Không,Đã ôn thi,5.4,Đỗ
Nam,Nông thôn,Chưa tốt nghiệp THPT,Trung bình,Trung bình,83.6,5.0,Có,Không ôn thi,6.9,Trượt
Nữ,Thành thị,Đại học,Trung bình,Khá,81.1,7.2,Không,Đã ôn thi,4.3,Trượt
Nữ,Nông thôn,Đại học,Trung bình,Trung bình,67.9,6.4,Có,Không ôn thi,3.0,Trượt
Nam,Nông thôn,Cao đẳng,Trung bình,Khá,100.0,3.8,Không,Không ôn thi,3.3,Đỗ
Nữ,Nông thôn,Cao đẳng,Khá giả,Yếu,100.0,6.2,Có,Không ôn thi,2.7,Trượt
Nữ,Nông thôn,Đại học,Khó khăn,Trung bình,87.9,4.4,Không,Đã ôn thi,3.3,Trượt
Nam,Thành thị,Cao đẳng,Trung bình,Giỏi,86.1,8.9,Không,Đã ôn thi,2.9,Đỗ
Nam,Thành thị,Chưa tốt nghiệp THPT,Trung bình,Khá,73.0,2.0,Không,Đã ôn thi,6.2,Trượt
Nam,Nông thôn,Cao đẳng,Trung bình,Trung bình,78.8,1.9,Có,Đã ôn thi,4.3,Đỗ
Nữ,Nông thôn,Chưa tốt nghiệp THPT,Khá giả,Trung bình,74.1,7.5,Có,Không ôn thi,3.8,Trượt
Nữ,Nông thôn,Tốt nghiệp THPT,Khó khăn,Trung bình,88.3,17.0,Không,Không ôn thi,5.0,Đỗ
Nam,Thành thị,Tốt nghiệp THPT,Trung bình,Giỏi,99.1,14.5,Không,Đã ôn thi,5.3,Đỗ
Nam,Thành thị,Thạc sĩ,Trung bình,Trung bình,82.4,6.2,Không,Không ôn thi,1.8,Trượt
Nữ,Thành thị,Chưa tốt nghiệp THPT,Trung bình,Khá,86.8,11.2,Không,Đã ôn thi,2.9,Đỗ
Nữ,Nông thôn,Tốt nghiệp THPT,Trung bình,Giỏi,89.8,1.2,Không,Đã ôn thi,1.1,Đỗ
Nam,Nông thôn,Chưa tốt nghiệp THPT,Trung bình,Khá,100.0,13.1,Không,Đã ôn thi,3.4,Đỗ
Nữ,Thành thị,Cao đẳng,Trung bình,Trung bình,99.7,8.9,Có,Đã ôn thi,2.9,Đỗ
Nam,Thành thị,Đại học,Khó khăn,Khá,80.4,9.3,Không,Không ôn thi,3.1,Đỗ
Nữ,Nông thôn,Tốt nghiệp THPT,Trung bình,Khá,79.4,1.6,Có,Đã ôn thi,6.3,Trượt
Nam,Thành thị,Đại học,Trung bình,Giỏi,61.5,15.3,Không,Không ôn thi,3.7,Đỗ
Nữ,Nông thôn,Thạc sĩ,Khó khăn,Yếu,87.6,7.1,Không,Đã ôn thi,4.9,Trượt
Nam,Nông thôn,Đại học,Khá giả,Trung bình,100.0,9.0,Không,Đã ôn thi,2.9,Đỗ
Nam,Thành thị,Cao đẳng,Khá giả,Khá,74.2,0.0,Không,Không ôn thi,2.9,Trượt
Nữ,Thành thị,Cao đẳng,Khó khăn,Giỏi,80.7,16.2,Không,Đã ôn thi,3.0,Đỗ
Nam,Nông thôn,Tốt nghiệp THPT,Trung bình,Khá,82.7,12.6,Không,Không ôn thi,2.5,Đỗ
Nam,Thành thị,Tốt nghiệp THPT,Khá giả,Khá,86.3,14.9,Có,Không ôn thi,3.1,Đỗ
Nam,Thành thị,Chưa tốt nghiệp THPT,Trung bình,Khá,99.2,4.8,Không,Đã ôn thi,2.9,Đỗ
Nam,Thành thị,Chưa tốt nghiệp THPT,Khá giả,Khá,75.8,8.0,Không,Đã ôn thi,4.4,Đỗ
Nữ,Nông thôn,Tốt nghiệp THPT,Khó khăn,Giỏi,92.3,7.0,Không,Đã ôn thi,1.3,Đỗ
Nữ,Thành thị,Đại học,Trung bình,Giỏi,80.7,15.7,Không,Đã ôn thi,2.4,Đỗ
Nam,Thành thị,Chưa tốt nghiệp THPT,Khó khăn,Khá,83.0,5.1,Không,Đã ôn thi,5.4,Trượt
Nữ,Nông thôn,Đại học,Trung bình,Trung bình,63.4,7.9,Có,Không ôn thi,0.1,Đỗ
Nữ,Thành thị,Chưa tốt nghiệp THPT,Khó khăn,Giỏi,64.9,12.5,Có,Đã ôn thi,6.5,Đỗ
Nữ,Thành thị,Chưa tốt nghiệp THPT,Khó khăn,Khá,71.8,2.3,Không,Đã ôn thi,3.2,Trượt
Nam,Thành thị,Tốt nghiệp THPT,Khó khăn,Giỏi,66.8,18.0,Không,Không ôn thi,6.3,Đỗ
Nam,Nông thôn,Chưa tốt nghiệp THPT,Trung bình,Trung bình,100.0,11.9,Có,Đã ôn thi,1.9,Đỗ
Nữ,Thành thị,Đại học,Trung bình,Khá,89.5,5.2,Không,Đã ôn thi,0.0,Đỗ
Nữ,Thành thị,Đại học,Khá giả,Giỏi,100.0,5.7,Không,Đã ôn thi,2.4,Đỗ
Nữ,Thành thị,Cao đẳng,Trung bình,Trung bình,82.2,4.1,Không,Đã ôn thi,2.4,Trượt
Nam,Nông thôn,Đại học,Khá giả,Yếu,76.0,6.5,Không,Không ôn thi,3.0,Trượt
Nữ,Nông thôn,Đại học,Trung bình,Khá,90.4,16.4,Có,Đã ôn thi,5.0,Đỗ
Nữ,Nông thôn,Đại học,Khá giả,Trung bình,94.3,12.4,Có,Không ôn thi,2.9,Đỗ
Nam,Thành thị,Đại học,Khó khăn,Khá,100.0,1.7,Không,Đã ôn thi,2.3,Đỗ
Nữ,Thành thị,Chưa tốt nghiệp THPT,Khá giả,Trung bình,72.5,18.1,Không,Đã ôn thi,3.2,Đỗ
Nữ,Nông thôn,Tốt nghiệp THPT,Khó khăn,Trung bình,85.8,0.0,Không,Đã ôn thi,1.3,Trượt
Nam,Nông thôn,Chưa tốt nghiệp THPT,Trung bình,Khá,83.5,12.8,Không,Đã ôn thi,2.0,Đỗ
Nữ,Nông thôn,Chưa tốt nghiệp THPT,Trung bình,Giỏi,78.5,13.8,Có,Đã ôn thi,4.0,Đỗ
Nữ,Nông thôn,Cao đẳng,Khó khăn,Khá,69.6,7.6,Có,Đã ôn thi,3.5,Đỗ
Nữ,Thành thị,Tốt nghiệp THPT,Trung bình,Khá,98.2,9.6,Có,Không ôn thi,4.3,Đỗ
Nữ,Nông thôn,Tốt nghiệp THPT,Khá giả,Trung bình,55.1,11.2,Không,Đã ôn thi,7.1,Trượt
Nữ,Thành thị,Cao đẳng,Trung bình,Trung bình,81.8,0.0,Không,Đã ôn thi,3.4,Trượt
Nam,Nông thôn,Tốt nghiệp THPT,Trung bình,Khá,67.4,5.8,Không,Đã ôn thi,1.5,Đỗ
Nam,Nông thôn,Tốt nghiệp THPT,Trung bình,Khá,86.5,13.1,Không,Đã ôn thi,2.8,Đỗ
Nam,Thành thị,Đại học,Khá giả,Yếu,100.0,9.8,Không,Không ôn thi,3.6,Đỗ
Nam,Thành thị,Tốt nghiệp THPT,Trung bình,Trung bình,87.3,3.1,Có,Không ôn thi,3.8,Trượt
Nam,Nông thôn,Tốt nghiệp THPT,Khó khăn,Giỏi,93.9,4.8,Có,Không ôn thi,2.7,Đỗ
Nam,Nông thôn,Cao đẳng,Trung bình,Khá,76.8,7.4,Có,Đã ôn thi,4.5,Đỗ
Nữ,Thành thị,Tốt nghiệp THPT,Trung bình,Khá,65.5,0.0,Có,Đã ôn thi,4.7,Trượt
Nam,Thành thị,Đại học,Trung bình,Trung bình,69.1,12.4,Có,Không ôn thi,2.6,Đỗ
Nam,Nông thôn,Cao đẳng,Khá giả,Trung bình,66.6,3.2,Không,Không ôn thi,3.0,Trượt
Nam,Nông thôn,Tốt nghiệp THPT,Khá giả,Trung bình,79.7,12.2,Có,Không ôn thi,4.2,Đỗ
Nam,Nông thôn,Đại học,Khá giả,Trung bình,85.0,4.9,Không,Không ôn thi,1.1,Trượt
Nam,Thành thị,Tốt nghiệp THPT,Khá giả,Trung bình,98.1,15.8,Có,Đã ôn thi,2.9,Đỗ
Nam,Nông thôn,Cao đẳng,Trung bình,Khá,78.3,4.7,Không,Không ôn thi,0.8,Đỗ
Nam,Nông thôn,Cao đẳng,Trung bình,Trung bình,71.6,6.7,Có,Không ôn thi,4.3,Trượt
Nữ,Thành thị,Cao đẳng,Trung bình,Trung bình,89.3,6.9,Không,Đã ôn thi,0.3,Đỗ
Nam,Thành thị,Cao đẳng,Khá giả,Yếu,92.4,7.9,Có,Không ôn thi,3.6,Trượt
Nam,Nông thôn,Đại học,Trung bình,Khá,82.4,9.5,Không,Không ôn thi,6.5,Trượt
Nam,Thành thị,Cao đẳng,Trung bình,Yếu,89.1,13.9,Không,Đã ôn thi,1.7,Trượt
Nữ,Thành thị,Chưa tốt nghiệp THPT,Trung bình,Khá,90.5,2.0,Không,Đã ôn thi,4.5,Đỗ
Nữ,Thành thị,Tốt nghiệp THPT,Trung bình,Trung bình,74.1,6.6,Không,Không ôn thi,7.0,Trượt
Nữ,Thành thị,Đại học,Trung bình,Khá,93.3,4.3,Không,Đã ôn thi,7.5,Trượt
Nam,Nông thôn,Đại học,Khó khăn,Khá,89.9,11.0,Không,Không ôn thi,2.7,Đỗ
Nam,Nông thôn,Chưa tốt nghiệp THPT,Trung bình,Trung bình,71.8,5.8,Không,Không ôn thi,5.2,Trượt
Nữ,Nông thôn,Đại học,Trung bình,Giỏi,100.0,9.9,Không,Đã ôn thi,2.1,Đỗ
Nam,Thành thị,Chưa tốt nghiệp THPT,Trung bình,Trung bình,86.3,3.3,Có,Không ôn thi,4.0,Trượt
Nữ,Thành thị,Tốt nghiệp THPT,Trung bình,Giỏi,82.9,12.4,Có,Không ôn thi,1.9,Đỗ
Nữ,Nông thôn,Đại học,Trung bình,Khá,97.5,10.2,Không,Không ôn thi,5.8,Đỗ
Nữ,Thành thị,Đại học,Khá giả,Giỏi,78.8,11.8,Có,Không ôn thi,4.8,Đỗ
Nữ,Nông thôn,Tốt nghiệp THPT,Trung bình,Trung bình,90.5,16.5,Có,Không ôn thi,4.0,Đỗ
Nữ,Thành thị,Cao đẳng,Trung bình,Khá,80.8,9.7,Có,Đã ôn thi,7.0,Đỗ
Nữ,Nông thôn,Tốt nghiệp THPT,Trung bình,Yếu,82.6,13.4,Không,Không ôn thi,0.8,Đỗ
Nam,Thành thị,Chưa tốt nghiệp THPT,Trung bình,Khá,68.4,15.6,Không,Không ôn thi,3.8,Đỗ
Nữ,Nông thôn,Tốt nghiệp THPT,Khá giả,Giỏi,89.4,3.9,Không,Đã ôn thi,3.6,Đỗ
Nữ,Nông thôn,Đại học,Khá giả,Giỏi,84.2,17.3,Có,Không ôn thi,2.9,Đỗ
Nữ,Thành thị,Đại học,Khó khăn,Khá,68.4,7.8,Có,Không ôn thi,2.0,Trượt
Nam,Nông thôn,Đại học,Khá giả,Trung bình,100.0,0.0,Có,Đã ôn thi,2.2,Đỗ
Nữ,Nông thôn,Cao đẳng,Trung bình,Yếu,71.5,12.3,Không,Đã ôn thi,3.5,Trượt
Nam,Nông thôn,Chưa tốt nghiệp THPT,Trung bình,Khá,63.8,12.5,Không,Không ôn thi,2.2,Đỗ
Nam,Thành thị,Chưa tốt nghiệp THPT,Trung bình,Trung bình,77.3,8.2,Không,Không ôn thi,2.0,Trượt
Nữ,Nông thôn,Đại học,Khó khăn,Trung bình,60.1,4.0,Không,Đã ôn thi,1.3,Trượt
Nam,Thành thị,Tốt nghiệp THPT,Trung bình,Giỏi,100.0,12.7,Không,Đã ôn thi,4.4,Đỗ
Nữ,Nông thôn,Đại học,Khó khăn,Giỏi,63.7,3.6,Có,Không ôn thi,3.9,Trượt
Nữ,Thành thị,Chưa tốt nghiệp THPT,Trung bình,Giỏi,77.6,11.4,Có,Không ôn thi,6.6,Đỗ
Nam,Thành thị,Cao đẳng,Trung bình,Giỏi,67.2,13.2,Không,Đã ôn thi,6.5,Đỗ
Nam,Thành thị,Cao đẳng,Khá giả,Khá,100.0,2.4,Có,Đã ôn thi,3.4,Đỗ
Nam,Thành thị,Tốt nghiệp THPT,Trung bình,Khá,91.1,4.4,Không,Đã ôn thi,3.5,Đỗ
Nữ,Nông thôn,Cao đẳng,Trung bình,Khá,75.7,2.6,Có,Đã ôn thi,3.4,Trượt
Nam,Thành thị,Cao đẳng,Trung bình,Khá,80.9,2.1,Không,Đã ôn thi,0.0,Đỗ
Nam,Nông thôn,Tốt nghiệp THPT,Khó khăn,Khá,100.0,9.7,Không,Đã ôn thi,1.2,Đỗ
Nam,Nông thôn,Tốt nghiệp THPT,Trung bình,Trung bình,86.9,2.1,Có,Đã ôn thi,4.7,Trượt
Nữ,Thành thị,Đại học,Trung bình,Trung bình,61.4,1.6,Không,Không ôn thi,4.2,Trượt
Nữ,Thành thị,Tốt nghiệp THPT,Trung bình,Giỏi,77.5,9.5,Không,Không ôn thi,1.2,Đỗ
Nữ,Nông thôn,Tốt nghiệp THPT,Khá giả,Giỏi,93.3,8.0,Không,Không ôn thi,5.3,Đỗ
Nam,Nông thôn,Thạc sĩ,Trung bình,Khá,68.4,1.8,Không,Đã ôn thi,6.5,Trượt
Nam,Thành thị,Chưa tốt nghiệp THPT,Trung bình,Trung bình,84.3,17.7,Không,Đã ôn thi,2.0,Đỗ
Nam,Thành thị,Chưa tốt nghiệp THPT,Trung bình,Khá,98.2,6.7,Có,Không ôn thi,2.9,Đỗ
Nam,Nông thôn,Cao đẳng,Trung bình,Khá,75.9,18.2,Không,Đã ôn thi,2.2,Đỗ
Nữ,Thành thị,Tốt nghiệp THPT,Khá giả,Yếu,96.6,7.5,Không,Đã ôn thi,3.2,Đỗ
Nữ,Thành thị,Chưa tốt nghiệp THPT,Trung bình,Giỏi,91.1,14.3,Không,Đã ôn thi,0.3,Đỗ
Nam,Nông thôn,Tốt nghiệp THPT,Khó khăn,Trung bình,76.0,6.3,Có,Đã ôn thi,3.5,Trượt
Nữ,Thành thị,Cao đẳng,Khó khăn,Trung bình,84.4,4.9,Không,Đã ôn thi,6.5,Trượt
Nam,Thành thị,Đại học,Khó khăn,Trung bình,73.8,17.3,Có,Đã ôn thi,1.4,Đỗ
Nữ,Thành thị,Cao đẳng,Khó khăn,Khá,84.4,9.4,Không,Không ôn thi,4.1,Đỗ
Nữ,Thành thị,Tốt nghiệp THPT,Khó khăn,Khá,68.0,14.8,Có,Đã ôn thi,3.3,Đỗ
Nữ,Thành thị,Đại học,Trung bình,Khá,100.0,14.8,Không,Đã ôn thi,3.8,Đỗ
Nam,Nông thôn,Cao đẳng,Trung bình,Trung bình,75.2,3.4,Không,Đã ôn thi,3.9,Trượt
Nữ,Nông thôn,Tốt nghiệp THPT,Trung bình,Giỏi,85.4,17.0,Có,Đã ôn thi,2.5,Đỗ
Nữ,Nông thôn,Tốt nghiệp THPT,Khó khăn,Trung bình,82.9,7.1,Có,Không ôn thi,4.8,Trượt
Nữ,Thành thị,Đại học,Trung bình,Giỏi,65.3,12.3,Không,Không ôn thi,3.3,Đỗ
Nam,Nông thôn,Tốt nghiệp THPT,Trung bình,Khá,89.1,1.4,Có,Đã ôn thi,0.0,Đỗ
Nam,Thành thị,Tốt nghiệp THPT,Trung bình,Giỏi,78.5,13.6,Không,Đã ôn thi,6.6,Đỗ
Nam,Thành thị,Đại học,Trung bình,Khá,90.9,14.8,Không,Không ôn thi,6.5,Đỗ
Nữ,Thành thị,Chưa tốt nghiệp THPT,Khá giả,Yếu,97.3,13.8,Không,Đã ôn thi,0.0,Đỗ
Nữ,Thành thị,Tốt nghiệp THPT,Trung bình,Giỏi,85.6,11.6,Có,Đã ôn thi,5.9,Đỗ
Nam,Thành thị,Tốt nghiệp THPT,Trung bình,Yếu,83.8,0.0,Có,Đã ôn thi,3.4,Trượt
Nữ,Thành thị,Đại học,Trung bình,Giỏi,86.6,15.8,Không,Đã ôn thi,3.7,Đỗ
Nữ,Nông thôn,Tốt nghiệp THPT,Khó khăn,Trung bình,82.7,12.6,Có,Không ôn thi,3.4,Đỗ
Nữ,Nông thôn,Đại học,Trung bình,Trung bình,73.9,2.3,Không,Đã ôn thi,1.7,Trượt
Nam,Nông thôn,Cao đẳng,Trung bình,Khá,57.2,4.4,Có,Đã ôn thi,4.2,Đỗ
Nữ,Nông thôn,Cao đẳng,Khó khăn,Giỏi,84.8,0.0,Có,Không ôn thi,4.2,Đỗ
Nữ,Nông thôn,Chưa tốt nghiệp THPT,Trung bình,Khá,88.6,5.9,Không,Không ôn thi,4.0,Đỗ
Nam,Nông thôn,Cao đẳng,Trung bình,Trung bình,76.6,15.7,Không,Đã ôn thi,5.4,Đỗ
Nữ,Nông thôn,Đại học,Khá giả,Trung bình,96.6,0.4,Có,Đã ôn thi,3.0,Đỗ
Nam,Nông thôn,Đại học,Khó khăn,Trung bình,76.0,19.2,Có,Đã ôn thi,3.4,Trượt
Nữ,Nông thôn,Tốt nghiệp THPT,Trung bình,Trung bình,73.7,12.8,Không,Không ôn thi,5.0,Trượt
Nam,Nông thôn,Chưa tốt nghiệp THPT,Trung bình,Trung bình,79.0,5.4,Có,Đã ôn thi,5.3,Trượt
Nữ,Thành thị,Cao đẳng,Khá giả,Trung bình,90.0,6.5,Không,Đã ôn thi,5.3,Trượt
Nam,Nông thôn,Đại học,Trung bình,Giỏi,86.9,26.6,Không,Không ôn thi,3.9,Đỗ
Nam,Thành thị,Chưa tốt nghiệp THPT,Khá giả,Trung bình,70.5,6.5,Không,Không ôn thi,4.9,Trượt
Nam,Thành thị,Tốt nghiệp THPT,Trung bình,Khá,74.5,8.5,Có,Đã ôn thi,3.7,Đỗ
Nam,Thành thị,Đại học,Trung bình,Khá,100.0,5.2,Không,Đã ôn thi,5.6,Đỗ
Nữ,Nông thôn,Đại học,Trung bình,Giỏi,100.0,13.3,Không,Không ôn thi,4.4,Đỗ
Nam,Nông thôn,Cao đẳng,Trung bình,Yếu,100.0,6.6,Không,Đã ôn thi,5.0,Trượt
Nam,Thành thị,Chưa tốt nghiệp THPT,Trung bình,Khá,89.7,2.5,Không,Đã ôn thi,2.8,Đỗ
Nữ,Thành thị,Đại học,Trung bình,Trung bình,77.2,14.6,Không,Đã ôn thi,2.8,Trượt
Nữ,Thành thị,Tốt nghiệp THPT,Khó khăn,Khá,95.4,13.0,Không,Đã ôn thi,4.7,Đỗ
Nam,Nông thôn,Chưa tốt nghiệp THPT,Khó khăn,Khá,98.4,10.6,Không,Không ôn thi,3.4,Đỗ
Nữ,Nông thôn,Cao đẳng,Trung bình,Khá,100.0,4.0,Không,Đã ôn thi,4.3,Đỗ
Nữ,Nông thôn,Chưa tốt nghiệp THPT,Khá giả,Giỏi,91.0,5.0,Có,Đã ôn thi,6.8,Đỗ
Nam,Thành thị,Tốt nghiệp THPT,Khá giả,Khá,66.9,9.1,Có,Đã ôn thi,4.6,Đỗ
Nữ,Thành thị,Đại học,Trung bình,Giỏi,85.5,10.9,Không,Không ôn thi,2.9,Đỗ
Nữ,Nông thôn,Cao đẳng,Trung bình,Giỏi,100.0,9.1,Không,Đã ôn thi,2.8,Đỗ
Nữ,Thành thị,Chưa tốt nghiệp THPT,Khá giả,Trung bình,76.8,15.8,Không,Không ôn thi,3.8,Trượt
Nam,Nông thôn,Tốt nghiệp THPT,Trung bình,Giỏi,63.3,5.9,Không,Không ôn thi,2.0,Đỗ
Nữ,Nông thôn,Chưa tốt nghiệp THPT,Trung bình,Khá,95.1,9.9,Có,Đã ôn thi,4.9,Đỗ
Nam,Thành thị,Tốt nghiệp THPT,Trung bình,Trung bình,78.8,8.6,Không,Không ôn thi,3.7,Trượt
Nữ,Nông thôn,Cao đẳng,Trung bình,Trung bình,88.4,4.1,Không,Đã ôn thi,2.4,Đỗ
Nam,Nông thôn,Đại học,Khá giả,Giỏi,77.0,3.9,Có,Đã ôn thi,3.4,Đỗ
Nam,Nông thôn,Tốt nghiệp THPT,Trung bình,Trung bình,78.8,6.1,Không,Đã ôn thi,1.1,Trượt
Nam,Thành thị,Tốt nghiệp THPT,Trung bình,Trung bình,80.6,1.4,Có,Đã ôn thi,3.2,Đỗ
Nữ,Nông thôn,Đại học,Trung bình,Giỏi,86.6,5.7,Có,Đã ôn thi,3.1,Đỗ
Nam,Nông thôn,Chưa tốt nghiệp THPT,Khá giả,Khá,81.5,7.6,Không,Không ôn thi,2.2,Đỗ
Nữ,Nông thôn,Tốt nghiệp THPT,Khó khăn,Khá,95.9,6.1,Có,Đã ôn thi,0.4,Đỗ
Nam,Nông thôn,Cao đẳng,Trung bình,Trung bình,86.5,5.1,Có,Không ôn thi,6.4,Trượt
Nam,Nông thôn,Tốt nghiệp THPT,Trung bình,Giỏi,84.7,4.6,Có,Đã ôn thi,2.0,Đỗ
Nữ,Thành thị,Cao đẳng,Khó khăn,Khá,100.0,14.0,Có,Đã ôn thi,0.9,Đỗ
Nữ,Thành thị,Thạc sĩ,Trung bình,Giỏi,95.5,21.3,Không,Không ôn thi,2.8,Đỗ
Nữ,Nông thôn,Đại học,Trung bình,Trung bình,65.0,15.2,Không,Đã ôn thi,4.4,Trượt
Nam,Nông thôn,Chưa tốt nghiệp THPT,Khá giả,Khá,94.7,6.3,Không,Đã ôn thi,2.0,Đỗ
Nữ,Thành thị,Cao đẳng,Trung bình,Khá,98.6,3.9,Không,Đã ôn thi,5.8,Đỗ
Nam,Nông thôn,Chưa tốt nghiệp THPT,Khó khăn,Khá,84.8,3.3,Có,Đã ôn thi,3.9,Đỗ
Nam,Nông thôn,Thạc sĩ,Trung bình,Khá,99.9,5.2,Không,Không ôn thi,5.8,Đỗ
Nữ,Thành thị,Tốt nghiệp THPT,Khó khăn,Giỏi,58.3,10.5,Có,Đã ôn thi,3.1,Đỗ
Nam,Nông thôn,Tốt nghiệp THPT,Khá giả,Trung bình,96.2,6.6,Không,Đã ôn thi,3.5,Đỗ
Nam,Nông thôn,Đại học,Trung bình,Yếu,99.7,8.8,Không,Đã ôn thi,3.6,Trượt
Nam,Nông thôn,Đại học,Trung bình,Trung bình,100.0,9.5,Có,Đã ôn thi,2.9,Đỗ
Nam,Nông thôn,Tốt nghiệp THPT,Trung bình,Khá,92.2,12.8,Không,Không ôn thi,2.6,Đỗ
Nam,Thành thị,Cao đẳng,Trung bình,Trung bình,82.2,4.7,Không,Đã ôn thi,3.7,Trượt
Nữ,Nông thôn,Đại học,Trung bình,Giỏi,86.4,4.6,Không,Đã ôn thi,2.8,Đỗ
Nữ,Nông thôn,Tốt nghiệp THPT,Khó khăn,Trung bình,93.4,8.4,Không,Đã ôn thi,2.3,Đỗ
Nam,Thành thị,Cao đẳng,Trung bình,Giỏi,91.4,3.7,Không,Đã ôn thi,9.6,Đỗ
Nam,Thành thị,Tốt nghiệp THPT,Khó khăn,Giỏi,81.9,16.6,Có,Đã ôn thi,2.4,Đỗ
Nữ,Thành thị,Tốt nghiệp THPT,Khá giả,Trung bình,61.6,8.2,Không,Đã ôn thi,3.0,Trượt
Nữ,Nông thôn,Đại học,Trung bình,Giỏi,92.4,1.6,Có,Không ôn thi,2.7,Đỗ
Nữ,Thành thị,Đại học,Trung bình,Khá,94.6,12.9,Có,Đã ôn thi,3.9,Đỗ
Nữ,Nông thôn,Chưa tốt nghiệp THPT,Khá giả,Trung bình,93.1,15.0,Có,Đã ôn thi,1.8,Đỗ
Nữ,Nông thôn,Cao đẳng,Khá giả,Trung bình,93.0,13.5,Có,Đã ôn thi,3.0,Đỗ
Nam,Nông thôn,Đại học,Khó khăn,Khá,63.0,9.4,Không,Không ôn thi,2.8,Trượt
Nữ,Nông thôn,Cao đẳng,Khó khăn,Trung bình,85.4,10.2,Có,Không ôn thi,2.1,Đỗ
Nam,Thành thị,Đại học,Khá giả,Trung bình,64.0,0.0,Có,Đã ôn thi,2.6,Trượt
Nữ,Nông thôn,Tốt nghiệp THPT,Trung bình,Trung bình,82.1,9.6,Có,Đã ôn thi,0.0,Đỗ
Nam,Thành thị,Chưa tốt nghiệp THPT,Khá giả,Khá,71.0,7.1,Không,Đã ôn thi,4.8,Đỗ
Nữ,Thành thị,Tốt nghiệp THPT,Khó khăn,Trung bình,74.1,8.9,Không,Không ôn thi,0.8,Trượt
Nam,Thành thị,Tốt nghiệp THPT,Trung bình,Trung bình,92.8,8.9,Không,Đã ôn thi,2.2,Đỗ
Nữ,Thành thị,Cao đẳng,Khó khăn,Giỏi,72.3,1.1,Có,Không ôn thi,6.4,Trượt
Nam,Nông thôn,Đại học,Trung bình,Yếu,80.6,10.9,Không,Không ôn thi,2.3,Trượt
Nam,Nông thôn,Cao đẳng,Khó khăn,Giỏi,89.7,0.9,Có,Đã ôn thi,8.2,Đỗ
Nữ,Nông thôn,Tốt nghiệp THPT,Khó khăn,Khá,80.9,7.2,Không,Đã ôn thi,2.9,Đỗ
Nam,Thành thị,Chưa tốt nghiệp THPT,Khó khăn,Giỏi,100.0,1.6,Không,Đã ôn thi,5.7,Trượt
Nữ,Nông thôn,Thạc sĩ,Trung bình,Khá,95.4,8.1,Không,Đã ôn thi,3.6,Đỗ
Nữ,Nông thôn,Đại học,Khó khăn,Trung bình,94.9,10.9,Có,Không ôn thi,3.8,Đỗ
Nam,Thành thị,Đại học,Trung bình,Khá,86.6,0.0,Không,Không ôn thi,4.4,Trượt
Nam,Thành thị,Chưa tốt nghiệp THPT,Trung bình,Khá,88.2,6.4,Có,Đã ôn thi,2.0,Đỗ
Nam,Thành thị,Đại học,Trung bình,Khá,100.0,7.4,Không,Không ôn thi,4.2,Trượt
Nam,Nông thôn,Cao đẳng,Trung bình,Trung bình,93.4,2.0,Có,Không ôn thi,4.1,Trượt
Nữ,Nông thôn,Tốt nghiệp THPT,Trung bình,Trung bình,91.3,10.5,Có,Đã ôn thi,6.3,Trượt
Nam,Nông thôn,Tốt nghiệp THPT,Khó khăn,Khá,86.7,2.4,Có,Đã ôn thi,6.2,Trượt
Nam,Thành thị,Đại học,Trung bình,Khá,88.4,8.3,Có,Đã ôn thi,3.4,Đỗ
Nữ,Nông thôn,Chưa tốt nghiệp THPT,Trung bình,Khá,80.3,10.4,Không,Không ôn thi,4.6,Đỗ
Nam,Thành thị,Tốt nghiệp THPT,Trung bình,Khá,81.4,9.5,Có,Không ôn thi,7.1,Đỗ
Nam,Thành thị,Đại học,Khá giả,Yếu,91.0,9.4,Không,Đã ôn thi,3.4,Trượt
Nữ,Thành thị,Chưa tốt nghiệp THPT,Trung bình,Khá,84.7,12.0,Có,Đã ôn thi,5.7,Đỗ
Nam,Thành thị,Tốt nghiệp THPT,Khó khăn,Giỏi,77.8,12.9,Không,Đã ôn thi,4.1,Đỗ
Nữ,Thành thị,Tốt nghiệp THPT,Trung bình,Trung bình,74.7,14.7,Có,Không ôn thi,2.5,Trượt
Nam,Thành thị,Chưa tốt nghiệp THPT,Trung bình,Khá,81.9,7.7,Không,Đã ôn thi,0.9,Trượt
Nữ,Thành thị,Chưa tốt nghiệp THPT,Khá giả,Trung bình,98.4,4.5,Có,Không ôn thi,4.3,Đỗ
Nữ,Thành thị,Chưa tốt nghiệp THPT,Trung bình,Trung bình,86.8,0.0,Có,Đã ôn thi,3.8,Trượt
Nam,Thành thị,Tốt nghiệp THPT,Trung bình,Khá,74.7,11.7,Có,Không ôn thi,1.5,Đỗ
Nữ,Nông thôn,Đại học,Khá giả,Trung bình,93.4,10.2,Có,Đã ôn thi,4.1,Đỗ
Nam,Thành thị,Tốt nghiệp THPT,Trung bình,Trung bình,84.3,2.5,Không,Không ôn thi,4.2,Trượt
Nam,Nông thôn,Thạc sĩ,Trung bình,Yếu,84.3,3.2,Có,Không ôn thi,8.1,Trượt
Nam,Thành thị,Tốt nghiệp THPT,Trung bình,Khá,91.4,7.1,Có,Đã ôn thi,3.9,Đỗ
Nam,Thành thị,Chưa tốt nghiệp THPT,Khá giả,Trung bình,99.5,8.1,Không,Đã ôn thi,1.7,Trượt
Nam,Nông thôn,Tốt nghiệp THPT,Khá giả,Giỏi,100.0,11.5,Có,Đã ôn thi,3.7,Đỗ
Nam,Thành thị,Thạc sĩ,Trung bình,Trung bình,77.5,6.6,Có,Không ôn thi,1.0,Trượt
Nam,Nông thôn,Chưa tốt nghiệp THPT,Khó khăn,Khá,82.1,9.4,Có,Đã ôn thi,4.6,Đỗ
Nữ,Thành thị,Cao đẳng,Khá giả,Trung bình,75.7,8.7,Không,Không ôn thi,6.3,Trượt
Nữ,Thành thị,Chưa tốt nghiệp THPT,Trung bình,Trung bình,86.0,20.8,Có,Đã ôn thi,2.4,Đỗ
Nam,Thành thị,Thạc sĩ,Trung bình,Giỏi,77.1,17.6,Không,Đã ôn thi,5.8,Đỗ
Nữ,Nông thôn,Chưa tốt nghiệp THPT,Khá giả,Giỏi,100.0,2.4,Có,Không ôn thi,4.9,Đỗ
Nữ,Thành thị,Đại học,Khó khăn,Trung bình,62.2,0.0,Có,Không ôn thi,1.5,Trượt
Nữ,Nông thôn,Tốt nghiệp THPT,Trung bình,Khá,83.4,4.6,Không,Không ôn thi,3.3,Đỗ
Nam,Thành thị,Chưa tốt nghiệp THPT,Trung bình,Khá,83.0,0.0,Có,Không ôn thi,3.6,Trượt
Nam,Thành thị,Đại học,Trung bình,Yếu,87.1,12.8,Có,Đã ôn thi,3.5,Đỗ
Nam,Nông thôn,Đại học,Trung bình,Trung bình,66.5,4.6,Có,Đã ôn thi,3.3,Trượt
Nữ,Nông thôn,Đại học,Khó khăn,Trung bình,85.8,3.6,Có,Không ôn thi,5.0,Trượt
Nữ,Thành thị,Cao đẳng,Trung bình,Giỏi,84.3,10.4,Có,Không ôn thi,3.5,Đỗ
Nữ,Thành thị,Cao đẳng,Trung bình,Trung bình,81.0,12.2,Không,Đã ôn thi,6.1,Trượt
Nam,Nông thôn,Đại học,Trung bình,Trung bình,83.4,13.7,Không,Đã ôn thi,2.0,Đỗ
Nam,Thành thị,Tốt nghiệp THPT,Khá giả,Yếu,68.7,13.8,Không,Không ôn thi,1.4,Trượt
Nam,Thành thị,Cao đẳng,Khó khăn,Trung bình,83.5,4.5,Có,Đã ôn thi,3.4,Trượt
Nam,Nông thôn,Tốt nghiệp THPT,Khá giả,Khá,91.3,7.6,Có,Không ôn thi,5.7,Đỗ
Nữ,Nông thôn,Thạc sĩ,Khó khăn,Khá,95.0,0.0,Không,Đã ôn thi,3.0,Đỗ
Nữ,Thành thị,Đại học,Trung bình,Giỏi,89.8,1.1,Có,Không ôn thi,4.5,Trượt
Nam,Thành thị,Chưa tốt nghiệp THPT,Khó khăn,Yếu,81.0,4.9,Không,Đã ôn thi,3.7,Trượt
Nam,Nông thôn,Tốt nghiệp THPT,Khó khăn,Trung bình,100.0,5.1,Có,Đã ôn thi,4.6,Trượt
Nữ,Nông thôn,Cao đẳng,Khó khăn,Trung bình,100.0,2.7,Có,Không ôn thi,0.9,Trượt
Nữ,Thành thị,Đại học,Khó khăn,Trung bình,77.7,10.9,Không,Đã ôn thi,8.0,Trượt
Nữ,Nông thôn,Tốt nghiệp THPT,Trung bình,Khá,81.3,8.7,Có,Đã ôn thi,4.0,Đỗ
Nam,Thành thị,Tốt nghiệp THPT,Trung bình,Trung bình,98.8,6.4,Có,Không ôn thi,4.4,Trượt
Nữ,Nông thôn,Thạc sĩ,Trung bình,Khá,90.3,8.8,Không,Đã ôn thi,5.5,Đỗ
Nữ,Nông thôn,Cao đẳng,Trung bình,Khá,75.4,18.3,Không,Không ôn thi,5.0,Đỗ
Nữ,Thành thị,Đại học,Khá giả,Giỏi,93.2,4.0,Có,Đã ôn thi,3.4,Đỗ
Nữ,Nông thôn,Cao đẳng,Khá giả,Trung bình,76.5,14.3,Không,Đã ôn thi,3.6,Trượt
Nam,Thành thị,Chưa tốt nghiệp THPT,Trung bình,Giỏi,82.8,12.4,Không,Không ôn thi,4.2,Đỗ
Nữ,Nông thôn,Đại học,Trung bình,Khá,89.6,15.0,Không,Đã ôn thi,2.4,Đỗ
Nam,Nông thôn,Chưa tốt nghiệp THPT,Khá giả,Giỏi,54.4,6.8,Có,Không ôn thi,3.0,Trượt
Nam,Nông thôn,Cao đẳng,Trung bình,Trung bình,67.8,22.5,Không,Đã ôn thi,4.4,Đỗ
Nam,Thành thị,Cao đẳng,Khá giả,Trung bình,99.4,8.1,Có,Không ôn thi,2.5,Đỗ
Nam,Thành thị,Tốt nghiệp THPT,Trung bình,Giỏi,91.7,17.2,Không,Đã ôn thi,4.6,Đỗ
Nữ,Nông thôn,Chưa tốt nghiệp THPT,Trung bình,Khá,75.3,11.1,Không,Không ôn thi,2.5,Trượt
Nam,Thành thị,Đại học,Trung bình,Yếu,81.0,14.3,Không,Đã ôn thi,3.9,Đỗ
Nữ,Thành thị,Cao đẳng,Trung bình,Khá,100.0,10.0,Không,Đã ôn thi,5.6,Đỗ
Nam,Nông thôn,Thạc sĩ,Trung bình,Trung bình,100.0,3.2,Có,Không ôn thi,3.7,Đỗ
Nữ,Thành thị,Cao đẳng,Trung bình,Khá,77.4,13.8,Không,Không ôn thi,3.0,Đỗ
Nữ,Thành thị,Đại học,Trung bình,Trung bình,71.6,17.6,Không,Đã ôn thi,3.1,Đỗ
Nữ,Nông thôn,Tốt nghiệp THPT,Trung bình,Trung bình,84.0,9.5,Có,Đã ôn thi,1.3,Đỗ
Nữ,Thành thị,Tốt nghiệp THPT,Khá giả,Trung bình,87.0,12.6,Có,Đã ôn thi,2.0,Đỗ
Nữ,Thành thị,Tốt nghiệp THPT,Trung bình,Giỏi,63.5,6.2,Không,Đã ôn thi,3.3,Đỗ
Nữ,Nông thôn,Chưa tốt nghiệp THPT,Trung bình,Khá,84.0,9.4,Có,Đã ôn thi,0.7,Đỗ
Nam,Nông thôn,Cao đẳng,Trung bình,Giỏi,97.8,15.4,Có,Đã ôn thi,3.2,Đỗ
Nam,Nông thôn,Đại học,Khó khăn,Khá,86.6,8.1,Có,Đã ôn thi,3.7,Đỗ
Nữ,Thành thị,Tốt nghiệp THPT,Trung bình,Khá,82.8,11.9,Không,Đã ôn thi,2.6,Đỗ
Nam,Nông thôn,Đại học,Khá giả,Trung bình,86.1,4.3,Có,Đã ôn thi,5.6,Đỗ
Nữ,Nông thôn,Chưa tốt nghiệp THPT,Khá giả,Giỏi,83.2,16.3,Không,Không ôn thi,2.2,Đỗ
Nam,Nông thôn,Tốt nghiệp THPT,Khá giả,Yếu,85.7,13.1,Có,Đã ôn thi,3.9,Đỗ
Nữ,Thành thị,Đại học,Trung bình,Giỏi,98.4,0.0,Không,Không ôn thi,2.3,Đỗ
Nam,Thành thị,Tốt nghiệp THPT,Trung bình,Khá,81.7,13.5,Không,Đã ôn thi,2.8,Đỗ
Nữ,Nông thôn,Đại học,Khá giả,Trung bình,88.9,11.0,Không,Không ôn thi,1.0,Đỗ
Nam,Thành thị,Thạc sĩ,Trung bình,Giỏi,70.2,0.0,Có,Đã ôn thi,6.5,Trượt
Nam,Nông thôn,Cao đẳng,Khó khăn,Trung bình,82.9,23.1,Không,Đã ôn thi,4.2,Đỗ
Nam,Nông thôn,Tốt nghiệp THPT,Khó khăn,Giỏi,80.7,10.6,Có,Đã ôn thi,3.8,Đỗ
Nam,Nông thôn,Thạc sĩ,Khá giả,Giỏi,78.1,7.2,Có,Đã ôn thi,0.0,Đỗ
Nữ,Nông thôn,Đại học,Trung bình,Trung bình,95.0,16.5,Không,Không ôn thi,2.7,Đỗ
Nam,Nông thôn,Tốt nghiệp THPT,Khá giả,Trung bình,100.0,15.6,Có,Không ôn thi,4.4,Đỗ
Nam,Thành thị,Tốt nghiệp THPT,Khó khăn,Khá,99.0,6.6,Không,Đã ôn thi,4.1,Đỗ
Nam,Thành thị,Cao đẳng,Khó khăn,Yếu,91.1,8.8,Không,Không ôn thi,1.8,Trượt
Nam,Thành thị,Tốt nghiệp THPT,Trung bình,Trung bình,94.8,5.3,Có,Đã ôn thi,3.1,Đỗ
Nữ,Nông thôn,Tốt nghiệp THPT,Khó khăn,Khá,77.8,16.3,Có,Không ôn thi,3.9,Đỗ
Nam,Thành thị,Tốt nghiệp THPT,Khá giả,Khá,97.0,10.6,Có,Không ôn thi,3.7,Đỗ
Nam,Thành thị,Tốt nghiệp THPT,Trung bình,Khá,75.2,5.5,Không,Đã ôn thi,7.4,Trượt
Nữ,Thành thị,Tốt nghiệp THPT,Khó khăn,Giỏi,91.1,12.0,Không,Đã ôn thi,5.1,Đỗ
Nữ,Thành thị,Tốt nghiệp THPT,Trung bình,Khá,77.4,9.8,Có,Đã ôn thi,1.8,Đỗ
Nữ,Thành thị,Đại học,Trung bình,Trung bình,78.7,15.7,Không,Đã ôn thi,3.0,Đỗ
Nữ,Nông thôn,Đại học,Trung bình,Trung bình,78.0,0.0,Không,Đã ôn thi,3.9,Đỗ
Nữ,Nông thôn,Chưa tốt nghiệp THPT,Khó khăn,Trung bình,100.0,11.8,Có,Đã ôn thi,5.2,Trượt
Nam,Nông thôn,Tốt nghiệp THPT,Trung bình,Yếu,96.6,0.0,Không,Đã ôn thi,1.4,Trượt
Nữ,Nông thôn,Cao đẳng,Trung bình,Giỏi,85.4,5.6,Có,Đã ôn thi,2.1,Đỗ
Nam,Thành thị,Chưa tốt nghiệp THPT,Trung bình,Giỏi,88.5,0.4,Có,Đã ôn thi,6.4,Đỗ
Nam,Thành thị,Đại học,Khó khăn,Trung bình,77.0,14.7,Không,Không ôn thi,4.3,Đỗ
Nữ,Nông thôn,Tốt nghiệp THPT,Trung bình,Trung bình,96.5,5.0,Không,Không ôn thi,5.5,Trượt
Nam,Thành thị,Chưa tốt nghiệp THPT,Khá giả,Trung bình,100.0,11.4,Có,Đã ôn thi,1.6,Đỗ
Nam,Thành thị,Chưa tốt nghiệp THPT,Trung bình,Khá,71.2,6.9,Có,Không ôn thi,3.0,Trượt
Nam,Nông thôn,Tốt nghiệp THPT,Khó khăn,Trung bình,98.3,7.6,Có,Đã ôn thi,4.9,Đỗ
Nam,Nông thôn,Tốt nghiệp THPT,Trung bình,Khá,80.5,5.8,Không,Đã ôn thi,4.0,Đỗ
Nữ,Nông thôn,Đại học,Trung bình,Trung bình,59.5,0.0,Không,Đã ôn thi,2.9,Trượt
Nam,Thành thị,Đại học,Khó khăn,Khá,54.6,15.8,Không,Không ôn thi,4.4,Đỗ
Nữ,Thành thị,Tốt nghiệp THPT,Khó khăn,Trung bình,84.4,9.7,Không,Không ôn thi,2.9,Trượt
Nữ,Nông thôn,Đại học,Khó khăn,Trung bình,86.9,0.0,Không,Đã ôn thi,2.0,Trượt
Nam,Thành thị,Chưa tốt nghiệp THPT,Khó khăn,Trung bình,75.1,3.2,Có,Không ôn thi,1.8,Trượt
Nam,Thành thị,Tốt nghiệp THPT,Khá giả,Yếu,82.8,3.9,Có,Đã ôn thi,2.4,Trượt
Nam,Nông thôn,Chưa tốt nghiệp THPT,Trung bình,Khá,92.1,13.7,Có,Không ôn thi,4.6,Đỗ
Nữ,Thành thị,Đại học,Khó khăn,Trung bình,64.0,9.2,Có,Đã ôn thi,3.9,Trượt
Nữ,Thành thị,Cao đẳng,Trung bình,Khá,81.9,11.9,Có,Đã ôn thi,2.2,Đỗ
Nam,Thành thị,Cao đẳng,Khá giả,Yếu,80.9,3.3,Không,Không ôn thi,4.0,Trượt
Nam,Thành thị,Tốt nghiệp THPT,Khó khăn,Trung bình,69.2,15.9,Có,Không ôn thi,2.5,Trượt
Nam,Thành thị,Tốt nghiệp THPT,Trung bình,Trung bình,86.7,7.6,Không,Không ôn thi,2.9,Trượt
Nữ,Nông thôn,Tốt nghiệp THPT,Trung bình,Khá,85.0,9.5,Không,Không ôn thi,3.7,Đỗ
Nam,Nông thôn,Chưa tốt nghiệp THPT,Trung bình,Giỏi,90.2,6.7,Không,Đã ôn thi,2.8,Đỗ
Nam,Thành thị,Chưa tốt nghiệp THPT,Trung bình,Trung bình,85.7,5.6,Không,Đã ôn thi,4.8,Trượt
Nam,Thành thị,Tốt nghiệp THPT,Trung bình,Khá,62.5,4.4,Có,Đã ôn thi,3.6,Trượt
Nữ,Thành thị,Đại học,Trung bình,Khá,98.1,3.9,Không,Không ôn thi,5.6,Đỗ
Nữ,Thành thị,Đại học,Khó khăn,Khá,100.0,2.3,Có,Không ôn thi,3.6,Đỗ
Nam,Nông thôn,Tốt nghiệp THPT,Khó khăn,Trung bình,78.6,4.3,Có,Không ôn thi,3.2,Trượt
Nam,Nông thôn,Tốt nghiệp THPT,Khá giả,Giỏi,58.4,6.3,Có,Không ôn thi,4.9,Trượt
Nam,Thành thị,Đại học,Khá giả,Khá,83.0,14.7,Không,Đã ôn thi,3.6,Đỗ
Nam,Thành thị,Cao đẳng,Trung bình,Khá,83.0,5.2,Không,Đã ôn thi,5.6,Đỗ
Nữ,Thành thị,Thạc sĩ,Trung bình,Khá,93.6,9.8,Không,Đã ôn thi,0.9,Đỗ
Nữ,Thành thị,Đại học,Khó khăn,Trung bình,86.2,4.0,Có,Đã ôn thi,4.1,Trượt
Nam,Nông thôn,Tốt nghiệp THPT,Trung bình,Trung bình,78.9,25.9,Có,Không ôn thi,1.6,Đỗ
Nữ,Nông thôn,Đại học,Trung bình,Giỏi,76.0,6.6,Không,Đã ôn thi,2.5,Đỗ
Nữ,Thành thị,Chưa tốt nghiệp THPT,Khá giả,Trung bình,100.0,5.7,Không,Đã ôn thi,4.5,Trượt
Nữ,Thành thị,Đại học,Trung bình,Khá,77.1,4.6,Không,Đã ôn thi,5.8,Trượt
Nữ,Nông thôn,Tốt nghiệp THPT,Trung bình,Khá,58.5,8.7,Không,Không ôn thi,2.0,Trượt
Nữ,Nông thôn,Đại học,Trung bình,Trung bình,83.7,17.9,Có,Đã ôn thi,4.5,Đỗ
Nam,Thành thị,Thạc sĩ,Trung bình,Trung bình,74.1,5.4,Có,Không ôn thi,0.0,Trượt
Nữ,Nông thôn,Chưa tốt nghiệp THPT,Trung bình,Trung bình,70.0,17.7,Không,Đã ôn thi,5.4,Đỗ
Nữ,Nông thôn,Đại học,Khá giả,Giỏi,100.0,7.6,Có,Đã ôn thi,2.8,Đỗ
Nữ,Nông thôn,Chưa tốt nghiệp THPT,Khá giả,Trung bình,94.4,0.0,Có,Đã ôn thi,3.7,Trượt
Nam,Nông thôn,Tốt nghiệp THPT,Khá giả,Khá,97.1,16.0,Có,Không ôn thi,4.2,Đỗ
Nam,Thành thị,Chưa tốt nghiệp THPT,Khá giả,Khá,99.2,6.7,Có,Không ôn thi,3.4,Đỗ
Nữ,Nông thôn,Thạc sĩ,Khá giả,Giỏi,85.0,9.1,Không,Đã ôn thi,3.0,Đỗ
Nữ,Thành thị,Cao đẳng,Khá giả,Trung bình,96.6,12.4,Không,Không ôn thi,1.6,Đỗ
Nam,Thành thị,Cao đẳng,Trung bình,Khá,75.7,8.7,Không,Đã ôn thi,3.3,Đỗ
Nữ,Thành thị,Đại học,Trung bình,Yếu,77.6,2.1,Không,Không ôn thi,4.1,Trượt
Nam,Nông thôn,Tốt nghiệp THPT,Khó khăn,Khá,70.4,19.6,Không,Đã ôn thi,3.5,Trượt
Nam,Nông thôn,Tốt nghiệp THPT,Trung bình,Trung bình,68.2,5.0,Không,Đã ôn thi,4.4,Trượt
Nữ,Thành thị,Chưa tốt nghiệp THPT,Khá giả,Giỏi,98.5,12.4,Có,Không ôn thi,5.5,Đỗ
Nữ,Nông thôn,Đại học,Khó khăn,Khá,81.1,10.0,Có,Đã ôn thi,1.0,Đỗ
Nữ,Thành thị,Chưa tốt nghiệp THPT,Trung bình,Trung bình,100.0,15.7,Không,Không ôn thi,3.4,Trượt
Nữ,Thành thị,Tốt nghiệp THPT,Trung bình,Trung bình,78.8,7.8,Có,Đã ôn thi,5.5,Đỗ
Nam,Thành thị,Tốt nghiệp THPT,Trung bình,Khá,83.9,7.5,Có,Đã ôn thi,6.1,Trượt
Nam,Thành thị,Chưa tốt nghiệp THPT,Trung bình,Giỏi,83.6,6.8,Không,Không ôn thi,2.2,Đỗ
Nam,Nông thôn,Cao đẳng,Trung bình,Khá,70.5,7.9,Không,Không ôn thi,6.3,Trượt
Nam,Thành thị,Đại học,Khá giả,Trung bình,60.0,9.8,Không,Không ôn thi,6.4,Trượt
Nam,Thành thị,Đại học,Khá giả,Trung bình,78.9,14.3,Không,Không ôn thi,4.9,Trượt
Nữ,Nông thôn,Chưa tốt nghiệp THPT,Khá giả,Khá,100.0,13.2,Có,Đã ôn thi,0.0,Đỗ
Nam,Nông thôn,Tốt nghiệp THPT,Khó khăn,Khá,100.0,4.7,Có,Đã ôn thi,2.5,Đỗ
Nữ,Nông thôn,Tốt nghiệp THPT,Khó khăn,Khá,96.7,4.0,Không,Đã ôn thi,2.5,Đỗ
Nam,Nông thôn,Cao đẳng,Trung bình,Giỏi,75.3,0.0,Có,Không ôn thi,2.2,Đỗ
Nam,Thành thị,Đại học,Trung bình,Giỏi,81.2,6.8,Không,Không ôn thi,5.5,Đỗ
Nữ,Nông thôn,Thạc sĩ,Trung bình,Giỏi,65.6,11.3,Có,Đã ôn thi,2.5,Đỗ
Nam,Nông thôn,Chưa tốt nghiệp THPT,Trung bình,Trung bình,100.0,10.3,Có,Đã ôn thi,3.5,Đỗ
Nam,Thành thị,Đại học,Khó khăn,Trung bình,77.4,22.6,Không,Không ôn thi,2.9,Đỗ
Nam,Thành thị,Cao đẳng,Trung bình,Khá,85.6,4.3,Có,Đã ôn thi,4.3,Đỗ
Nữ,Nông thôn,Tốt nghiệp THPT,Khá giả,Trung bình,58.7,9.0,Có,Đã ôn thi,2.6,Trượt
Nam,Thành thị,Tốt nghiệp THPT,Trung bình,Trung bình,70.7,9.4,Không,Đã ôn thi,1.5,Trượt
Nam,Nông thôn,Tốt nghiệp THPT,Khó khăn,Trung bình,69.8,17.2,Không,Đã ôn thi,3.3,Đỗ
Nữ,Thành thị,Đại học,Trung bình,Khá,90.8,7.2,Có,Đã ôn thi,3.7,Đỗ
Nam,Nông thôn,Tốt nghiệp THPT,Khó khăn,Giỏi,80.8,4.3,Có,Không ôn thi,1.0,Đỗ
Nam,Thành thị,Tốt nghiệp THPT,Khá giả,Giỏi,99.4,6.6,Không,Đã ôn thi,2.9,Đỗ
Nữ,Nông thôn,Tốt nghiệp THPT,Khá giả,Trung bình,81.1,8.7,Có,Đã ôn thi,3.1,Trượt
Nữ,Nông thôn,Tốt nghiệp THPT,Khó khăn,Khá,83.8,11.8,Có,Không ôn thi,2.5,Đỗ
Nữ,Nông thôn,Tốt nghiệp THPT,Trung bình,Giỏi,96.5,6.8,Không,Đã ôn thi,0.5,Đỗ
Nam,Thành thị,Chưa tốt nghiệp THPT,Khó khăn,Khá,87.9,18.6,Không,Đã ôn thi,1.9,Đỗ
Nam,Thành thị,Đại học,Khá giả,Trung bình,100.0,5.3,Không,Đã ôn thi,4.6,Trượt
Nam,Nông thôn,Tốt nghiệp THPT,Trung bình,Giỏi,67.1,8.2,Không,Không ôn thi,1.0,Đỗ
Nữ,Thành thị,Đại học,Trung bình,Khá,74.9,0.0,Có,Không ôn thi,6.7,Trượt
Nữ,Nông thôn,Tốt nghiệp THPT,Trung bình,Trung bình,63.4,13.3,Không,Không ôn thi,3.7,Trượt
Nam,Nông thôn,Tốt nghiệp THPT,Trung bình,Trung bình,85.2,3.4,Có,Đã ôn thi,4.1,Trượt
Nam,Nông thôn,Chưa tốt nghiệp THPT,Khá giả,Giỏi,70.6,14.9,Có,Đã ôn thi,4.4,Đỗ
Nam,Nông thôn,Tốt nghiệp THPT,Trung bình,Trung bình,80.4,10.7,Không,Không ôn thi,4.3,Trượt
Nam,Nông thôn,Đại học,Khá giả,Khá,86.4,15.7,Không,Không ôn thi,3.4,Đỗ
Nữ,Nông thôn,Tốt nghiệp THPT,Trung bình,Trung bình,100.0,12.9,Có,Không ôn thi,5.0,Trượt
Nam,Thành thị,Tốt nghiệp THPT,Khá giả,Trung bình,78.8,15.4,Không,Không ôn thi,3.2,Trượt
Nam,Thành thị,Đại học,Khó khăn,Trung bình,80.8,6.1,Không,Đã ôn thi,3.5,Đỗ
Nam,Nông thôn,Chưa tốt nghiệp THPT,Khá giả,Khá,100.0,9.1,Có,Đã ôn thi,2.5,Đỗ
Nam,Nông thôn,Tốt nghiệp THPT,Khá giả,Trung bình,74.7,17.4,Có,Không ôn thi,3.4,Đỗ
Nữ,Thành thị,Tốt nghiệp THPT,Khó khăn,Khá,92.9,4.1,Không,Đã ôn thi,1.1,Đỗ
Nam,Nông thôn,Tốt nghiệp THPT,Khá giả,Trung bình,88.9,9.1,Có,Không ôn thi,3.9,Trượt
Nữ,Nông thôn,Cao đẳng,Trung bình,Trung bình,94.3,23.0,Không,Không ôn thi,5.1,Đỗ
Nam,Nông thôn,Đại học,Trung bình,Khá,83.2,12.4,Không,Đã ôn thi,4.9,Đỗ
Nam,Nông thôn,Chưa tốt nghiệp THPT,Khó khăn,Khá,92.5,10.0,Có,Đã ôn thi,2.4,Đỗ
Nữ,Nông thôn,Cao đẳng,Khá giả,Trung bình,93.1,7.4,Không,Không ôn thi,3.3,Đỗ
Nam,Nông thôn,Cao đẳng,Trung bình,Trung bình,82.7,18.5,Có,Không ôn thi,5.7,Đỗ
Nam,Thành thị,Thạc sĩ,Khá giả,Trung bình,56.2,13.7,Không,Đã ôn thi,4.1,Trượt
Nam,Thành thị,Tốt nghiệp THPT,Trung bình,Trung bình,89.5,13.4,Không,Đã ôn thi,2.4,Đỗ
Nữ,Thành thị,Đại học,Trung bình,Trung bình,81.7,18.0,Có,Đã ôn thi,1.5,Đỗ
Nam,Nông thôn,Đại học,Khá giả,Khá,94.1,7.7,Có,Đã ôn thi,4.3,Đỗ
Nam,Thành thị,Đại học,Trung bình,Trung bình,76.9,7.0,Có,Đã ôn thi,5.4,Trượt
Nữ,Thành thị,Cao đẳng,Trung bình,Khá,86.0,12.7,Có,Đã ôn thi,1.7,Đỗ
Nữ,Thành thị,Cao đẳng,Trung bình,Yếu,98.7,5.0,Có,Không ôn thi,4.4,Trượt
Nam,Nông thôn,Tốt nghiệp THPT,Trung bình,Trung bình,57.3,14.1,Không,Không ôn thi,3.2,Trượt
Nam,Nông thôn,Cao đẳng,Khá giả,Giỏi,80.8,13.2,Không,Đã ôn thi,4.9,Đỗ
Nam,Thành thị,Cao đẳng,Khá giả,Khá,76.0,7.3,Có,Không ôn thi,5.8,Đỗ
Nữ,Thành thị,Cao đẳng,Khá giả,Khá,87.2,10.2,Có,Không ôn thi,4.7,Đỗ
Nữ,Thành thị,Tốt nghiệp THPT,Trung bình,Trung bình,70.6,11.1,Có,Đã ôn thi,0.0,Đỗ
Nam,Thành thị,Tốt nghiệp THPT,Khá giả,Trung bình,75.1,9.4,Có,Không ôn thi,3.4,Đỗ
Nữ,Nông thôn,Chưa tốt nghiệp THPT,Trung bình,Khá,68.1,15.8,Không,Không ôn thi,4.1,Trượt
Nam,Nông thôn,Cao đẳng,Trung bình,Giỏi,71.8,3.4,Không,Đã ôn thi,5.4,Đỗ
Nam,Thành thị,Đại học,Trung bình,Khá,83.9,8.6,Không,Không ôn thi,0.0,Đỗ
Nữ,Thành thị,Tốt nghiệp THPT,Trung bình,Giỏi,100.0,14.9,Không,Không ôn thi,9.4,Đỗ
Nam,Nông thôn,Đại học,Trung bình,Yếu,91.2,9.0,Có,Đã ôn thi,5.3,Đỗ
Nam,Thành thị,Thạc sĩ,Trung bình,Trung bình,86.6,2.0,Không,Đã ôn thi,5.8,Trượt
Nữ,Thành thị,Chưa tốt nghiệp THPT,Trung bình,Yếu,87.9,14.7,Có,Đã ôn thi,3.6,Đỗ
Nữ,Thành thị,Chưa tốt nghiệp THPT,Khó khăn,Giỏi,56.5,14.7,Không,Đã ôn thi,3.5,Đỗ
Nữ,Thành thị,Đại học,Khá giả,Trung bình,97.7,8.1,Không,Không ôn thi,1.0,Trượt
Nam,Nông thôn,Đại học,Trung bình,Trung bình,73.6,10.6,Có,Đã ôn thi,5.8,Trượt
Nam,Thành thị,Tốt nghiệp THPT,Khó khăn,Trung bình,86.7,8.8,Không,Đã ôn thi,5.3,Trượt
Nữ,Nông thôn,Tốt nghiệp THPT,Trung bình,Yếu,84.5,8.9,Không,Đã ôn thi,3.4,Trượt
Nữ,Nông thôn,Cao đẳng,Trung bình,Khá,91.8,0.7,Không,Đã ôn thi,4.3,Đỗ
Nam,Thành thị,Đại học,Khó khăn,Trung bình,77.9,8.1,Không,Đã ôn thi,2.3,Trượt
Nữ,Thành thị,Đại học,Khó khăn,Trung bình,71.8,7.8,Có,Đã ôn thi,0.0,Đỗ
Nam,Thành thị,Tốt nghiệp THPT,Trung bình,Khá,73.0,6.0,Có,Đã ôn thi,3.5,Trượt
Nữ,Thành thị,Tốt nghiệp THPT,Khó khăn,Trung bình,77.6,9.2,Không,Không ôn thi,4.1,Trượt
Nam,Nông thôn,Chưa tốt nghiệp THPT,Khá giả,Khá,87.6,9.2,Không,Không ôn thi,2.8,Trượt
Nam,Thành thị,Tốt nghiệp THPT,Khó khăn,Khá,89.3,6.0,Có,Đã ôn thi,3.6,Đỗ
Nam,Thành thị,Cao đẳng,Trung bình,Trung bình,92.5,13.4,Không,Đã ôn thi,3.4,Đỗ
Nữ,Nông thôn,Cao đẳng,Khá giả,Yếu,100.0,8.6,Có,Không ôn thi,5.0,Trượt
Nam,Thành thị,Đại học,Khó khăn,Trung bình,85.0,7.5,Có,Không ôn thi,6.1,Trượt
Nữ,Thành thị,Đại học,Khá giả,Yếu,82.9,0.0,Không,Đã ôn thi,2.3,Trượt
Nữ,Nông thôn,Tốt nghiệp THPT,Trung bình,Khá,100.0,7.9,Không,Không ôn thi,2.1,Đỗ
Nữ,Nông thôn,Tốt nghiệp THPT,Trung bình,Giỏi,64.0,1.8,Không,Đã ôn thi,7.9,Trượt
Nam,Nông thôn,Tốt nghiệp THPT,Trung bình,Giỏi,56.4,2.7,Không,Đã ôn thi,2.2,Đỗ
Nữ,Thành thị,Tốt nghiệp THPT,Khó khăn,Khá,87.4,9.1,Có,Đã ôn thi,4.2,Đỗ
Nam,Nông thôn,Cao đẳng,Trung bình,Trung bình,77.5,4.3,Không,Không ôn thi,4.7,Trượt
Nam,Thành thị,Cao đẳng,Trung bình,Khá,84.8,3.6,Không,Không ôn thi,2.8,Trượt
Nữ,Thành thị,Tốt nghiệp THPT,Trung bình,Yếu,86.6,0.0,Không,Đã ôn thi,0.4,Trượt
Nữ,Thành thị,Chưa tốt nghiệp THPT,Trung bình,Giỏi,67.1,13.3,Có,Đã ôn thi,8.4,Đỗ
Nữ,Thành thị,Chưa tốt nghiệp THPT,Trung bình,Trung bình,100.0,2.7,Không,Đã ôn thi,5.0,Trượt
Nam,Thành thị,Đại học,Trung bình,Trung bình,85.1,15.9,Không,Không ôn thi,4.7,Trượt
Nam,Thành thị,Tốt nghiệp THPT,Trung bình,Khá,75.8,14.6,Không,Đã ôn thi,2.5,Đỗ
Nữ,Nông thôn,Tốt nghiệp THPT,Trung bình,Trung bình,69.4,5.5,Không,Không ôn thi,6.8,Trượt
Nam,Nông thôn,Tốt nghiệp THPT,Trung bình,Khá,72.4,17.0,Có,Không ôn thi,3.6,Đỗ
Nam,Nông thôn,Tốt nghiệp THPT,Trung bình,Khá,91.7,3.4,Không,Đã ôn thi,1.8,Đỗ
Nam,Thành thị,Chưa tốt nghiệp THPT,Khá giả,Khá,100.0,10.7,Không,Không ôn thi,0.1,Đỗ
Nữ,Thành thị,Cao đẳng,Trung bình,Yếu,80.3,8.4,Có,Đã ôn thi,3.9,Trượt
Nam,Thành thị,Cao đẳng,Trung bình,Trung bình,91.2,9.5,Không,Đã ôn thi,6.5,Trượt
Nam,Thành thị,Chưa tốt nghiệp THPT,Khá giả,Yếu,98.2,7.2,Có,Đã ôn thi,3.9,Trượt
Nữ,Nông thôn,Đại học,Trung bình,Khá,85.5,17.0,Không,Không ôn thi,2.5,Đỗ
Nữ,Nông thôn,Chưa tốt nghiệp THPT,Khá giả,Khá,85.4,3.1,Không,Không ôn thi,3.0,Đỗ
Nam,Nông thôn,Đại học,Trung bình,Khá,96.5,8.2,Không,Không ôn thi,4.3,Đỗ
Nữ,Nông thôn,Thạc sĩ,Trung bình,Giỏi,72.6,3.6,Có,Đã ôn thi,2.7,Đỗ
Nam,Nông thôn,Chưa tốt nghiệp THPT,Trung bình,Yếu,87.2,5.8,Không,Đã ôn thi,7.0,Trượt
Nam,Thành thị,Cao đẳng,Trung bình,Giỏi,99.0,11.7,Không,Không ôn thi,3.0,Đỗ
Nữ,Nông thôn,Chưa tốt nghiệp THPT,Trung bình,Khá,73.7,6.6,Không,Đã ôn thi,2.7,Đỗ
Nam,Nông thôn,Tốt nghiệp THPT,Trung bình,Khá,89.3,7.0,Có,Không ôn thi,0.0,Đỗ
Nam,Thành thị,Tốt nghiệp THPT,Trung bình,Trung bình,90.7,12.0,Có,Đã ôn thi,1.6,Đỗ
Nữ,Nông thôn,Chưa tốt nghiệp THPT,Khá giả,Giỏi,80.4,3.6,Không,Đã ôn thi,2.5,Đỗ
Nữ,Nông thôn,Tốt nghiệp THPT,Khó khăn,Khá,67.0,11.7,Không,Không ôn thi,3.3,Trượt
Nữ,Thành thị,Cao đẳng,Khá giả,Khá,85.4,1.2,Không,Không ôn thi,1.1,Đỗ
Nam,Thành thị,Đại học,Khó khăn,Khá,74.3,5.1,Không,Đã ôn thi,2.1,Trượt
Nữ,Nông thôn,Thạc sĩ,Khá giả,Khá,82.3,9.6,Có,Đã ôn thi,3.9,Đỗ
Nữ,Nông thôn,Chưa tốt nghiệp THPT,Khó khăn,Khá,90.5,10.2,Có,Đã ôn thi,3.8,Đỗ
Nam,Thành thị,Cao đẳng,Khá giả,Khá,82.3,11.3,Không,Đã ôn thi,2.7,Đỗ
Nam,Thành thị,Tốt nghiệp THPT,Trung bình,Giỏi,93.9,8.0,Có,Không ôn thi,2.3,Đỗ
Nam,Thành thị,Đại học,Khá giả,Trung bình,89.7,4.8,Có,Đã ôn thi,5.5,Trượt
Nam,Nông thôn,Chưa tốt nghiệp THPT,Trung bình,Trung bình,73.5,9.1,Không,Không ôn thi,7.0,Trượt
Nữ,Thành thị,Cao đẳng,Trung bình,Trung bình,79.8,4.5,Không,Đã ôn thi,1.6,Trượt
Nữ,Nông thôn,Tốt nghiệp THPT,Trung bình,Khá,87.2,14.9,Có,Đã ôn thi,1.4,Đỗ
Nữ,Nông thôn,Chưa tốt nghiệp THPT,Khó khăn,Khá,97.1,0.0,Có,Đã ôn thi,1.7,Đỗ
Nam,Thành thị,Chưa tốt nghiệp THPT,Trung bình,Trung bình,64.5,10.1,Có,Đã ôn thi,5.1,Trượt
Nữ,Thành thị,Tốt nghiệp THPT,Trung bình,Khá,84.7,14.9,Có,Đã ôn thi,0.0,Đỗ
Nữ,Thành thị,Tốt nghiệp THPT,Trung bình,Khá,87.0,3.1,Không,Không ôn thi,1.6,Trượt
Nam,Thành thị,Chưa tốt nghiệp THPT,Khó khăn,Khá,83.7,14.4,Không,Không ôn thi,5.1,Trượt
Nữ,Nông thôn,Thạc sĩ,Trung bình,Giỏi,77.8,4.8,Có,Đã ôn thi,3.4,Đỗ
Nam,Nông thôn,Tốt nghiệp THPT,Trung bình,Khá,73.9,8.7,Có,Đã ôn thi,5.0,Đỗ
Nữ,Nông thôn,Đại học,Trung bình,Khá,83.9,12.3,Không,Đã ôn thi,3.1,Đỗ
Nữ,Nông thôn,Thạc sĩ,Khó khăn,Giỏi,80.9,6.3,Có,Đã ôn thi,2.2,Đỗ
Nữ,Nông thôn,Tốt nghiệp THPT,Trung bình,Giỏi,94.8,7.4,Có,Đã ôn thi,2.9,Đỗ
Nam,Nông thôn,Tốt nghiệp THPT,Khá giả,Trung bình,84.0,0.0,Không,Đã ôn thi,1.8,Trượt
Nữ,Thành thị,Cao đẳng,Trung bình,Trung bình,90.4,9.2,Không,Đã ôn thi,4.3,Trượt
Nữ,Thành thị,Tốt nghiệp THPT,Khá giả,Giỏi,97.1,14.8,Không,Không ôn thi,2.6,Đỗ
Nam,Thành thị,Đại học,Trung bình,Giỏi,77.7,11.9,Có,Đã ôn thi,2.4,Đỗ
Nam,Thành thị,Cao đẳng,Khó khăn,Khá,66.2,7.6,Có,Đã ôn thi,3.5,Đỗ
Nam,Thành thị,Tốt nghiệp THPT,Trung bình,Giỏi,86.4,7.1,Có,Không ôn thi,3.7,Đỗ
Nam,Thành thị,Đại học,Trung bình,Khá,72.4,5.8,Không,Đã ôn thi,4.7,Trượt
Nam,Thành thị,Chưa tốt nghiệp THPT,Trung bình,Trung bình,100.0,11.0,Có,Không ôn thi,3.9,Đỗ
Nam,Thành thị,Chưa tốt nghiệp THPT,Khó khăn,Trung bình,99.2,9.3,Không,Đã ôn thi,6.8,Trượt
Nam,Thành thị,Đại học,Khá giả,Trung bình,80.5,19.2,Không,Đã ôn thi,4.2,Đỗ
Nữ,Nông thôn,Chưa tốt nghiệp THPT,Trung bình,Khá,74.6,18.0,Có,Đã ôn thi,5.0,Đỗ
Nam,Nông thôn,Tốt nghiệp THPT,Khó khăn,Trung bình,100.0,22.6,Không,Đã ôn thi,5.6,Đỗ
Nam,Thành thị,Đại học,Trung bình,Khá,88.5,6.1,Có,Đã ôn thi,1.9,Đỗ
Nam,Nông thôn,Tốt nghiệp THPT,Trung bình,Trung bình,89.6,12.0,Có,Đã ôn thi,2.5,Đỗ
Nam,Thành thị,Cao đẳng,Trung bình,Trung bình,66.5,12.9,Có,Đã ôn thi,4.7,Trượt
Nam,Nông thôn,Đại học,Trung bình,Khá,69.2,7.6,Có,Không ôn thi,0.0,Đỗ
Nữ,Thành thị,Cao đẳng,Khá giả,Trung bình,97.8,5.3,Có,Đã ôn thi,5.7,Đỗ
Nữ,Thành thị,Cao đẳng,Khá giả,Khá,76.2,7.4,Có,Không ôn thi,6.9,Đỗ
Nam,Thành thị,Đại học,Trung bình,Giỏi,88.0,8.6,Không,Không ôn thi,4.7,Đỗ
Nữ,Thành thị,Cao đẳng,Trung bình,Giỏi,69.3,12.0,Không,Không ôn thi,4.5,Đỗ
Nữ,Nông thôn,Cao đẳng,Khá giả,Khá,72.5,7.5,Có,Không ôn thi,3.3,Đỗ
Nữ,Thành thị,Cao đẳng,Trung bình,Yếu,82.9,14.3,Không,Đã ôn thi,4.7,Trượt
Nam,Thành thị,Đại học,Khá giả,Trung bình,100.0,5.0,Không,Đã ôn thi,2.1,Đỗ
Nữ,Thành thị,Đại học,Trung bình,Khá,100.0,10.4,Không,Đã ôn thi,3.6,Đỗ
Nữ,Thành thị,Cao đẳng,Trung bình,Trung bình,98.5,12.3,Có,Đã ôn thi,4.3,Đỗ
Nữ,Thành thị,Chưa tốt nghiệp THPT,Trung bình,Trung bình,96.4,12.1,Không,Đã ôn thi,3.3,Đỗ
Nữ,Thành thị,Đại học,Khá giả,Khá,84.9,13.3,Không,Đã ôn thi,4.8,Đỗ
Nam,Thành thị,Đại học,Trung bình,Khá,95.8,19.3,Không,Đã ôn thi,5.1,Đỗ
Nam,Thành thị,Tốt nghiệp THPT,Khó khăn,Trung bình,90.6,0.0,Có,Đã ôn thi,0.9,Trượt
Nữ,Thành thị,Cao đẳng,Trung bình,Giỏi,93.3,18.6,Không,Không ôn thi,5.4,Đỗ
Nam,Thành thị,Thạc sĩ,Trung bình,Trung bình,80.2,13.1,Có,Đã ôn thi,4.4,Trượt
Nữ,Nông thôn,Tốt nghiệp THPT,Khá giả,Trung bình,77.7,14.8,Không,Không ôn thi,3.0,Trượt
Nữ,Thành thị,Tốt nghiệp THPT,Trung bình,Khá,54.7,11.9,Không,Không ôn thi,2.2,Đỗ
Nữ,Thành thị,Tốt nghiệp THPT,Trung bình,Khá,83.6,12.6,Có,Đã ôn thi,5.5,Đỗ
Nam,Nông thôn,Đại học,Khá giả,Trung bình,100.0,3.9,Không,Đã ôn thi,0.5,Trượt
Nam,Thành thị,Đại học,Trung bình,Yếu,81.9,5.2,Có,Không ôn thi,0.8,Trượt
Nữ,Nông thôn,Tốt nghiệp THPT,Trung bình,Trung bình,100.0,18.9,Không,Đã ôn thi,3.5,Đỗ
Nam,Nông thôn,Thạc sĩ,Trung bình,Trung bình,83.7,6.9,Có,Không ôn thi,3.8,Trượt
Nam,Thành thị,Đại học,Trung bình,Yếu,96.3,5.3,Không,Đã ôn thi,5.3,Trượt
Nữ,Nông thôn,Cao đẳng,Khó khăn,Khá,99.3,9.5,Không,Đã ôn thi,4.8,Đỗ
Nam,Thành thị,Chưa tốt nghiệp THPT,Trung bình,Trung bình,67.7,5.6,Không,Đã ôn thi,4.4,Đỗ
Nữ,Thành thị,Cao đẳng,Khó khăn,Giỏi,73.2,18.9,Có,Đã ôn thi,1.6,Đỗ
Nam,Thành thị,Chưa tốt nghiệp THPT,Trung bình,Trung bình,74.6,13.2,Không,Đã ôn thi,0.9,Trượt
Nam,Nông thôn,Tốt nghiệp THPT,Khá giả,Khá,81.4,5.0,Không,Không ôn thi,5.5,Trượt
Nam,Nông thôn,Cao đẳng,Trung bình,Giỏi,77.4,10.0,Không,Không ôn thi,3.0,Đỗ
Nữ,Thành thị,Đại học,Khá giả,Khá,85.0,15.0,Có,Đã ôn thi,2.3,Đỗ
Nam,Nông thôn,Tốt nghiệp THPT,Khá giả,Trung bình,61.4,10.0,Có,Đã ôn thi,3.0,Trượt
Nữ,Thành thị,Tốt nghiệp THPT,Trung bình,Giỏi,73.4,9.2,Có,Không ôn thi,3.2,Đỗ
Nam,Thành thị,Đại học,Khá giả,Giỏi,77.9,8.4,Có,Không ôn thi,2.4,Đỗ
Nữ,Thành thị,Thạc sĩ,Trung bình,Yếu,89.0,4.8,Có,Đã ôn thi,3.7,Trượt
Nữ,Thành thị,Đại học,Khá giả,Trung bình,90.9,5.6,Không,Đã ôn thi,2.6,Đỗ
Nữ,Thành thị,Chưa tốt nghiệp THPT,Trung bình,Khá,90.6,9.5,Có,Đã ôn thi,4.3,Đỗ
Nam,Nông thôn,Đại học,Khó khăn,Khá,74.2,14.9,Không,Đã ôn thi,6.8,Đỗ
Nữ,Thành thị,Tốt nghiệp THPT,Trung bình,Khá,56.8,5.4,Không,Không ôn thi,4.2,Trượt
Nữ,Thành thị,Chưa tốt nghiệp THPT,Khó khăn,Trung bình,94.9,9.8,Có,Không ôn thi,4.5,Trượt
Nam,Thành thị,Tốt nghiệp THPT,Trung bình,Yếu,97.6,16.4,Có,Không ôn thi,0.6,Đỗ
Nữ,Thành thị,Chưa tốt nghiệp THPT,Trung bình,Trung bình,80.9,0.3,Không,Không ôn thi,0.0,Trượt
Nam,Thành thị,Tốt nghiệp THPT,Khá giả,Giỏi,51.0,9.2,Có,Đã ôn thi,3.9,Đỗ
Nam,Thành thị,Chưa tốt nghiệp THPT,Trung bình,Khá,100.0,0.4,Không,Không ôn thi,1.6,Đỗ
Nữ,Thành thị,Đại học,Khá giả,Giỏi,100.0,0.0,Không,Đã ôn thi,4.5,Đỗ
Nữ,Thành thị,Tốt nghiệp THPT,Khó khăn,Giỏi,74.1,1.9,Không,Đã ôn thi,4.3,Đỗ
Nữ,Thành thị,Tốt nghiệp THPT,Trung bình,Trung bình,86.8,6.5,Không,Không ôn thi,3.7,Trượt
Nữ,Nông thôn,Chưa tốt nghiệp THPT,Khá giả,Yếu,80.4,5.8,Không,Không ôn thi,3.6,Trượt
Nữ,Nông thôn,Đại học,Khá giả,Giỏi,100.0,14.3,Không,Đã ôn thi,1.8,Đỗ
Nữ,Thành thị,Thạc sĩ,Trung bình,Giỏi,100.0,11.0,Không,Đã ôn thi,6.0,Đỗ
Nữ,Nông thôn,Cao đẳng,Trung bình,Giỏi,92.7,3.3,Không,Đã ôn thi,3.1,Đỗ
Nam,Nông thôn,Cao đẳng,Khó khăn,Giỏi,84.6,16.2,Có,Không ôn thi,1.6,Đỗ
Nam,Thành thị,Thạc sĩ,Trung bình,Trung bình,69.3,7.7,Có,Không ôn thi,4.9,Trượt
Nữ,Thành thị,Đại học,Trung bình,Yếu,80.6,12.9,Không,Đã ôn thi,2.0,Trượt
Nam,Thành thị,Đại học,Khó khăn,Trung bình,96.5,17.2,Có,Đã ôn thi,3.1,Đỗ
Nữ,Thành thị,Đại học,Trung bình,Khá,67.6,0.4,Có,Đã ôn thi,4.7,Đỗ
Nữ,Nông thôn,Đại học,Trung bình,Khá,100.0,13.0,Không,Không ôn thi,0.0,Đỗ
Nam,Thành thị,Tốt nghiệp THPT,Trung bình,Trung bình,85.5,16.2,Không,Không ôn thi,1.3,Đỗ
Nữ,Nông thôn,Tốt nghiệp THPT,Khó khăn,Trung bình,95.3,17.6,Không,Không ôn thi,6.7,Trượt
Nam,Thành thị,Đại học,Khó khăn,Trung bình,91.1,3.1,Có,Đã ôn thi,5.5,Trượt
Nữ,Nông thôn,Tốt nghiệp THPT,Trung bình,Trung bình,68.1,5.5,Không,Không ôn thi,4.2,Trượt
Nữ,Nông thôn,Cao đẳng,Khá giả,Trung bình,100.0,0.0,Không,Đã ôn thi,0.1,Đỗ
Nữ,Thành thị,Chưa tốt nghiệp THPT,Khá giả,Khá,50.2,12.5,Không,Không ôn thi,5.2,Đỗ
Nữ,Thành thị,Cao đẳng,Trung bình,Giỏi,78.7,4.5,Không,Đã ôn thi,4.6,Đỗ
Nam,Nông thôn,Đại học,Trung bình,Trung bình,96.4,5.1,Có,Đã ôn thi,3.0,Đỗ
Nữ,Thành thị,Chưa tốt nghiệp THPT,Trung bình,Giỏi,68.1,7.2,Không,Không ôn thi,3.2,Trượt
Nam,Nông thôn,Tốt nghiệp THPT,Khó khăn,Trung bình,76.3,8.8,Không,Đã ôn thi,5.8,Trượt
Nữ,Thành thị,Thạc sĩ,Khá giả,Trung bình,78.2,14.2,Có,Đã ôn thi,5.7,Đỗ
Nữ,Thành thị,Chưa tốt nghiệp THPT,Khá giả,Yếu,71.4,11.4,Không,Đã ôn thi,0.0,Trượt
Nam,Thành thị,Chưa tốt nghiệp THPT,Khó khăn,Giỏi,80.3,13.0,Có,Không ôn thi,3.0,Đỗ
Nam,Thành thị,Tốt nghiệp THPT,Trung bình,Giỏi,95.5,14.8,Không,Đã ôn thi,2.6,Đỗ
Nam,Thành thị,Đại học,Khó khăn,Khá,74.2,16.6,Không,Đã ôn thi,1.1,Đỗ
Nữ,Thành thị,Cao đẳng,Khá giả,Khá,86.0,13.8,Có,Không ôn thi,2.4,Đỗ
Nữ,Nông thôn,Cao đẳng,Trung bình,Khá,96.1,12.0,Không,Không ôn thi,2.4,Đỗ
Nữ,Thành thị,Tốt nghiệp THPT,Khó khăn,Trung bình,90.2,10.3,Có,Không ôn thi,3.9,Trượt
Nữ,Nông thôn,Chưa tốt nghiệp THPT,Trung bình,Khá,77.2,12.8,Không,Không ôn thi,2.4,Trượt
Nam,Thành thị,Tốt nghiệp THPT,Khó khăn,Trung bình,79.7,5.9,Có,Không ôn thi,2.6,Trượt
Nữ,Nông thôn,Đại học,Trung bình,Khá,98.5,9.7,Có,Đã ôn thi,4.6,Đỗ
Nam,Nông thôn,Thạc sĩ,Khó khăn,Giỏi,82.3,19.9,Có,Không ôn thi,4.9,Đỗ
Nữ,Thành thị,Cao đẳng,Trung bình,Khá,71.4,15.6,Không,Đã ôn thi,3.6,Đỗ
Nữ,Nông thôn,Tốt nghiệp THPT,Khá giả,Khá,83.8,8.4,Không,Đã ôn thi,3.9,Đỗ
Nữ,Nông thôn,Đại học,Trung bình,Giỏi,100.0,10.7,Không,Đã ôn thi,0.5,Đỗ
Nam,Thành thị,Tốt nghiệp THPT,Khó khăn,Giỏi,85.8,9.8,Không,Đã ôn thi,2.3,Đỗ
Nam,Nông thôn,Đại học,Khó khăn,Khá,86.6,6.7,Có,Không ôn thi,0.9,Đỗ
Nam,Nông thôn,Đại học,Trung bình,Khá,78.5,11.2,Không,Đã ôn thi,3.1,Đỗ
Nam,Nông thôn,Cao đẳng,Khó khăn,Yếu,75.7,10.9,Không,Đã ôn thi,6.2,Trượt
Nam,Nông thôn,Đại học,Trung bình,Giỏi,87.8,15.8,Có,Không ôn thi,5.2,Đỗ
Nữ,Nông thôn,Đại học,Trung bình,Giỏi,89.6,20.0,Có,Đã ôn thi,2.4,Đỗ
Nữ,Nông thôn,Đại học,Trung bình,Trung bình,85.9,22.0,Không,Không ôn thi,6.2,Đỗ
Nữ,Nông thôn,Chưa tốt nghiệp THPT,Khá giả,Yếu,83.5,13.0,Có,Không ôn thi,1.9,Đỗ
Nam,Thành thị,Tốt nghiệp THPT,Khá giả,Khá,82.6,1.4,Có,Đã ôn thi,2.6,Đỗ
Nữ,Nông thôn,Tốt nghiệp THPT,Trung bình,Khá,98.3,10.3,Không,Đã ôn thi,3.3,Đỗ
Nữ,Nông thôn,Cao đẳng,Trung bình,Trung bình,95.7,17.5,Không,Đã ôn thi,0.9,Đỗ
Nữ,Thành thị,Tốt nghiệp THPT,Trung bình,Trung bình,77.7,20.0,Có,Đã ôn thi,1.9,Đỗ
Nữ,Nông thôn,Đại học,Trung bình,Khá,68.8,10.8,Không,Không ôn thi,2.9,Trượt
Nam,Thành thị,Tốt nghiệp THPT,Trung bình,Trung bình,74.5,7.0,Không,Đã ôn thi,2.3,Trượt
Nữ,Nông thôn,Đại học,Khó khăn,Giỏi,95.2,7.4,Không,Không ôn thi,1.1,Đỗ
Nữ,Thành thị,Thạc sĩ,Trung bình,Trung bình,74.0,0.0,Không,Không ôn thi,5.5,Trượt
Nam,Thành thị,Thạc sĩ,Trung bình,Trung bình,93.7,14.4,Có,Không ôn thi,4.6,Đỗ
Nam,Thành thị,Đại học,Trung bình,Trung bình,76.4,3.7,Có,Không ôn thi,3.9,Trượt
Nữ,Nông thôn,Tốt nghiệp THPT,Trung bình,Giỏi,70.5,0.0,Có,Đã ôn thi,1.4,Đỗ
Nam,Nông thôn,Đại học,Trung bình,Khá,99.0,7.5,Không,Đã ôn thi,4.6,Đỗ
Nữ,Thành thị,Cao đẳng,Khá giả,Trung bình,98.9,0.4,Có,Đã ôn thi,1.7,Đỗ
Nam,Nông thôn,Chưa tốt nghiệp THPT,Khó khăn,Trung bình,79.1,5.3,Không,Không ôn thi,3.2,Trượt
Nam,Nông thôn,Cao đẳng,Trung bình,Khá,84.2,5.8,Có,Không ôn thi,2.3,Đỗ
Nam,Nông thôn,Chưa tốt nghiệp THPT,Khó khăn,Khá,93.9,4.5,Không,Không ôn thi,1.9,Đỗ
Nữ,Thành thị,Đại học,Trung bình,Trung bình,93.3,13.4,Không,Đã ôn thi,3.5,Đỗ
Nam,Thành thị,Chưa tốt nghiệp THPT,Khó khăn,Khá,100.0,4.2,Không,Không ôn thi,2.4,Trượt
Nữ,Nông thôn,Tốt nghiệp THPT,Khá giả,Khá,100.0,8.1,Có,Không ôn thi,6.3,Đỗ
Nữ,Nông thôn,Chưa tốt nghiệp THPT,Khá giả,Giỏi,98.1,3.5,Không,Đã ôn thi,5.9,Đỗ
Nam,Thành thị,Cao đẳng,Trung bình,Trung bình,100.0,6.9,Không,Không ôn thi,1.5,Trượt
Nữ,Thành thị,Đại học,Trung bình,Trung bình,88.8,7.2,Có,Đã ôn thi,2.5,Đỗ
Nữ,Nông thôn,Tốt nghiệp THPT,Khá giả,Khá,79.3,2.0,Không,Đã ôn thi,4.3,Trượt
Nam,Thành thị,Tốt nghiệp THPT,Khá giả,Trung bình,100.0,16.7,Không,Đã ôn thi,3.1,Đỗ
Nam,Thành thị,Cao đẳng,Khá giả,Trung bình,70.7,13.7,Có,Không ôn thi,6.3,Trượt
Nữ,Thành thị,Đại học,Trung bình,Trung bình,100.0,3.6,Không,Đã ôn thi,3.5,Trượt
Nữ,Nông thôn,Tốt nghiệp THPT,Khá giả,Khá,68.9,12.7,Không,Đã ôn thi,0.0,Đỗ
Nữ,Nông thôn,Chưa tốt nghiệp THPT,Trung bình,Trung bình,84.2,6.7,Không,Đã ôn thi,3.3,Đỗ
Nam,Thành thị,Đại học,Trung bình,Khá,70.9,13.2,Không,Đã ôn thi,1.0,Đỗ
Nam,Thành thị,Cao đẳng,Trung bình,Khá,79.4,9.6,Không,Không ôn thi,3.8,Đỗ
Nam,Nông thôn,Tốt nghiệp THPT,Trung bình,Trung bình,67.8,14.2,Không,Đã ôn thi,3.3,Đỗ
Nữ,Thành thị,Tốt nghiệp THPT,Khá giả,Khá,81.1,13.2,Có,Đã ôn thi,4.7,Đỗ
Nam,Thành thị,Tốt nghiệp THPT,Khá giả,Yếu,96.0,6.6,Có,Đã ôn thi,3.6,Đỗ
Nam,Nông thôn,Tốt nghiệp THPT,Khó khăn,Khá,88.6,14.4,Có,Đã ôn thi,3.4,Đỗ
Nam,Thành thị,Đại học,Khó khăn,Trung bình,99.7,12.3,Không,Đã ôn thi,3.4,Đỗ
Nữ,Thành thị,Cao đẳng,Trung bình,Khá,94.7,6.7,Không,Đã ôn thi,3.1,Đỗ
Nữ,Nông thôn,Đại học,Khá giả,Giỏi,75.4,1.9,Có,Không ôn thi,1.9,Đỗ
Nam,Thành thị,Tốt nghiệp THPT,Khá giả,Trung bình,86.7,4.1,Có,Đã ôn thi,5.2,Đỗ
Nữ,Nông thôn,Đại học,Trung bình,Trung bình,91.9,6.9,Có,Đã ôn thi,1.5,Đỗ
Nam,Nông thôn,Đại học,Khó khăn,Giỏi,64.6,0.0,Không,Đã ôn thi,6.6,Trượt
Nam,Nông thôn,Tốt nghiệp THPT,Khá giả,Giỏi,85.4,14.3,Không,Không ôn thi,1.8,Đỗ
Nữ,Thành thị,Cao đẳng,Trung bình,Giỏi,100.0,6.1,Không,Không ôn thi,4.6,Đỗ
Nam,Nông thôn,Cao đẳng,Trung bình,Trung bình,69.0,5.8,Không,Đã ôn thi,5.1,Trượt
Nam,Thành thị,Cao đẳng,Khá giả,Trung bình,69.3,10.7,Không,Đã ôn thi,8.0,Trượt
Nữ,Thành thị,Chưa tốt nghiệp THPT,Trung bình,Yếu,85.4,10.3,Có,Đã ôn thi,5.2,Trượt
Nữ,Thành thị,Đại học,Trung bình,Giỏi,95.4,3.7,Không,Đã ôn thi,4.6,Đỗ
Nam,Nông thôn,Đại học,Khó khăn,Khá,74.3,6.8,Có,Đã ôn thi,2.6,Đỗ
Nam,Thành thị,Tốt nghiệp THPT,Khó khăn,Yếu,94.0,6.2,Có,Đã ôn thi,2.0,Đỗ
Nữ,Thành thị,Đại học,Trung bình,Khá,95.8,0.0,Có,Đã ôn thi,2.4,Đỗ
Nữ,Thành thị,Chưa tốt nghiệp THPT,Khá giả,Trung bình,81.7,11.3,Có,Đã ôn thi,6.2,Trượt
Nam,Thành thị,Chưa tốt nghiệp THPT,Trung bình,Khá,79.0,19.6,Có,Đã ôn thi,0.6,Đỗ
Nữ,Thành thị,Đại học,Khá giả,Giỏi,73.1,2.6,Không,Không ôn thi,2.4,Đỗ
Nam,Nông thôn,Cao đẳng,Khá giả,Khá,79.2,0.0,Không,Không ôn thi,2.0,Trượt
Nữ,Nông thôn,Tốt nghiệp THPT,Khá giả,Khá,93.9,5.7,Có,Đã ôn thi,1.3,Đỗ
Nữ,Nông thôn,Thạc sĩ,Trung bình,Khá,86.6,10.5,Không,Đã ôn thi,2.9,Đỗ
Nam,Nông thôn,Đại học,Trung bình,Giỏi,67.9,13.3,Có,Đã ôn thi,2.0,Đỗ
Nữ,Nông thôn,Chưa tốt nghiệp THPT,Khá giả,Khá,89.1,6.9,Có,Không ôn thi,0.7,Đỗ
Nữ,Thành thị,Tốt nghiệp THPT,Trung bình,Yếu,70.1,11.0,Không,Không ôn thi,2.5,Trượt
Nữ,Nông thôn,Đại học,Khó khăn,Khá,83.6,10.1,Có,Đã ôn thi,2.0,Đỗ
Nữ,Thành thị,Cao đẳng,Trung bình,Khá,100.0,11.5,Không,Không ôn thi,3.4,Đỗ
Nam,Nông thôn,Đại học,Trung bình,Giỏi,67.3,4.0,Có,Đã ôn thi,2.4,Đỗ
Nam,Nông thôn,Cao đẳng,Khá giả,Khá,78.0,9.9,Không,Đã ôn thi,6.3,Trượt
Nữ,Thành thị,Cao đẳng,Trung bình,Khá,74.1,0.0,Không,Không ôn thi,3.5,Trượt
Nữ,Nông thôn,Tốt nghiệp THPT,Trung bình,Khá,86.5,7.1,Có,Không ôn thi,2.6,Đỗ
Nam,Thành thị,Thạc sĩ,Trung bình,Trung bình,100.0,4.8,Không,Không ôn thi,4.3,Trượt
Nữ,Thành thị,Chưa tốt nghiệp THPT,Trung bình,Trung bình,100.0,14.1,Có,Đã ôn thi,4.2,Đỗ
Nam,Nông thôn,Tốt nghiệp THPT,Trung bình,Trung bình,75.9,10.1,Không,Không ôn thi,3.2,Trượt
Nam,Thành thị,Tốt nghiệp THPT,Trung bình,Yếu,93.7,9.2,Không,Đã ôn thi,4.0,Trượt
Nam,Thành thị,Cao đẳng,Trung bình,Giỏi,84.7,11.7,Có,Không ôn thi,2.4,Đỗ
Nam,Nông thôn,Cao đẳng,Khá giả,Giỏi,74.1,12.6,Có,Không ôn thi,1.7,Đỗ
Nam,Thành thị,Tốt nghiệp THPT,Trung bình,Trung bình,82.5,4.7,Có,Đã ôn thi,3.6,Đỗ
Nữ,Nông thôn,Cao đẳng,Trung bình,Giỏi,88.4,8.0,Có,Đã ôn thi,2.6,Đỗ
Nữ,Thành thị,Chưa tốt nghiệp THPT,Khó khăn,Trung bình,80.9,9.0,Có,Đã ôn thi,3.9,Đỗ
Nữ,Thành thị,Thạc sĩ,Khó khăn,Khá,80.4,6.5,Có,Đã ôn thi,4.7,Đỗ
Nam,Thành thị,Tốt nghiệp THPT,Trung bình,Khá,100.0,5.3,Có,Không ôn thi,4.4,Đỗ
Nữ,Nông thôn,Đại học,Trung bình,Giỏi,100.0,3.7,Có,Đã ôn thi,3.0,Đỗ
Nam,Thành thị,Thạc sĩ,Trung bình,Trung bình,100.0,14.4,Không,Đã ôn thi,5.3,Trượt
Nam,Nông thôn,Thạc sĩ,Trung bình,Khá,77.0,13.0,Có,Đã ôn thi,0.0,Đỗ
Nữ,Thành thị,Tốt nghiệp THPT,Khó khăn,Khá,93.5,11.6,Không,Đã ôn thi,5.9,Đỗ
Nam,Nông thôn,Đại học,Khó khăn,Trung bình,88.7,16.2,Không,Đã ôn thi,4.7,Đỗ
Nam,Nông thôn,Tốt nghiệp THPT,Trung bình,Khá,100.0,5.3,Có,Đã ôn thi,2.2,Đỗ
Nữ,Nông thôn,Cao đẳng,Trung bình,Khá,85.1,11.7,Có,Đã ôn thi,6.1,Đỗ
Nữ,Nông thôn,Tốt nghiệp THPT,Trung bình,Trung bình,92.9,2.4,Có,Không ôn thi,4.4,Đỗ
Nam,Nông thôn,Chưa tốt nghiệp THPT,Khá giả,Trung bình,66.4,13.1,Có,Không ôn thi,3.3,Đỗ
Nam,Nông thôn,Cao đẳng,Trung bình,Giỏi,81.7,0.4,Có,Đã ôn thi,0.5,Đỗ
Nam,Nông thôn,Tốt nghiệp THPT,Trung bình,Khá,100.0,13.5,Có,Không ôn thi,6.1,Đỗ
Nữ,Thành thị,Thạc sĩ,Trung bình,Khá,80.7,13.5,Không,Không ôn thi,0.0,Đỗ
Nữ,Thành thị,Cao đẳng,Trung bình,Trung bình,76.8,5.1,Có,Không ôn thi,2.7,Trượt
Nữ,Thành thị,Tốt nghiệp THPT,Khó khăn,Trung bình,73.2,10.9,Có,Không ôn thi,2.3,Đỗ
Nam,Thành thị,Đại học,Trung bình,Yếu,91.4,11.1,Không,Đã ôn thi,5.4,Trượt
Nam,Nông thôn,Thạc sĩ,Khó khăn,Khá,89.6,5.2,Không,Đã ôn thi,5.4,Trượt
Nữ,Nông thôn,Đại học,Trung bình,Trung bình,71.8,7.6,Có,Không ôn thi,3.5,Trượt
Nam,Nông thôn,Thạc sĩ,Khá giả,Trung bình,73.9,12.2,Không,Không ôn thi,5.0,Trượt
Nam,Nông thôn,Đại học,Khá giả,Giỏi,76.1,8.6,Có,Không ôn thi,5.2,Đỗ
Nam,Nông thôn,Thạc sĩ,Trung bình,Giỏi,82.4,3.7,Có,Đã ôn thi,2.3,Đỗ
Nam,Thành thị,Đại học,Trung bình,Giỏi,98.9,3.1,Không,Đã ôn thi,4.0,Đỗ
Nữ,Thành thị,Đại học,Trung bình,Yếu,93.7,3.4,Có,Đã ôn thi,4.6,Trượt
Nam,Thành thị,Thạc sĩ,Trung bình,Yếu,90.4,6.0,Có,Đã ôn thi,4.2,Đỗ
Nữ,Thành thị,Thạc sĩ,Khá giả,Giỏi,94.0,9.6,Có,Đã ôn thi,4.9,Đỗ
Nữ,Nông thôn,Tốt nghiệp THPT,Khá giả,Trung bình,79.4,5.0,Có,Đã ôn thi,4.2,Trượt
Nữ,Nông thôn,Cao đẳng,Khá giả,Khá,64.1,0.4,Có,Không ôn thi,4.2,Trượt
Nam,Thành thị,Thạc sĩ,Khó khăn,Khá,88.6,9.5,Có,Không ôn thi,2.2,Đỗ
Nữ,Thành thị,Cao đẳng,Trung bình,Trung bình,82.3,14.4,Không,Không ôn thi,2.4,Đỗ
Nữ,Thành thị,Tốt nghiệp THPT,Trung bình,Khá,72.7,20.3,Có,Đã ôn thi,2.4,Đỗ
Nữ,Thành thị,Tốt nghiệp THPT,Trung bình,Khá,77.4,9.6,Không,Đã ôn thi,3.2,Đỗ
Nam,Thành thị,Tốt nghiệp THPT,Khó khăn,Khá,87.3,19.3,Không,Đã ôn thi,1.2,Đỗ
Nam,Nông thôn,Tốt nghiệp THPT,Khó khăn,Giỏi,75.1,14.9,Không,Đã ôn thi,2.5,Đỗ
Nam,Thành thị,Đại học,Trung bình,Yếu,88.7,7.6,Không,Đã ôn thi,6.2,Trượt
Nữ,Thành thị,Đại học,Trung bình,Trung bình,88.7,1.6,Không,Đã ôn thi,5.0,Trượt
Nữ,Thành thị,Thạc sĩ,Khó khăn,Giỏi,96.1,11.2,Có,Đã ôn thi,2.5,Đỗ
Nữ,Thành thị,Chưa tốt nghiệp THPT,Trung bình,Giỏi,81.8,5.3,Có,Không ôn thi,1.5,Đỗ
Nữ,Thành thị,Chưa tốt nghiệp THPT,Khá giả,Giỏi,86.4,18.2,Không,Không ôn thi,3.4,Đỗ
Nam,Thành thị,Tốt nghiệp THPT,Khá giả,Yếu,100.0,10.6,Không,Đã ôn thi,3.0,Đỗ
Nam,Nông thôn,Đại học,Trung bình,Giỏi,90.4,3.7,Không,Đã ôn thi,5.9,Đỗ
Nam,Nông thôn,Cao đẳng,Khó khăn,Trung bình,75.0,7.9,Có,Không ôn thi,3.2,Trượt
Nam,Nông thôn,Tốt nghiệp THPT,Trung bình,Giỏi,76.4,10.3,Không,Không ôn thi,2.6,Đỗ
Nam,Nông thôn,Đại học,Khó khăn,Giỏi,86.3,14.3,Có,Không ôn thi,3.4,Đỗ
Nam,Thành thị,Đại học,Trung bình,Trung bình,74.3,15.5,Có,Đã ôn thi,2.4,Đỗ
Nam,Nông thôn,Đại học,Khó khăn,Giỏi,100.0,5.9,Có,Không ôn thi,6.0,Đỗ
Nam,Thành thị,Cao đẳng,Khó khăn,Khá,95.0,10.9,Không,Đã ôn thi,4.4,Đỗ
Nữ,Nông thôn,Chưa tốt nghiệp THPT,Trung bình,Khá,93.2,5.8,Không,Đã ôn thi,0.0,Đỗ
Nữ,Thành thị,Chưa tốt nghiệp THPT,Trung bình,Trung bình,85.1,10.4,Không,Không ôn thi,2.7,Trượt
Nam,Thành thị,Chưa tốt nghiệp THPT,Trung bình,Giỏi,75.8,5.6,Không,Đã ôn thi,0.1,Đỗ
Nam,Nông thôn,Đại học,Trung bình,Trung bình,70.0,5.6,Có,Không ôn thi,3.9,Trượt
Nam,Thành thị,Cao đẳng,Khá giả,Yếu,78.7,0.0,Không,Đã ôn thi,5.0,Trượt
Nữ,Thành thị,Tốt nghiệp THPT,Trung bình,Trung bình,92.1,3.7,Có,Không ôn thi,3.3,Trượt
Nữ,Thành thị,Đại học,Trung bình,Yếu,91.4,16.1,Không,Đã ôn thi,6.2,Trượt
Nữ,Thành thị,Đại học,Trung bình,Khá,82.4,5.7,Có,Không ôn thi,4.6,Đỗ
Nữ,Thành thị,Tốt nghiệp THPT,Trung bình,Trung bình,70.1,9.8,Không,Không ôn thi,2.4,Trượt
Nam,Nông thôn,Tốt nghiệp THPT,Khá giả,Khá,82.7,13.6,Không,Không ôn thi,0.0,Đỗ
Nữ,Nông thôn,Chưa tốt nghiệp THPT,Khó khăn,Khá,86.3,8.3,Không,Không ôn thi,1.2,Trượt
Nam,Thành thị,Tốt nghiệp THPT,Khá giả,Trung bình,87.8,14.0,Có,Đã ôn thi,2.8,Đỗ
Nữ,Thành thị,Tốt nghiệp THPT,Khá giả,Khá,93.2,2.8,Có,Đã ôn thi,3.6,Đỗ
Nữ,Nông thôn,Đại học,Khá giả,Giỏi,79.5,13.0,Có,Đã ôn thi,2.4,Đỗ
Nữ,Nông thôn,Cao đẳng,Khó khăn,Yếu,55.1,9.0,Không,Đã ôn thi,5.1,Trượt
Nữ,Nông thôn,Thạc sĩ,Trung bình,Yếu,84.1,6.2,Không,Đã ôn thi,8.1,Trượt
Nữ,Nông thôn,Đại học,Trung bình,Trung bình,97.3,10.2,Không,Đã ôn thi,4.3,Đỗ
Nữ,Nông thôn,Cao đẳng,Khó khăn,Yếu,90.5,11.9,Có,Không ôn thi,2.6,Trượt
Nam,Nông thôn,Tốt nghiệp THPT,Trung bình,Giỏi,94.3,12.6,Có,Không ôn thi,4.8,Đỗ
Nam,Nông thôn,Cao đẳng,Khó khăn,Khá,59.7,4.7,Có,Đã ôn thi,3.8,Đỗ
Nữ,Thành thị,Đại học,Trung bình,Khá,86.3,10.2,Không,Đã ôn thi,3.7,Đỗ
Nữ,Nông thôn,Tốt nghiệp THPT,Khó khăn,Khá,66.0,8.7,Không,Đã ôn thi,4.7,Trượt
Nam,Nông thôn,Đại học,Trung bình,Giỏi,81.8,0.0,Có,Đã ôn thi,3.3,Đỗ
Nam,Thành thị,Thạc sĩ,Khá giả,Trung bình,100.0,17.9,Không,Đã ôn thi,3.2,Đỗ
Nữ,Nông thôn,Chưa tốt nghiệp THPT,Khó khăn,Trung bình,95.9,14.2,Không,Không ôn thi,1.9,Đỗ
Nữ,Nông thôn,Tốt nghiệp THPT,Trung bình,Trung bình,81.0,2.5,Không,Không ôn thi,0.0,Trượt
Nam,Thành thị,Cao đẳng,Trung bình,Giỏi,76.6,14.1,Không,Đã ôn thi,7.1,Đỗ
Nữ,Nông thôn,Đại học,Trung bình,Trung bình,85.5,10.8,Không,Không ôn thi,2.7,Trượt
Nữ,Nông thôn,Đại học,Trung bình,Khá,100.0,4.5,Có,Đã ôn thi,2.0,Đỗ
Nữ,Thành thị,Cao đẳng,Khá giả,Giỏi,98.0,13.8,Không,Đã ôn thi,1.4,Đỗ
Nam,Thành thị,Cao đẳng,Trung bình,Khá,98.1,7.1,Có,Đã ôn thi,2.3,Đỗ
Nữ,Thành thị,Đại học,Trung bình,Khá,89.9,11.0,Có,Đã ôn thi,1.6,Đỗ
Nam,Thành thị,Tốt nghiệp THPT,Khá giả,Trung bình,79.0,14.8,Có,Đã ôn thi,1.1,Đỗ
Nữ,Thành thị,Cao đẳng,Trung bình,Khá,75.3,6.8,Có,Đã ôn thi,4.4,Đỗ
Nữ,Nông thôn,Đại học,Khá giả,Khá,82.4,9.3,Có,Đã ôn thi,3.4,Đỗ
Nữ,Nông thôn,Cao đẳng,Khó khăn,Khá,83.7,9.4,Không,Đã ôn thi,5.3,Đỗ
Nữ,Nông thôn,Tốt nghiệp THPT,Trung bình,Khá,68.8,0.0,Có,Đã ôn thi,6.1,Trượt
Nam,Nông thôn,Tốt nghiệp THPT,Trung bình,Trung bình,72.7,5.5,Không,Đã ôn thi,4.0,Trượt
Nữ,Thành thị,Đại học,Trung bình,Khá,68.8,11.8,Không,Không ôn thi,2.2,Trượt
Nam,Thành thị,Tốt nghiệp THPT,Trung bình,Khá,58.4,6.3,Có,Đã ôn thi,3.7,Đỗ
Nữ,Nông thôn,Đại học,Trung bình,Yếu,100.0,19.0,Có,Đã ôn thi,2.1,Đỗ
Nữ,Nông thôn,Tốt nghiệp THPT,Khá giả,Giỏi,75.4,0.1,Có,Không ôn thi,0.0,Đỗ
Nữ,Thành thị,Đại học,Trung bình,Trung bình,80.7,8.7,Có,Đã ôn thi,1.7,Đỗ
Nam,Nông thôn,Thạc sĩ,Khá giả,Khá,96.8,10.7,Không,Đã ôn thi,3.5,Đỗ
Nữ,Thành thị,Tốt nghiệp THPT,Trung bình,Khá,95.4,6.8,Không,Đã ôn thi,3.8,Đỗ
Nam,Nông thôn,Chưa tốt nghiệp THPT,Trung bình,Trung bình,89.7,5.7,Có,Không ôn thi,1.7,Đỗ
Nữ,Nông thôn,Thạc sĩ,Khá giả,Yếu,86.9,8.9,Có,Đã ôn thi,2.5,Trượt
Nam,Nông thôn,Đại học,Trung bình,Yếu,81.9,16.8,Có,Không ôn thi,1.7,Đỗ
Nữ,Thành thị,Đại học,Trung bình,Trung bình,76.8,9.0,Không,Đã ôn thi,0.8,Trượt
Nam,Thành thị,Cao đẳng,Trung bình,Giỏi,85.2,0.9,Có,Đã ôn thi,3.3,Đỗ
Nữ,Nông thôn,Tốt nghiệp THPT,Trung bình,Giỏi,100.0,10.6,Có,Không ôn thi,5.7,Đỗ
Nữ,Thành thị,Tốt nghiệp THPT,Khá giả,Giỏi,85.0,8.2,Không,Đã ôn thi,1.8,Đỗ
Nam,Nông thôn,Tốt nghiệp THPT,Trung bình,Yếu,83.2,6.6,Có,Không ôn thi,3.3,Trượt
Nữ,Thành thị,Đại học,Khó khăn,Trung bình,64.0,13.3,Không,Đã ôn thi,1.4,Trượt
Nam,Thành thị,Đại học,Trung bình,Giỏi,97.2,18.6,Có,Không ôn thi,1.3,Đỗ
Nữ,Thành thị,Tốt nghiệp THPT,Trung bình,Trung bình,81.5,10.7,Không,Không ôn thi,2.9,Đỗ
Nữ,Nông thôn,Đại học,Trung bình,Khá,80.5,18.6,Không,Đã ôn thi,4.1,Đỗ
Nam,Thành thị,Đại học,Khó khăn,Khá,100.0,6.6,Có,Không ôn thi,4.5,Đỗ
Nữ,Nông thôn,Tốt nghiệp THPT,Khá giả,Khá,75.2,4.5,Không,Đã ôn thi,2.0,Đỗ
Nữ,Thành thị,Đại học,Trung bình,Giỏi,98.2,2.9,Có,Đã ôn thi,2.0,Đỗ
Nam,Nông thôn,Chưa tốt nghiệp THPT,Khá giả,Khá,100.0,5.1,Không,Không ôn thi,5.9,Trượt
Nam,Thành thị,Tốt nghiệp THPT,Trung bình,Yếu,92.2,7.9,Có,Không ôn thi,4.3,Trượt
Nữ,Thành thị,Thạc sĩ,Khá giả,Trung bình,76.6,6.7,Có,Đã ôn thi,3.3,Đỗ
Nam,Thành thị,Thạc sĩ,Trung bình,Trung bình,95.1,12.9,Không,Đã ôn thi,4.7,Đỗ
Nữ,Thành thị,Thạc sĩ,Trung bình,Khá,71.8,3.4,Không,Đã ôn thi,2.3,Đỗ
Nữ,Nông thôn,Cao đẳng,Khá giả,Yếu,86.4,5.0,Có,Không ôn thi,6.3,Trượt
Nữ,Thành thị,Tốt nghiệp THPT,Trung bình,Khá,96.6,12.5,Không,Đã ôn thi,4.0,Đỗ
Nam,Thành thị,Đại học,Trung bình,Trung bình,85.8,10.6,Không,Đã ôn thi,5.0,Trượt
Nam,Nông thôn,Tốt nghiệp THPT,Trung bình,Yếu,78.2,9.1,Có,Không ôn thi,5.3,Trượt
Nam,Nông thôn,Đại học,Khá giả,Khá,67.9,2.6,Không,Không ôn thi,4.7,Trượt
Nam,Nông thôn,Đại học,Trung bình,Khá,100.0,0.0,Không,Đã ôn thi,6.2,Đỗ
Nam,Thành thị,Tốt nghiệp THPT,Trung bình,Khá,79.0,3.1,Không,Đã ôn thi,3.9,Trượt
Nữ,Thành thị,Đại học,Trung bình,Giỏi,98.0,11.0,Có,Đã ôn thi,2.4,Đỗ
Nữ,Thành thị,Đại học,Khó khăn,Khá,87.1,6.5,Không,Đã ôn thi,3.6,Đỗ
Nữ,Thành thị,Tốt nghiệp THPT,Khá giả,Yếu,89.8,10.6,Không,Đã ôn thi,4.2,Trượt
Nữ,Nông thôn,Tốt nghiệp THPT,Khó khăn,Giỏi,67.1,12.4,Không,Đã ôn thi,4.2,Đỗ
Nữ,Thành thị,Chưa tốt nghiệp THPT,Trung bình,Trung bình,69.8,0.0,Có,Không ôn thi,3.4,Trượt
Nam,Thành thị,Thạc sĩ,Trung bình,Yếu,100.0,13.4,Có,Đã ôn thi,5.0,Trượt
Nữ,Nông thôn,Cao đẳng,Trung bình,Trung bình,84.5,5.1,Có,Không ôn thi,1.5,Trượt
Nam,Nông thôn,Tốt nghiệp THPT,Trung bình,Trung bình,83.5,8.7,Có,Đã ôn thi,1.6,Đỗ
Nam,Thành thị,Tốt nghiệp THPT,Khó khăn,Trung bình,97.4,4.1,Không,Đã ôn thi,4.3,Trượt
Nam,Thành thị,Tốt nghiệp THPT,Khó khăn,Trung bình,74.2,4.3,Có,Đã ôn thi,3.7,Trượt
Nữ,Thành thị,Đại học,Trung bình,Trung bình,77.3,9.7,Không,Đã ôn thi,4.2,Đỗ
Nam,Thành thị,Cao đẳng,Trung bình,Trung bình,68.6,12.6,Có,Không ôn thi,2.9,Đỗ
Nữ,Nông thôn,Tốt nghiệp THPT,Trung bình,Giỏi,84.7,9.7,Không,Đã ôn thi,5.9,Đỗ
Nam,Nông thôn,Cao đẳng,Trung bình,Khá,53.6,15.7,Không,Đã ôn thi,4.8,Đỗ
Nam,Thành thị,Tốt nghiệp THPT,Khá giả,Khá,88.6,5.4,Không,Đã ôn thi,3.0,Đỗ
Nữ,Nông thôn,Tốt nghiệp THPT,Trung bình,Giỏi,100.0,3.7,Không,Không ôn thi,2.0,Đỗ
Nam,Thành thị,Tốt nghiệp THPT,Trung bình,Trung bình,73.3,14.9,Không,Không ôn thi,3.6,Trượt
Nữ,Nông thôn,Chưa tốt nghiệp THPT,Khó khăn,Trung bình,74.8,14.2,Có,Đã ôn thi,4.3,Trượt
Nam,Thành thị,Tốt nghiệp THPT,Khá giả,Khá,86.0,4.9,Có,Không ôn thi,6.6,Trượt
Nam,Thành thị,Cao đẳng,Khó khăn,Trung bình,89.0,9.0,Không,Không ôn thi,0.6,Đỗ
Nam,Nông thôn,Chưa tốt nghiệp THPT,Khó khăn,Yếu,75.8,3.7,Có,Không ôn thi,4.3,Trượt
Nam,Thành thị,Cao đẳng,Khá giả,Trung bình,87.5,9.9,Có,Đã ôn thi,1.3,Đỗ
Nữ,Nông thôn,Đại học,Trung bình,Trung bình,77.4,18.7,Có,Đã ôn thi,3.9,Đỗ
Nữ,Thành thị,Đại học,Khó khăn,Giỏi,75.4,9.4,Không,Không ôn thi,2.2,Đỗ
Nam,Nông thôn,Chưa tốt nghiệp THPT,Trung bình,Trung bình,84.2,9.7,Không,Đã ôn thi,0.0,Đỗ
Nữ,Nông thôn,Tốt nghiệp THPT,Khá giả,Giỏi,100.0,6.7,Có,Đã ôn thi,4.0,Đỗ
Nam,Thành thị,Chưa tốt nghiệp THPT,Khó khăn,Khá,85.9,7.6,Không,Không ôn thi,1.5,Đỗ
Nữ,Nông thôn,Tốt nghiệp THPT,Khó khăn,Giỏi,87.3,13.1,Không,Không ôn thi,0.9,Đỗ
Nữ,Thành thị,Tốt nghiệp THPT,Trung bình,Trung bình,88.9,12.9,Không,Không ôn thi,4.8,Trượt
Nam,Thành thị,Cao đẳng,Khó khăn,Yếu,100.0,12.8,Có,Không ôn thi,3.6,Trượt
Nữ,Thành thị,Chưa tốt nghiệp THPT,Trung bình,Khá,98.8,7.2,Không,Đã ôn thi,2.6,Đỗ
Nam,Thành thị,Cao đẳng,Trung bình,Trung bình,82.8,10.6,Không,Không ôn thi,3.2,Đỗ
Nữ,Nông thôn,Cao đẳng,Trung bình,Trung bình,84.8,6.8,Có,Đã ôn thi,4.0,Đỗ
Nam,Thành thị,Tốt nghiệp THPT,Khá giả,Yếu,80.6,10.2,Không,Không ôn thi,3.6,Trượt
Nữ,Nông thôn,Tốt nghiệp THPT,Khá giả,Trung bình,72.5,9.5,Có,Không ôn thi,0.6,Trượt
Nữ,Thành thị,Đại học,Khá giả,Giỏi,71.0,8.1,Không,Đã ôn thi,0.9,Đỗ
Nam,Thành thị,Đại học,Khó khăn,Giỏi,81.0,18.4,Có,Đã ôn thi,0.0,Đỗ
Nữ,Nông thôn,Thạc sĩ,Khó khăn,Yếu,67.0,5.0,Có,Không ôn thi,5.0,Trượt
Nam,Thành thị,Chưa tốt nghiệp THPT,Trung bình,Khá,96.6,0.6,Có,Không ôn thi,5.1,Đỗ
Nam,Thành thị,Tốt nghiệp THPT,Trung bình,Yếu,92.9,10.2,Không,Đã ôn thi,3.1,Trượt
Nữ,Nông thôn,Đại học,Khá giả,Giỏi,68.9,0.0,Có,Đã ôn thi,2.5,Đỗ
Nam,Nông thôn,Tốt nghiệp THPT,Khá giả,Khá,74.4,7.1,Không,Đã ôn thi,6.0,Đỗ
Nữ,Nông thôn,Tốt nghiệp THPT,Khá giả,Giỏi,92.0,7.7,Có,Đã ôn thi,4.2,Đỗ
Nam,Thành thị,Đại học,Khó khăn,Khá,80.2,11.3,Có,Không ôn thi,5.1,Đỗ
Nam,Thành thị,Đại học,Trung bình,Trung bình,80.0,10.5,Không,Không ôn thi,2.8,Trượt
Nữ,Nông thôn,Thạc sĩ,Trung bình,Giỏi,100.0,14.2,Có,Không ôn thi,3.0,Đỗ
Nam,Nông thôn,Đại học,Khó khăn,Giỏi,71.8,20.8,Không,Đã ôn thi,5.5,Đỗ
Nam,Thành thị,Đại học,Khó khăn,Trung bình,61.4,8.1,Không,Không ôn thi,4.1,Trượt
Nữ,Thành thị,Cao đẳng,Khó khăn,Khá,85.2,10.8,Không,Không ôn thi,5.0,Trượt
Nam,Nông thôn,Thạc sĩ,Trung bình,Khá,89.7,9.1,Có,Không ôn thi,4.5,Đỗ
Nam,Thành thị,Chưa tốt nghiệp THPT,Khá giả,Trung bình,90.7,8.1,Có,Không ôn thi,0.9,Trượt
Nữ,Nông thôn,Đại học,Trung bình,Yếu,69.8,7.6,Không,Không ôn thi,1.5,Trượt
Nữ,Thành thị,Tốt nghiệp THPT,Trung bình,Khá,84.0,9.8,Không,Đã ôn thi,2.1,Đỗ
Nam,Nông thôn,Tốt nghiệp THPT,Khá giả,Khá,83.1,16.6,Không,Đã ôn thi,2.3,Đỗ
Nữ,Nông thôn,Tốt nghiệp THPT,Khá giả,Khá,67.1,15.7,Có,Không ôn thi,4.9,Đỗ
Nữ,Nông thôn,Tốt nghiệp THPT,Trung bình,Khá,100.0,10.7,Không,Đã ôn thi,4.5,Đỗ
Nữ,Thành thị,Tốt nghiệp THPT,Trung bình,Khá,75.6,14.5,Không,Đã ôn thi,2.8,Đỗ
Nam,Nông thôn,Cao đẳng,Trung bình,Trung bình,85.3,4.9,Có,Đã ôn thi,7.1,Trượt
Nam,Thành thị,Tốt nghiệp THPT,Khó khăn,Giỏi,86.5,4.7,Có,Đã ôn thi,4.0,Đỗ
Nữ,Thành thị,Cao đẳng,Khó khăn,Giỏi,83.7,11.2,Có,Đã ôn thi,3.3,Đỗ
Nam,Thành thị,Tốt nghiệp THPT,Khó khăn,Khá,67.7,7.8,Có,Đã ôn thi,4.8,Đỗ
Nam,Nông thôn,Đại học,Trung bình,Trung bình,71.4,20.0,Có,Đã ôn thi,2.0,Trượt
Nam,Nông thôn,Đại học,Khá giả,Giỏi,93.4,12.9,Không,Không ôn thi,5.1,Đỗ
Nữ,Nông thôn,Cao đẳng,Khá giả,Trung bình,85.4,8.6,Không,Không ôn thi,0.0,Trượt
Nữ,Thành thị,Tốt nghiệp THPT,Trung bình,Khá,71.7,5.7,Có,Đã ôn thi,2.3,Đỗ
Nam,Thành thị,Cao đẳng,Khá giả,Khá,90.9,16.5,Không,Không ôn thi,7.2,Đỗ
Nam,Nông thôn,Chưa tốt nghiệp THPT,Khó khăn,Khá,81.4,3.0,Không,Đã ôn thi,2.9,Đỗ
Nam,Nông thôn,Chưa tốt nghiệp THPT,Khó khăn,Yếu,76.0,13.5,Có,Đã ôn thi,2.3,Trượt
Nữ,Nông thôn,Thạc sĩ,Khó khăn,Khá,99.6,8.8,Không,Không ôn thi,2.8,Đỗ
Nữ,Thành thị,Đại học,Trung bình,Giỏi,78.2,17.8,Có,Đã ôn thi,4.0,Đỗ
Nữ,Nông thôn,Cao đẳng,Trung bình,Khá,94.9,4.7,Có,Đã ôn thi,3.9,Đỗ
Nam,Nông thôn,Đại học,Khó khăn,Yếu,83.3,16.2,Không,Đã ôn thi,4.4,Trượt
Nam,Nông thôn,Cao đẳng,Trung bình,Khá,100.0,14.0,Không,Đã ôn thi,1.8,Đỗ
Nam,Thành thị,Cao đẳng,Khó khăn,Giỏi,61.2,0.0,Không,Không ôn thi,3.3,Trượt
Nam,Thành thị,Tốt nghiệp THPT,Trung bình,Khá,82.5,16.5,Có,Đã ôn thi,3.1,Đỗ
Nam,Thành thị,Cao đẳng,Trung bình,Khá,85.2,4.7,Không,Đã ôn thi,1.7,Đỗ
Nam,Thành thị,Đại học,Khá giả,Yếu,85.2,8.2,Không,Đã ôn thi,4.0,Trượt
Nữ,Thành thị,Tốt nghiệp THPT,Trung bình,Khá,93.8,3.4,Có,Đã ôn thi,0.6,Đỗ
Nam,Nông thôn,Tốt nghiệp THPT,Khá giả,Trung bình,78.4,4.7,Không,Đã ôn thi,6.3,Trượt
Nam,Nông thôn,Đại học,Trung bình,Khá,82.6,9.5,Không,Đã ôn thi,4.6,Đỗ
Nam,Nông thôn,Tốt nghiệp THPT,Khá giả,Trung bình,75.3,10.0,Có,Không ôn thi,3.3,Trượt
Nam,Thành thị,Tốt nghiệp THPT,Khá giả,Khá,90.9,10.1,Có,Đã ôn thi,1.5,Đỗ
Nam,Thành thị,Thạc sĩ,Trung bình,Khá,74.5,7.1,Không,Không ôn thi,3.8,Trượt
Nam,Nông thôn,Thạc sĩ,Trung bình,Giỏi,95.7,13.0,Có,Đã ôn thi,0.0,Đỗ
Nam,Thành thị,Tốt nghiệp THPT,Trung bình,Khá,83.5,10.4,Không,Đã ôn thi,5.0,Đỗ
Nữ,Nông thôn,Cao đẳng,Khá giả,Khá,85.4,11.0,Không,Không ôn thi,3.4,Đỗ
Nam,Thành thị,Đại học,Trung bình,Khá,71.0,6.8,Có,Không ôn thi,0.0,Đỗ
Nam,Nông thôn,Tốt nghiệp THPT,Khá giả,Trung bình,86.7,15.9,Không,Đã ôn thi,3.8,Trượt
Nam,Nông thôn,Tốt nghiệp THPT,Trung bình,Trung bình,89.0,8.6,Không,Đã ôn thi,2.5,Đỗ
Nam,Nông thôn,Đại học,Khá giả,Khá,99.4,10.2,Không,Đã ôn thi,2.4,Đỗ
Nam,Thành thị,Đại học,Trung bình,Trung bình,89.0,11.7,Không,Không ôn thi,3.2,Đỗ
Nữ,Nông thôn,Tốt nghiệp THPT,Khá giả,Giỏi,93.3,18.5,Không,Đã ôn thi,6.1,Đỗ
Nữ,Nông thôn,Tốt nghiệp THPT,Khá giả,Trung bình,73.3,1.6,Có,Đã ôn thi,5.6,Trượt
Nữ,Nông thôn,Cao đẳng,Khá giả,Yếu,80.5,13.7,Có,Đã ôn thi,4.7,Trượt
Nữ,Nông thôn,Cao đẳng,Trung bình,Giỏi,65.4,9.8,Có,Đã ôn thi,5.2,Đỗ
Nữ,Thành thị,Cao đẳng,Trung bình,Trung bình,93.7,6.7,Không,Không ôn thi,3.0,Trượt
Nam,Nông thôn,Đại học,Trung bình,Giỏi,77.1,0.9,Không,Đã ôn thi,0.4,Đỗ
Nam,Thành thị,Cao đẳng,Trung bình,Trung bình,100.0,7.1,Có,Đã ôn thi,1.6,Đỗ
Nữ,Thành thị,Chưa tốt nghiệp THPT,Khá giả,Khá,76.7,13.7,Không,Không ôn thi,0.8,Đỗ
Nam,Thành thị,Cao đẳng,Khá giả,Trung bình,72.0,11.2,Có,Đã ôn thi,5.5,Đỗ
Nữ,Thành thị,Cao đẳng,Khá giả,Giỏi,63.9,12.4,Có,Không ôn thi,4.0,Đỗ
Nữ,Thành thị,Tốt nghiệp THPT,Khá giả,Trung bình,77.2,6.4,Không,Đã ôn thi,2.2,Đỗ
Nam,Nông thôn,Chưa tốt nghiệp THPT,Trung bình,Trung bình,69.7,7.5,Không,Không ôn thi,1.9,Trượt
Nam,Thành thị,Chưa tốt nghiệp THPT,Trung bình,Trung bình,73.0,7.9,Có,Đã ôn thi,3.1,Trượt
Nữ,Nông thôn,Cao đẳng,Trung bình,Trung bình,91.4,0.1,Không,Không ôn thi,5.4,Trượt
Nữ,Nông thôn,Cao đẳng,Khá giả,Trung bình,100.0,4.9,Có,Không ôn thi,4.0,Trượt
Nữ,Thành thị,Cao đẳng,Trung bình,Trung bình,52.9,8.1,Không,Không ôn thi,3.6,Trượt
Nam,Thành thị,Đại học,Trung bình,Yếu,72.5,7.8,Không,Không ôn thi,2.7,Trượt
Nam,Nông thôn,Tốt nghiệp THPT,Trung bình,Trung bình,82.4,12.5,Không,Đã ôn thi,7.4,Trượt
Nam,Nông thôn,Tốt nghiệp THPT,Trung bình,Khá,81.8,0.0,Có,Đã ôn thi,3.3,Trượt
Nữ,Thành thị,Đại học,Trung bình,Khá,87.2,14.1,Có,Đã ôn thi,2.1,Đỗ
Nữ,Thành thị,Tốt nghiệp THPT,Trung bình,Giỏi,80.2,9.3,Không,Không ôn thi,5.1,Đỗ
Nữ,Nông thôn,Thạc sĩ,Khá giả,Khá,81.5,5.5,Không,Đã ôn thi,2.0,Đỗ
Nam,Nông thôn,Chưa tốt nghiệp THPT,Khá giả,Trung bình,74.3,0.2,Không,Đã ôn thi,2.7,Trượt
Nữ,Thành thị,Đại học,Trung bình,Khá,69.0,6.2,Không,Đã ôn thi,2.5,Trượt
Nam,Nông thôn,Tốt nghiệp THPT,Khó khăn,Khá,78.2,5.9,Có,Đã ôn thi,5.8,Trượt
Nam,Thành thị,Tốt nghiệp THPT,Trung bình,Trung bình,74.4,12.7,Có,Đã ôn thi,4.3,Trượt
Nữ,Nông thôn,Cao đẳng,Khá giả,Khá,77.5,5.4,Không,Đã ôn thi,2.3,Đỗ
Nam,Thành thị,Đại học,Trung bình,Giỏi,85.6,1.3,Không,Không ôn thi,1.0,Đỗ
Nam,Thành thị,Cao đẳng,Khó khăn,Trung bình,99.7,11.3,Không,Không ôn thi,2.1,Trượt
Nữ,Nông thôn,Cao đẳng,Khó khăn,Khá,80.1,11.9,Có,Đã ôn thi,6.1,Đỗ
Nam,Thành thị,Đại học,Khá giả,Trung bình,84.6,14.6,Không,Không ôn thi,2.8,Trượt
Nữ,Thành thị,Đại học,Khá giả,Trung bình,84.5,10.7,Không,Đã ôn thi,5.6,Trượt
Nữ,Nông thôn,Đại học,Trung bình,Yếu,73.3,13.8,Có,Không ôn thi,3.9,Trượt
Nữ,Thành thị,Cao đẳng,Trung bình,Trung bình,68.2,11.3,Có,Đã ôn thi,6.5,Trượt
Nữ,Thành thị,Cao đẳng,Khá giả,Yếu,83.1,3.9,Có,Đã ôn thi,5.6,Trượt
Nam,Thành thị,Tốt nghiệp THPT,Trung bình,Khá,88.1,12.7,Có,Không ôn thi,2.3,Đỗ
Nam,Nông thôn,Tốt nghiệp THPT,Khó khăn,Trung bình,100.0,2.4,Có,Không ôn thi,1.5,Đỗ
Nam,Nông thôn,Tốt nghiệp THPT,Trung bình,Yếu,88.0,13.9,Có,Đã ôn thi,4.2,Trượt
Nữ,Nông thôn,Cao đẳng,Trung bình,Giỏi,84.3,16.2,Có,Đã ôn thi,1.7,Đỗ
Nam,Thành thị,Cao đẳng,Khó khăn,Yếu,100.0,14.5,Không,Không ôn thi,4.1,Trượt
Nam,Thành thị,Chưa tốt nghiệp THPT,Trung bình,Giỏi,66.1,15.9,Có,Đã ôn thi,7.3,Đỗ
Nữ,Thành thị,Đại học,Trung bình,Khá,80.3,6.5,Có,Không ôn thi,2.1,Đỗ
Nam,Thành thị,Cao đẳng,Khá giả,Trung bình,87.9,6.3,Không,Không ôn thi,3.2,Trượt
Nữ,Nông thôn,Cao đẳng,Trung bình,Trung bình,77.4,13.0,Không,Không ôn thi,1.5,Trượt
Nữ,Thành thị,Thạc sĩ,Khá giả,Khá,100.0,5.2,Có,Không ôn thi,5.0,Đỗ
Nam,Nông thôn,Đại học,Trung bình,Yếu,100.0,4.9,Có,Đã ôn thi,0.0,Đỗ
Nam,Thành thị,Tốt nghiệp THPT,Khá giả,Khá,81.8,7.5,Không,Đã ôn thi,1.5,Đỗ
Nữ,Thành thị,Đại học,Trung bình,Giỏi,86.0,12.0,Không,Không ôn thi,2.7,Đỗ
Nữ,Nông thôn,Thạc sĩ,Trung bình,Khá,87.0,9.2,Không,Không ôn thi,6.2,Đỗ
Nữ,Thành thị,Đại học,Khá giả,Trung bình,79.7,8.6,Có,Đã ôn thi,1.7,Đỗ
Nam,Nông thôn,Tốt nghiệp THPT,Khá giả,Khá,80.8,0.0,Không,Đã ôn thi,3.1,Trượt
Nữ,Thành thị,Tốt nghiệp THPT,Khá giả,Trung bình,87.9,5.4,Có,Đã ôn thi,1.3,Đỗ
Nữ,Nông thôn,Tốt nghiệp THPT,Khó khăn,Yếu,79.3,7.8,Có,Không ôn thi,0.6,Trượt
Nữ,Nông thôn,Tốt nghiệp THPT,Trung bình,Khá,93.6,9.0,Có,Không ôn thi,4.1,Đỗ
Nữ,Thành thị,Tốt nghiệp THPT,Khá giả,Giỏi,100.0,12.7,Không,Không ôn thi,1.4,Đỗ
Nam,Thành thị,Tốt nghiệp THPT,Trung bình,Trung bình,94.8,16.0,Không,Đã ôn thi,3.3,Đỗ
Nam,Thành thị,Chưa tốt nghiệp THPT,Khó khăn,Trung bình,100.0,5.5,Có,Không ôn thi,1.4,Đỗ
Nữ,Nông thôn,Đại học,Khó khăn,Trung bình,77.0,6.7,Không,Không ôn thi,7.9,Trượt
Nam,Thành thị,Tốt nghiệp THPT,Trung bình,Trung bình,72.6,7.1,Không,Không ôn thi,4.6,Trượt
Nữ,Thành thị,Cao đẳng,Trung bình,Trung bình,80.6,13.9,Không,Không ôn thi,2.8,Đỗ
Nữ,Thành thị,Cao đẳng,Khó khăn,Yếu,80.0,11.4,Có,Không ôn thi,4.5,Trượt
Nữ,Thành thị,Tốt nghiệp THPT,Trung bình,Trung bình,52.5,8.9,Có,Đã ôn thi,4.1,Trượt
Nam,Thành thị,Đại học,Khó khăn,Giỏi,90.5,18.8,Có,Đã ôn thi,1.2,Đỗ
Nam,Nông thôn,Cao đẳng,Trung bình,Trung bình,76.0,1.7,Không,Không ôn thi,4.9,Trượt
Nữ,Nông thôn,Thạc sĩ,Khó khăn,Khá,86.1,6.7,Có,Không ôn thi,3.4,Trượt
Nữ,Nông thôn,Chưa tốt nghiệp THPT,Khá giả,Trung bình,100.0,5.8,Có,Đã ôn thi,2.2,Đỗ
Nữ,Thành thị,Thạc sĩ,Trung bình,Trung bình,72.5,16.7,Có,Đã ôn thi,5.2,Đỗ
Nữ,Thành thị,Thạc sĩ,Trung bình,Khá,93.4,13.5,Không,Đã ôn thi,2.8,Đỗ
Nữ,Nông thôn,Tốt nghiệp THPT,Trung bình,Trung bình,77.8,24.6,Không,Đã ôn thi,2.5,Đỗ
Nữ,Thành thị,Tốt nghiệp THPT,Trung bình,Khá,100.0,12.2,Không,Không ôn thi,6.4,Đỗ
Nam,Thành thị,Chưa tốt nghiệp THPT,Trung bình,Giỏi,79.2,12.5,Có,Đã ôn thi,5.9,Đỗ
Nữ,Thành thị,Tốt nghiệp THPT,Khó khăn,Giỏi,81.7,9.5,Không,Đã ôn thi,0.7,Đỗ
Nam,Thành thị,Tốt nghiệp THPT,Khá giả,Trung bình,80.2,0.9,Không,Đã ôn thi,4.5,Trượt
Nữ,Nông thôn,Đại học,Khá giả,Giỏi,92.0,9.4,Không,Không ôn thi,5.1,Đỗ
Nữ,Nông thôn,Đại học,Trung bình,Khá,100.0,9.2,Có,Đã ôn thi,3.5,Đỗ
Nam,Nông thôn,Cao đẳng,Trung bình,Trung bình,94.3,14.6,Không,Đã ôn thi,4.0,Đỗ
Nam,Thành thị,Đại học,Trung bình,Trung bình,86.6,8.8,Có,Không ôn thi,1.4,Đỗ
Nữ,Thành thị,Tốt nghiệp THPT,Trung bình,Trung bình,86.0,14.1,Không,Không ôn thi,1.5,Đỗ
Nam,Nông thôn,Đại học,Trung bình,Khá,58.9,8.5,Không,Không ôn thi,5.9,Trượt
Nam,Thành thị,Tốt nghiệp THPT,Khó khăn,Yếu,74.4,11.2,Không,Không ôn thi,1.8,Trượt
Nữ,Nông thôn,Tốt nghiệp THPT,Trung bình,Khá,82.7,7.9,Không,Đã ôn thi,5.2,Trượt
Nam,Nông thôn,Đại học,Khó khăn,Yếu,73.6,1.2,Có,Đã ôn thi,4.8,Trượt
Nữ,Nông thôn,Chưa tốt nghiệp THPT,Khó khăn,Yếu,78.4,13.5,Không,Đã ôn thi,4.5,Trượt
Nữ,Nông thôn,Tốt nghiệp THPT,Trung bình,Khá,58.0,13.9,Không,Đã ôn thi,4.3,Đỗ
Nữ,Thành thị,Tốt nghiệp THPT,Khó khăn,Trung bình,92.4,14.3,Có,Đã ôn thi,2.1,Đỗ
Nam,Thành thị,Chưa tốt nghiệp THPT,Trung bình,Trung bình,69.7,0.0,Không,Đã ôn thi,3.3,Trượt
Nữ,Nông thôn,Thạc sĩ,Trung bình,Giỏi,82.7,8.9,Có,Đã ôn thi,0.1,Đỗ
Nam,Thành thị,Đại học,Trung bình,Khá,91.5,7.7,Không,Không ôn thi,1.5,Đỗ
Nữ,Thành thị,Cao đẳng,Trung bình,Khá,78.4,7.7,Không,Đã ôn thi,3.9,Đỗ
Nữ,Thành thị,Đại học,Trung bình,Trung bình,100.0,6.7,Có,Đã ôn thi,3.6,Đỗ
Nữ,Nông thôn,Tốt nghiệp THPT,Khá giả,Giỏi,96.7,6.2,Có,Không ôn thi,5.9,Đỗ
Nam,Thành thị,Đại học,Khá giả,Khá,75.0,7.2,Không,Không ôn thi,2.5,Đỗ
Nam,Nông thôn,Cao đẳng,Khá giả,Trung bình,67.0,9.3,Không,Đã ôn thi,4.5,Trượt
Nữ,Nông thôn,Tốt nghiệp THPT,Trung bình,Trung bình,92.7,10.5,Không,Không ôn thi,2.9,Đỗ
Nữ,Nông thôn,Chưa tốt nghiệp THPT,Trung bình,Giỏi,83.3,15.2,Không,Đã ôn thi,3.3,Đỗ
Nam,Nông thôn,Đại học,Trung bình,Khá,78.4,9.5,Có,Không ôn thi,4.9,Đỗ
Nữ,Nông thôn,Cao đẳng,Khó khăn,Giỏi,88.2,11.0,Không,Không ôn thi,1.4,Đỗ
Nam,Thành thị,Tốt nghiệp THPT,Trung bình,Trung bình,81.2,0.0,Không,Đã ôn thi,4.7,Trượt
Nam,Nông thôn,Đại học,Trung bình,Khá,85.9,15.6,Không,Không ôn thi,3.5,Đỗ
Nữ,Thành thị,Tốt nghiệp THPT,Trung bình,Giỏi,89.1,12.4,Không,Đã ôn thi,5.4,Đỗ
Nữ,Thành thị,Đại học,Trung bình,Yếu,74.6,11.4,Có,Không ôn thi,3.8,Trượt
Nam,Nông thôn,Cao đẳng,Khó khăn,Khá,90.9,0.1,Không,Không ôn thi,2.1,Trượt
Nam,Thành thị,Cao đẳng,Khó khăn,Khá,74.8,15.5,Có,Đã ôn thi,2.8,Đỗ
Nữ,Thành thị,Đại học,Khó khăn,Giỏi,89.4,5.9,Không,Không ôn thi,5.3,Trượt
Nữ,Nông thôn,Đại học,Trung bình,Khá,89.2,14.6,Không,Đã ôn thi,1.4,Đỗ
Nam,Thành thị,Đại học,Khá giả,Trung bình,71.4,7.4,Có,Đã ôn thi,3.0,Trượt
Nam,Thành thị,Chưa tốt nghiệp THPT,Trung bình,Trung bình,86.2,11.3,Không,Đã ôn thi,5.1,Trượt
Nữ,Nông thôn,Đại học,Khá giả,Khá,88.6,8.1,Không,Đã ôn thi,5.4,Đỗ
Nữ,Nông thôn,Tốt nghiệp THPT,Trung bình,Yếu,61.3,21.8,Không,Không ôn thi,4.4,Trượt
Nam,Thành thị,Chưa tốt nghiệp THPT,Trung bình,Trung bình,83.1,7.9,Có,Không ôn thi,3.8,Trượt
Nữ,Nông thôn,Thạc sĩ,Khó khăn,Trung bình,56.4,6.4,Không,Không ôn thi,5.4,Trượt
Nữ,Thành thị,Tốt nghiệp THPT,Khá giả,Trung bình,82.7,17.6,Có,Đã ôn thi,4.8,Đỗ
Nữ,Thành thị,Cao đẳng,Khó khăn,Khá,88.8,12.3,Không,Không ôn thi,3.2,Đỗ
Nam,Nông thôn,Đại học,Trung bình,Giỏi,83.7,14.9,Không,Không ôn thi,5.3,Đỗ
Nam,Thành thị,Cao đẳng,Trung bình,Giỏi,94.2,7.7,Không,Không ôn thi,3.6,Đỗ
Nữ,Nông thôn,Thạc sĩ,Khó khăn,Yếu,79.6,8.9,Có,Đã ôn thi,3.2,Trượt
Nữ,Thành thị,Đại học,Khó khăn,Trung bình,97.5,15.6,Không,Đã ôn thi,4.1,Đỗ
Nữ,Nông thôn,Tốt nghiệp THPT,Khá giả,Trung bình,83.2,0.0,Có,Không ôn thi,2.3,Đỗ
Nam,Thành thị,Tốt nghiệp THPT,Khá giả,Khá,93.2,9.9,Không,Đã ôn thi,4.9,Đỗ
Nữ,Nông thôn,Tốt nghiệp THPT,Khá giả,Trung bình,74.4,0.0,Có,Không ôn thi,4.8,Trượt
Nữ,Nông thôn,Chưa tốt nghiệp THPT,Trung bình,Trung bình,87.3,7.8,Không,Đã ôn thi,2.2,Trượt
Nữ,Thành thị,Đại học,Khá giả,Khá,95.5,4.6,Có,Đã ôn thi,6.4,Đỗ
Nữ,Thành thị,Cao đẳng,Trung bình,Khá,90.1,19.5,Không,Đã ôn thi,4.0,Đỗ
Nữ,Nông thôn,Tốt nghiệp THPT,Trung bình,Trung bình,100.0,9.1,Không,Không ôn thi,3.9,Đỗ
Nữ,Thành thị,Đại học,Khá giả,Khá,86.7,5.3,Có,Đã ôn thi,1.3,Đỗ
Nữ,Nông thôn,Tốt nghiệp THPT,Trung bình,Trung bình,76.3,0.0,Có,Không ôn thi,4.4,Trượt
Nữ,Thành thị,Cao đẳng,Khó khăn,Yếu,67.3,2.3,Có,Đã ôn thi,2.4,Trượt
Nam,Thành thị,Cao đẳng,Khá giả,Trung bình,91.1,12.9,Có,Đã ôn thi,2.0,Đỗ
Nam,Thành thị,Tốt nghiệp THPT,Trung bình,Khá,57.4,13.1,Không,Không ôn thi,6.2,Trượt
Nam,Thành thị,Thạc sĩ,Trung bình,Khá,59.5,4.5,Không,Đã ôn thi,6.2,Trượt
Nữ,Thành thị,Chưa tốt nghiệp THPT,Khá giả,Khá,83.0,7.0,Không,Không ôn thi,5.9,Trượt
Nữ,Thành thị,Chưa tốt nghiệp THPT,Khó khăn,Khá,71.3,1.1,Không,Đã ôn thi,3.5,Trượt
Nữ,Thành thị,Cao đẳng,Trung bình,Khá,73.3,14.4,Không,Đã ôn thi,1.0,Đỗ
Nữ,Nông thôn,Tốt nghiệp THPT,Trung bình,Giỏi,84.5,9.8,Có,Đã ôn thi,3.2,Đỗ
Nữ,Nông thôn,Đại học,Khá giả,Yếu,77.5,12.0,Không,Đã ôn thi,4.7,Trượt
Nam,Nông thôn,Tốt nghiệp THPT,Khá giả,Khá,78.2,16.1,Có,Đã ôn thi,3.2,Đỗ
Nữ,Thành thị,Cao đẳng,Trung bình,Trung bình,92.4,3.4,Có,Không ôn thi,1.7,Trượt
Nữ,Thành thị,Chưa tốt nghiệp THPT,Khá giả,Giỏi,78.2,9.2,Không,Không ôn thi,6.2,Trượt
Nữ,Nông thôn,Cao đẳng,Trung bình,Trung bình,100.0,9.8,Có,Không ôn thi,3.0,Đỗ
Nam,Nông thôn,Đại học,Trung bình,Trung bình,64.2,14.4,Không,Không ôn thi,4.2,Trượt
Nữ,Thành thị,Đại học,Trung bình,Khá,95.2,21.3,Có,Không ôn thi,5.9,Đỗ
Nữ,Nông thôn,Cao đẳng,Khá giả,Trung bình,82.1,6.4,Có,Không ôn thi,1.6,Đỗ
Nam,Thành thị,Chưa tốt nghiệp THPT,Khó khăn,Giỏi,64.9,6.2,Không,Không ôn thi,3.1,Trượt
Nam,Thành thị,Chưa tốt nghiệp THPT,Trung bình,Trung bình,89.3,12.1,Có,Không ôn thi,1.8,Đỗ
Nam,Nông thôn,Thạc sĩ,Trung bình,Giỏi,100.0,16.1,Có,Không ôn thi,4.9,Đỗ
Nam,Nông thôn,Cao đẳng,Khá giả,Giỏi,84.5,7.2,Có,Không ôn thi,1.2,Đỗ
Nữ,Thành thị,Tốt nghiệp THPT,Khá giả,Khá,96.7,9.8,Không,Đã ôn thi,8.0,Đỗ
Nữ,Nông thôn,Tốt nghiệp THPT,Trung bình,Trung bình,70.7,5.8,Không,Đã ôn thi,2.3,Trượt
Nữ,Thành thị,Tốt nghiệp THPT,Trung bình,Giỏi,93.3,12.5,Có,Đã ôn thi,3.1,Đỗ
Nam,Thành thị,Cao đẳng,Trung bình,Khá,95.6,2.3,Có,Không ôn thi,0.2,Đỗ
Nam,Nông thôn,Cao đẳng,Khó khăn,Trung bình,81.2,8.6,Có,Đã ôn thi,2.9,Đỗ
Nam,Thành thị,Cao đẳng,Khó khăn,Trung bình,79.1,13.8,Có,Không ôn thi,5.5,Trượt
Nam,Nông thôn,Tốt nghiệp THPT,Trung bình,Trung bình,90.4,15.5,Có,Không ôn thi,6.1,Trượt
Nữ,Thành thị,Cao đẳng,Trung bình,Trung bình,100.0,4.3,Không,Đã ôn thi,4.9,Trượt
Nữ,Nông thôn,Tốt nghiệp THPT,Khá giả,Yếu,77.8,17.3,Không,Đã ôn thi,1.5,Đỗ
Nam,Thành thị,Cao đẳng,Khó khăn,Giỏi,75.0,16.5,Không,Đã ôn thi,4.3,Đỗ
Nữ,Nông thôn,Cao đẳng,Trung bình,Giỏi,100.0,0.0,Có,Đã ôn thi,5.6,Đỗ
Nữ,Nông thôn,Cao đẳng,Khá giả,Khá,79.9,12.1,Có,Không ôn thi,2.3,Đỗ
Nữ,Thành thị,Đại học,Khó khăn,Giỏi,100.0,0.0,Có,Đã ôn thi,4.0,Đỗ
Nữ,Thành thị,Cao đẳng,Khá giả,Trung bình,93.2,16.7,Có,Đã ôn thi,3.4,Đỗ
Nữ,Nông thôn,Đại học,Khá giả,Trung bình,75.0,10.6,Không,Đã ôn thi,2.6,Đỗ
Nữ,Nông thôn,Cao đẳng,Khó khăn,Giỏi,67.5,11.0,Không,Không ôn thi,1.0,Đỗ
Nam,Thành thị,Cao đẳng,Trung bình,Giỏi,89.3,6.0,Có,Đã ôn thi,5.0,Đỗ
Nam,Thành thị,Chưa tốt nghiệp THPT,Trung bình,Giỏi,100.0,8.8,Có,Không ôn thi,2.7,Đỗ
Nam,Nông thôn,Đại học,Trung bình,Yếu,91.1,16.5,Có,Đã ôn thi,4.8,Đỗ
Nữ,Thành thị,Đại học,Trung bình,Yếu,99.8,14.2,Không,Đã ôn thi,1.0,Đỗ
Nữ,Nông thôn,Tốt nghiệp THPT,Khó khăn,Khá,91.6,2.4,Không,Đã ôn thi,4.6,Trượt
Nam,Thành thị,Chưa tốt nghiệp THPT,Trung bình,Khá,94.1,0.0,Không,Đã ôn thi,2.5,Trượt
Nam,Thành thị,Tốt nghiệp THPT,Trung bình,Yếu,95.4,14.9,Có,Không ôn thi,0.2,Đỗ
Nam,Nông thôn,Đại học,Trung bình,Khá,87.2,12.9,Có,Không ôn thi,3.5,Đỗ
Nam,Thành thị,Đại học,Khá giả,Trung bình,86.1,12.8,Không,Đã ôn thi,4.0,Đỗ
Nam,Nông thôn,Đại học,Khó khăn,Trung bình,100.0,13.5,Không,Đã ôn thi,4.0,Đỗ
Nam,Nông thôn,Thạc sĩ,Khá giả,Trung bình,100.0,7.3,Có,Đã ôn thi,1.2,Đỗ
Nữ,Thành thị,Thạc sĩ,Trung bình,Khá,68.5,3.2,Không,Đã ôn thi,5.9,Trượt
Nam,Thành thị,Tốt nghiệp THPT,Trung bình,Trung bình,76.1,8.5,Không,Đã ôn thi,6.6,Trượt
Nam,Nông thôn,Đại học,Trung bình,Trung bình,89.9,22.6,Có,Không ôn thi,0.0,Đỗ
Nam,Thành thị,Chưa tốt nghiệp THPT,Trung bình,Khá,89.7,7.4,Có,Đã ôn thi,6.6,Đỗ
Nam,Nông thôn,Cao đẳng,Trung bình,Giỏi,88.7,12.0,Không,Đã ôn thi,3.4,Đỗ
Nữ,Nông thôn,Tốt nghiệp THPT,Trung bình,Trung bình,100.0,14.5,Có,Đã ôn thi,5.2,Đỗ
Nam,Nông thôn,Đại học,Khá giả,Khá,52.4,12.1,Có,Đã ôn thi,5.7,Đỗ
Nữ,Nông thôn,Tốt nghiệp THPT,Trung bình,Khá,90.2,2.3,Không,Đã ôn thi,4.2,Trượt
Nam,Nông thôn,Tốt nghiệp THPT,Khá giả,Trung bình,67.7,7.8,Không,Đã ôn thi,2.9,Trượt
Nữ,Nông thôn,Tốt nghiệp THPT,Khó khăn,Yếu,83.7,10.2,Không,Đã ôn thi,6.3,Trượt
Nữ,Thành thị,Đại học,Trung bình,Khá,71.1,5.2,Có,Đã ôn thi,2.9,Đỗ
Nữ,Thành thị,Tốt nghiệp THPT,Trung bình,Yếu,87.8,6.5,Có,Đã ôn thi,3.5,Trượt
Nam,Thành thị,Đại học,Trung bình,Trung bình,84.9,7.8,Không,Đã ôn thi,3.5,Trượt
Nam,Thành thị,Đại học,Trung bình,Giỏi,88.1,3.2,Không,Không ôn thi,3.6,Đỗ
Nam,Thành thị,Chưa tốt nghiệp THPT,Trung bình,Yếu,68.7,12.7,Không,Đã ôn thi,0.5,Trượt
Nữ,Thành thị,Chưa tốt nghiệp THPT,Khá giả,Khá,90.3,10.4,Có,Không ôn thi,5.0,Đỗ
Nam,Thành thị,Cao đẳng,Khó khăn,Khá,82.0,17.4,Không,Đã ôn thi,3.9,Đỗ
Nữ,Nông thôn,Đại học,Trung bình,Yếu,77.4,13.4,Không,Đã ôn thi,4.0,Trượt
Nữ,Nông thôn,Đại học,Khá giả,Khá,84.6,1.6,Có,Đã ôn thi,4.8,Đỗ
Nữ,Nông thôn,Cao đẳng,Trung bình,Khá,83.0,10.2,Không,Không ôn thi,5.5,Đỗ
Nam,Thành thị,Cao đẳng,Trung bình,Trung bình,100.0,8.0,Có,Không ôn thi,4.6,Trượt
Nam,Nông thôn,Cao đẳng,Khó khăn,Trung bình,100.0,8.6,Không,Đã ôn thi,4.7,Đỗ
Nam,Thành thị,Chưa tốt nghiệp THPT,Khó khăn,Trung bình,77.7,12.2,Không,Đã ôn thi,1.8,Trượt
Nữ,Thành thị,Tốt nghiệp THPT,Khó khăn,Khá,82.4,12.6,Có,Đã ôn thi,5.5,Đỗ
Nữ,Nông thôn,Chưa tốt nghiệp THPT,Khá giả,Giỏi,86.8,12.0,Không,Đã ôn thi,3.2,Đỗ
Nam,Nông thôn,Đại học,Khó khăn,Trung bình,90.3,8.1,Không,Không ôn thi,3.3,Trượt
Nam,Thành thị,Chưa tốt nghiệp THPT,Trung bình,Trung bình,78.3,11.0,Không,Không ôn thi,6.4,Trượt
Nữ,Thành thị,Cao đẳng,Khá giả,Giỏi,84.8,14.0,Không,Không ôn thi,1.1,Đỗ
Nam,Nông thôn,Tốt nghiệp THPT,Khá giả,Trung bình,83.2,8.5,Không,Đã ôn thi,2.6,Đỗ
Nam,Nông thôn,Đại học,Trung bình,Khá,92.3,7.5,Có,Không ôn thi,2.9,Đỗ
Nữ,Thành thị,Cao đẳng,Khó khăn,Giỏi,66.2,8.1,Không,Đã ôn thi,3.3,Đỗ
Nam,Nông thôn,Đại học,Trung bình,Yếu,89.1,13.3,Không,Đã ôn thi,4.2,Trượt
Nữ,Thành thị,Cao đẳng,Khá giả,Trung bình,95.5,9.7,Không,Không ôn thi,5.8,Đỗ
Nam,Nông thôn,Cao đẳng,Trung bình,Khá,95.8,11.2,Có,Đã ôn thi,3.5,Đỗ
Nam,Nông thôn,Đại học,Trung bình,Trung bình,91.1,5.4,Không,Đã ôn thi,4.9,Đỗ
Nam,Thành thị,Tốt nghiệp THPT,Khó khăn,Khá,78.0,0.0,Không,Không ôn thi,3.6,Trượt
Nam,Nông thôn,Tốt nghiệp THPT,Trung bình,Trung bình,100.0,10.5,Không,Không ôn thi,4.7,Trượt
Nam,Nông thôn,Cao đẳng,Khá giả,Khá,82.2,8.7,Có,Không ôn thi,5.2,Đỗ
Nữ,Nông thôn,Chưa tốt nghiệp THPT,Khá giả,Giỏi,77.9,15.1,Không,Đã ôn thi,0.5,Đỗ
Nữ,Thành thị,Tốt nghiệp THPT,Trung bình,Giỏi,100.0,15.8,Không,Đã ôn thi,0.5,Đỗ
Nam,Nông thôn,Cao đẳng,Khó khăn,Trung bình,58.6,11.4,Không,Đã ôn thi,4.1,Trượt
Nam,Thành thị,Đại học,Khó khăn,Trung bình,87.4,10.1,Có,Đã ôn thi,3.7,Đỗ
Nam,Nông thôn,Tốt nghiệp THPT,Khó khăn,Khá,73.9,10.3,Không,Không ôn thi,1.8,Trượt
Nữ,Thành thị,Đại học,Trung bình,Yếu,88.5,16.7,Có,Đã ôn thi,2.8,Đỗ
Nữ,Nông thôn,Chưa tốt nghiệp THPT,Trung bình,Khá,90.4,7.3,Có,Đã ôn thi,6.0,Đỗ
Nam,Thành thị,Cao đẳng,Khó khăn,Khá,89.4,10.3,Có,Đã ôn thi,1.0,Đỗ
Nữ,Nông thôn,Đại học,Khá giả,Giỏi,81.6,15.4,Không,Không ôn thi,5.2,Đỗ
Nam,Thành thị,Đại học,Trung bình,Yếu,64.7,12.6,Có,Đã ôn thi,7.9,Trượt
Nam,Thành thị,Tốt nghiệp THPT,Trung bình,Giỏi,77.8,12.8,Không,Đã ôn thi,3.0,Đỗ
Nam,Nông thôn,Đại học,Trung bình,Khá,81.3,3.8,Có,Đã ôn thi,5.8,Đỗ
Nam,Thành thị,Đại học,Khó khăn,Khá,61.7,9.8,Không,Đã ôn thi,5.8,Trượt
Nữ,Thành thị,Cao đẳng,Trung bình,Trung bình,80.5,14.9,Không,Không ôn thi,3.9,Trượt
Nữ,Thành thị,Tốt nghiệp THPT,Trung bình,Giỏi,72.9,19.5,Không,Đã ôn thi,3.7,Đỗ
Nữ,Thành thị,Tốt nghiệp THPT,Trung bình,Khá,90.8,5.0,Có,Đã ôn thi,2.6,Đỗ
Nam,Thành thị,Chưa tốt nghiệp THPT,Trung bình,Khá,87.1,15.2,Không,Không ôn thi,0.9,Đỗ
Nam,Thành thị,Đại học,Khá giả,Trung bình,86.0,7.6,Có,Đã ôn thi,3.8,Đỗ
Nam,Thành thị,Đại học,Trung bình,Trung bình,81.2,14.6,Không,Đã ôn thi,7.3,Đỗ
Nam,Thành thị,Tốt nghiệp THPT,Trung bình,Giỏi,81.3,5.0,Có,Không ôn thi,3.5,Đỗ
Nữ,Nông thôn,Cao đẳng,Trung bình,Trung bình,94.7,14.1,Không,Đã ôn thi,2.2,Đỗ
Nữ,Thành thị,Tốt nghiệp THPT,Trung bình,Khá,98.1,6.7,Không,Đã ôn thi,2.1,Đỗ
Nam,Thành thị,Tốt nghiệp THPT,Trung bình,Khá,98.0,9.7,Không,Đã ôn thi,2.9,Đỗ
Nam,Thành thị,Tốt nghiệp THPT,Khá giả,Khá,61.7,9.6,Có,Không ôn thi,1.9,Đỗ
Nữ,Nông thôn,Đại học,Trung bình,Khá,100.0,11.2,Không,Không ôn thi,1.5,Đỗ
Nam,Nông thôn,Đại học,Khá giả,Trung bình,100.0,0.2,Có,Đã ôn thi,2.4,Đỗ
Nữ,Thành thị,Đại học,Khá giả,Trung bình,58.5,9.6,Có,Đã ôn thi,4.6,Trượt
Nữ,Thành thị,Cao đẳng,Khó khăn,Khá,84.2,17.2,Không,Đã ôn thi,6.2,Đỗ
Nam,Thành thị,Tốt nghiệp THPT,Khó khăn,Trung bình,100.0,10.9,Không,Đã ôn thi,4.0,Đỗ
Nam,Thành thị,Cao đẳng,Khá giả,Khá,70.1,15.5,Có,Không ôn thi,0.8,Đỗ
Nam,Nông thôn,Đại học,Trung bình,Khá,79.2,7.1,Có,Không ôn thi,3.8,Đỗ
Nữ,Nông thôn,Cao đẳng,Khó khăn,Khá,99.8,12.0,Không,Đã ôn thi,4.4,Đỗ
Nam,Nông thôn,Cao đẳng,Khá giả,Giỏi,79.6,20.1,Không,Đã ôn thi,2.9,Đỗ
Nữ,Thành thị,Đại học,Trung bình,Yếu,63.5,15.7,Không,Đã ôn thi,1.7,Trượt
Nam,Nông thôn,Tốt nghiệp THPT,Trung bình,Trung bình,100.0,6.7,Không,Đã ôn thi,3.4,Trượt
Nam,Thành thị,Cao đẳng,Khá giả,Khá,82.3,15.7,Không,Đã ôn thi,3.4,Đỗ
Nam,Thành thị,Chưa tốt nghiệp THPT,Trung bình,Trung bình,89.4,15.5,Không,Đã ôn thi,2.1,Đỗ
Nam,Thành thị,Cao đẳng,Trung bình,Khá,77.8,11.4,Không,Không ôn thi,4.4,Đỗ
Nữ,Thành thị,Cao đẳng,Trung bình,Trung bình,74.8,1.8,Không,Không ôn thi,1.5,Trượt
Nữ,Nông thôn,Cao đẳng,Khó khăn,Giỏi,66.5,12.9,Có,Đã ôn thi,6.3,Đỗ
Nữ,Thành thị,Chưa tốt nghiệp THPT,Trung bình,Trung bình,93.5,9.5,Có,Đã ôn thi,1.3,Đỗ
Nữ,Thành thị,Tốt nghiệp THPT,Khó khăn,Yếu,78.5,3.9,Có,Không ôn thi,3.5,Trượt
Nam,Thành thị,Đại học,Khó khăn,Yếu,69.6,8.4,Không,Đã ôn thi,2.4,Trượt
Nam,Thành thị,Chưa tốt nghiệp THPT,Trung bình,Trung bình,99.1,11.3,Không,Đã ôn thi,5.0,Đỗ
Nữ,Thành thị,Tốt nghiệp THPT,Trung bình,Trung bình,93.9,6.2,Có,Đã ôn thi,4.6,Đỗ
Nam,Thành thị,Cao đẳng,Khá giả,Khá,94.7,4.2,Không,Đã ôn thi,0.2,Đỗ
Nữ,Nông thôn,Cao đẳng,Trung bình,Trung bình,81.0,21.2,Có,Đã ôn thi,0.0,Đỗ
Nữ,Nông thôn,Đại học,Trung bình,Khá,89.0,1.6,Không,Không ôn thi,1.5,Trượt
Nam,Thành thị,Chưa tốt nghiệp THPT,Khó khăn,Trung bình,100.0,11.4,Không,Đã ôn thi,2.7,Đỗ
Nữ,Nông thôn,Tốt nghiệp THPT,Trung bình,Trung bình,75.4,15.1,Không,Không ôn thi,2.1,Trượt
Nam,Thành thị,Thạc sĩ,Khó khăn,Khá,81.6,6.3,Không,Đã ôn thi,2.3,Đỗ
Nam,Thành thị,Đại học,Trung bình,Khá,100.0,9.3,Không,Không ôn thi,7.9,Đỗ
Nữ,Thành thị,Đại học,Khá giả,Trung bình,91.6,12.1,Có,Không ôn thi,4.3,Đỗ
Nam,Nông thôn,Cao đẳng,Trung bình,Yếu,93.4,5.8,Có,Không ôn thi,3.5,Trượt
Nữ,Nông thôn,Đại học,Trung bình,Trung bình,89.0,4.1,Không,Đã ôn thi,3.4,Trượt
Nam,Thành thị,Chưa tốt nghiệp THPT,Khá giả,Khá,100.0,9.8,Không,Không ôn thi,3.9,Đỗ
Nam,Nông thôn,Tốt nghiệp THPT,Trung bình,Khá,75.7,13.2,Có,Không ôn thi,5.4,Đỗ
Nữ,Thành thị,Đại học,Khá giả,Trung bình,92.7,10.6,Có,Đã ôn thi,2.8,Đỗ
Nữ,Thành thị,Đại học,Khá giả,Trung bình,78.5,9.1,Không,Đã ôn thi,2.8,Đỗ
Nữ,Thành thị,Tốt nghiệp THPT,Trung bình,Giỏi,81.2,5.7,Có,Đã ôn thi,5.1,Đỗ
Nữ,Nông thôn,Tốt nghiệp THPT,Trung bình,Khá,79.9,13.7,Không,Đã ôn thi,3.6,Đỗ
Nam,Nông thôn,Đại học,Trung bình,Trung bình,97.6,8.9,Có,Đã ôn thi,1.6,Đỗ
Nam,Thành thị,Tốt nghiệp THPT,Trung bình,Yếu,67.0,14.2,Có,Đã ôn thi,3.2,Trượt
Nữ,Nông thôn,Đại học,Trung bình,Trung bình,74.3,8.8,Không,Đã ôn thi,4.3,Đỗ
Nam,Thành thị,Chưa tốt nghiệp THPT,Trung bình,Giỏi,100.0,4.5,Có,Đã ôn thi,6.6,Đỗ
Nữ,Thành thị,Chưa tốt nghiệp THPT,Trung bình,Trung bình,81.9,3.7,Không,Đã ôn thi,2.7,Trượt
Nam,Thành thị,Thạc sĩ,Trung bình,Trung bình,75.3,8.8,Không,Đã ôn thi,2.6,Trượt
Nam,Thành thị,Thạc sĩ,Khó khăn,Giỏi,73.6,16.3,Có,Đã ôn thi,4.4,Đỗ
Nam,Nông thôn,Cao đẳng,Khá giả,Trung bình,74.7,11.3,Không,Đã ôn thi,3.1,Đỗ
Nữ,Nông thôn,Đại học,Trung bình,Khá,80.0,12.1,Có,Không ôn thi,4.6,Đỗ
Nữ,Thành thị,Đại học,Khó khăn,Khá,99.7,7.2,Không,Không ôn thi,4.5,Đỗ
Nam,Nông thôn,Đại học,Trung bình,Trung bình,73.0,5.5,Có,Không ôn thi,5.6,Trượt
Nam,Thành thị,Đại học,Khá giả,Giỏi,66.0,5.9,Không,Không ôn thi,2.6,Đỗ
Nữ,Thành thị,Tốt nghiệp THPT,Trung bình,Khá,82.3,10.1,Không,Không ôn thi,6.5,Trượt
Nam,Thành thị,Tốt nghiệp THPT,Trung bình,Trung bình,88.0,10.8,Có,Đã ôn thi,1.3,Đỗ
Nam,Nông thôn,Chưa tốt nghiệp THPT,Trung bình,Yếu,88.4,3.7,Không,Đã ôn thi,3.0,Trượt
Nam,Nông thôn,Tốt nghiệp THPT,Khá giả,Khá,75.2,1.0,Có,Đã ôn thi,2.3,Trượt
Nam,Nông thôn,Đại học,Khó khăn,Khá,76.5,8.9,Không,Không ôn thi,4.7,Đỗ
Nữ,Nông thôn,Đại học,Khá giả,Trung bình,77.9,10.0,Không,Đã ôn thi,3.3,Trượt
Nữ,Thành thị,Tốt nghiệp THPT,Khá giả,Khá,86.7,7.1,Không,Không ôn thi,0.4,Đỗ
Nữ,Thành thị,Cao đẳng,Trung bình,Trung bình,88.1,3.7,Không,Đã ôn thi,0.7,Đỗ
Nữ,Nông thôn,Tốt nghiệp THPT,Trung bình,Trung bình,63.8,11.2,Không,Đã ôn thi,0.0,Đỗ
Nữ,Thành thị,Chưa tốt nghiệp THPT,Trung bình,Trung bình,100.0,7.5,Không,Không ôn thi,1.8,Đỗ
Nữ,Thành thị,Cao đẳng,Khá giả,Trung bình,73.7,8.3,Không,Đã ôn thi,0.2,Trượt
Nam,Thành thị,Tốt nghiệp THPT,Khá giả,Giỏi,100.0,2.4,Có,Đã ôn thi,3.4,Đỗ
Nữ,Thành thị,Đại học,Trung bình,Khá,83.2,15.2,Có,Không ôn thi,6.3,Đỗ
Nữ,Nông thôn,Chưa tốt nghiệp THPT,Trung bình,Trung bình,100.0,0.3,Có,Đã ôn thi,3.0,Trượt
Nam,Thành thị,Đại học,Khá giả,Khá,92.2,12.7,Có,Đã ôn thi,1.1,Đỗ
Nam,Thành thị,Cao đẳng,Trung bình,Yếu,87.4,6.2,Có,Đã ôn thi,3.4,Đỗ
Nữ,Nông thôn,Đại học,Khá giả,Khá,77.6,13.3,Có,Không ôn thi,2.9,Đỗ
Nữ,Thành thị,Thạc sĩ,Trung bình,Giỏi,82.2,20.4,Có,Đã ôn thi,3.0,Đỗ
Nữ,Nông thôn,Đại học,Trung bình,Trung bình,69.8,9.9,Có,Đã ôn thi,4.1,Trượt
Nam,Thành thị,Tốt nghiệp THPT,Trung bình,Khá,81.2,12.2,Không,Không ôn thi,0.0,Đỗ
Nữ,Nông thôn,Tốt nghiệp THPT,Khá giả,Giỏi,77.6,8.8,Không,Không ôn thi,5.2,Đỗ
Nam,Thành thị,Chưa tốt nghiệp THPT,Trung bình,Giỏi,98.2,0.0,Có,Đã ôn thi,2.9,Đỗ
Nam,Nông thôn,Chưa tốt nghiệp THPT,Trung bình,Trung bình,85.5,17.4,Không,Đã ôn thi,4.4,Đỗ
Nam,Nông thôn,Thạc sĩ,Khá giả,Khá,85.7,13.0,Có,Đã ôn thi,2.3,Đỗ
Nữ,Thành thị,Cao đẳng,Trung bình,Trung bình,100.0,15.1,Không,Đã ôn thi,3.0,Đỗ
Nam,Thành thị,Tốt nghiệp THPT,Khó khăn,Khá,73.9,2.3,Có,Đã ôn thi,2.6,Trượt
Nam,Thành thị,Tốt nghiệp THPT,Khó khăn,Giỏi,81.7,1.9,Có,Đã ôn thi,0.9,Đỗ
Nam,Nông thôn,Tốt nghiệp THPT,Trung bình,Trung bình,78.8,13.6,Có,Đã ôn thi,3.2,Đỗ
Nam,Thành thị,Đại học,Trung bình,Giỏi,83.3,12.3,Không,Không ôn thi,4.5,Đỗ
Nam,Thành thị,Cao đẳng,Khó khăn,Giỏi,77.0,15.3,Không,Không ôn thi,3.9,Đỗ
Nam,Nông thôn,Đại học,Khó khăn,Trung bình,95.1,11.9,Có,Đã ôn thi,4.5,Đỗ
Nữ,Thành thị,Chưa tốt nghiệp THPT,Khó khăn,Khá,70.2,5.1,Không,Đã ôn thi,7.6,Trượt
Nam,Nông thôn,Thạc sĩ,Khó khăn,Khá,97.3,15.2,Không,Đã ôn thi,3.2,Đỗ
Nữ,Thành thị,Đại học,Trung bình,Khá,91.2,17.2,Có,Đã ôn thi,1.2,Đỗ
Nam,Nông thôn,Chưa tốt nghiệp THPT,Trung bình,Khá,89.6,4.5,Có,Đã ôn thi,2.4,Đỗ
Nam,Nông thôn,Đại học,Khó khăn,Trung bình,84.2,5.4,Không,Đã ôn thi,7.7,Trượt
Nam,Nông thôn,Tốt nghiệp THPT,Khó khăn,Trung bình,56.4,16.1,Có,Đã ôn thi,5.3,Trượt
Nữ,Thành thị,Tốt nghiệp THPT,Trung bình,Giỏi,85.3,11.4,Không,Đã ôn thi,1.7,Đỗ
Nam,Thành thị,Đại học,Trung bình,Khá,100.0,12.0,Có,Không ôn thi,2.3,Đỗ
Nữ,Thành thị,Tốt nghiệp THPT,Trung bình,Khá,94.2,4.6,Có,Không ôn thi,3.3,Đỗ
Nam,Nông thôn,Tốt nghiệp THPT,Trung bình,Giỏi,78.4,6.6,Có,Không ôn thi,1.8,Đỗ
Nam,Thành thị,Tốt nghiệp THPT,Trung bình,Trung bình,79.2,16.8,Không,Không ôn thi,3.5,Đỗ
Nam,Thành thị,Đại học,Khá giả,Khá,88.5,5.7,Không,Không ôn thi,2.7,Đỗ
Nữ,Thành thị,Tốt nghiệp THPT,Khó khăn,Khá,89.1,6.9,Không,Đã ôn thi,6.3,Trượt
Nam,Nông thôn,Tốt nghiệp THPT,Trung bình,Trung bình,75.0,10.2,Không,Không ôn thi,2.3,Trượt
Nữ,Nông thôn,Cao đẳng,Trung bình,Khá,100.0,17.1,Có,Đã ôn thi,4.0,Đỗ
Nam,Thành thị,Đại học,Khó khăn,Trung bình,75.2,11.9,Không,Không ôn thi,3.4,Trượt
Nữ,Thành thị,Đại học,Trung bình,Trung bình,100.0,4.2,Có,Đã ôn thi,4.2,Đỗ
Nam,Nông thôn,Thạc sĩ,Trung bình,Yếu,75.2,4.4,Không,Đã ôn thi,5.1,Trượt
Nữ,Nông thôn,Đại học,Trung bình,Trung bình,85.2,9.3,Không,Không ôn thi,4.4,Trượt
Nam,Thành thị,Cao đẳng,Trung bình,Khá,80.7,19.4,Không,Không ôn thi,3.6,Đỗ
Nam,Thành thị,Tốt nghiệp THPT,Khó khăn,Yếu,83.0,15.7,Không,Không ôn thi,5.3,Trượt
Nam,Nông thôn,Tốt nghiệp THPT,Trung bình,Trung bình,83.3,3.8,Có,Đã ôn thi,3.3,Trượt
Nam,Thành thị,Đại học,Trung bình,Yếu,96.0,9.5,Không,Đã ôn thi,5.0,Trượt
Nữ,Thành thị,Tốt nghiệp THPT,Trung bình,Trung bình,76.8,6.1,Không,Đã ôn thi,4.4,Trượt
Nữ,Nông thôn,Tốt nghiệp THPT,Trung bình,Trung bình,85.5,11.3,Không,Không ôn thi,0.3,Đỗ
Nam,Nông thôn,Tốt nghiệp THPT,Trung bình,Giỏi,54.9,5.8,Không,Đã ôn thi,4.4,Đỗ
Nữ,Thành thị,Tốt nghiệp THPT,Trung bình,Trung bình,99.3,7.5,Có,Không ôn thi,2.3,Trượt
Nữ,Thành thị,Đại học,Trung bình,Trung bình,92.4,10.6,Có,Đã ôn thi,3.6,Đỗ
Nam,Thành thị,Đại học,Trung bình,Khá,89.8,6.9,Có,Đã ôn thi,4.9,Trượt
Nữ,Thành thị,Chưa tốt nghiệp THPT,Trung bình,Yếu,99.7,5.1,Không,Đã ôn thi,4.2,Trượt
Nữ,Thành thị,Chưa tốt nghiệp THPT,Trung bình,Khá,89.6,8.7,Không,Đã ôn thi,2.1,Đỗ
Nam,Thành thị,Đại học,Trung bình,Trung bình,100.0,1.9,Không,Đã ôn thi,0.8,Đỗ
Nữ,Nông thôn,Cao đẳng,Khó khăn,Giỏi,85.3,0.0,Có,Không ôn thi,2.7,Trượt
Nữ,Nông thôn,Tốt nghiệp THPT,Trung bình,Khá,77.7,11.0,Có,Đã ôn thi,2.2,Đỗ
Nữ,Nông thôn,Cao đẳng,Khá giả,Yếu,86.5,2.3,Có,Đã ôn thi,5.1,Trượt
Nữ,Nông thôn,Thạc sĩ,Trung bình,Trung bình,80.5,8.3,Có,Không ôn thi,4.9,Trượt
Nữ,Nông thôn,Cao đẳng,Trung bình,Giỏi,63.6,4.8,Có,Không ôn thi,3.1,Đỗ
Nữ,Nông thôn,Tốt nghiệp THPT,Trung bình,Trung bình,82.1,8.6,Không,Đã ôn thi,3.5,Đỗ
Nữ,Nông thôn,Tốt nghiệp THPT,Khó khăn,Khá,86.6,9.8,Không,Đã ôn thi,3.6,Trượt
Nữ,Nông thôn,Đại học,Khó khăn,Trung bình,79.7,2.3,Không,Không ôn thi,6.5,Trượt
Nữ,Thành thị,Đại học,Trung bình,Trung bình,94.8,18.9,Có,Đã ôn thi,2.6,Đỗ
Nam,Thành thị,Cao đẳng,Khá giả,Trung bình,100.0,2.2,Không,Đã ôn thi,2.1,Đỗ
Nữ,Thành thị,Đại học,Khá giả,Khá,66.6,12.3,Không,Đã ôn thi,0.8,Đỗ
Nam,Nông thôn,Cao đẳng,Trung bình,Khá,73.2,12.7,Không,Không ôn thi,4.1,Trượt
Nam,Thành thị,Đại học,Khó khăn,Trung bình,95.7,7.0,Có,Đã ôn thi,2.8,Trượt
Nam,Thành thị,Cao đẳng,Trung bình,Trung bình,94.7,13.6,Có,Đã ôn thi,5.2,Đỗ
Nữ,Thành thị,Tốt nghiệp THPT,Trung bình,Giỏi,60.7,6.5,Không,Không ôn thi,1.5,Đỗ
Nam,Nông thôn,Đại học,Trung bình,Trung bình,95.3,2.5,Có,Không ôn thi,1.1,Đỗ
Nam,Thành thị,Đại học,Trung bình,Yếu,88.1,11.3,Có,Không ôn thi,5.9,Trượt
Nam,Thành thị,Tốt nghiệp THPT,Khá giả,Trung bình,64.2,7.9,Không,Đã ôn thi,3.8,Đỗ
Nam,Thành thị,Cao đẳng,Trung bình,Trung bình,90.6,8.5,Không,Đã ôn thi,6.8,Đỗ
Nữ,Thành thị,Đại học,Trung bình,Khá,77.9,12.1,Không,Không ôn thi,6.0,Trượt
Nữ,Nông thôn,Đại học,Khá giả,Giỏi,64.0,6.8,Không,Đã ôn thi,0.0,Đỗ
Nữ,Thành thị,Tốt nghiệp THPT,Trung bình,Khá,77.8,6.9,Không,Đã ôn thi,1.5,Đỗ
Nữ,Nông thôn,Tốt nghiệp THPT,Trung bình,Khá,97.9,14.1,Không,Đã ôn thi,2.3,Đỗ
Nam,Thành thị,Chưa tốt nghiệp THPT,Khá giả,Trung bình,86.9,10.3,Có,Đã ôn thi,6.4,Trượt
Nữ,Thành thị,Cao đẳng,Khó khăn,Trung bình,85.7,4.3,Không,Không ôn thi,2.4,Trượt
Nữ,Thành thị,Đại học,Trung bình,Khá,100.0,8.9,Có,Đã ôn thi,5.2,Đỗ
Nam,Nông thôn,Đại học,Trung bình,Giỏi,82.3,9.1,Có,Không ôn thi,3.4,Đỗ
Nữ,Nông thôn,Tốt nghiệp THPT,Trung bình,Giỏi,88.2,10.5,Không,Không ôn thi,3.8,Đỗ
Nữ,Nông thôn,Cao đẳng,Khá giả,Trung bình,65.5,4.8,Không,Không ôn thi,0.0,Trượt
Nam,Thành thị,Tốt nghiệp THPT,Trung bình,Khá,70.5,6.2,Có,Đã ôn thi,0.0,Đỗ
Nữ,Thành thị,Thạc sĩ,Khá giả,Khá,100.0,1.7,Không,Không ôn thi,4.2,Đỗ
Nữ,Thành thị,Thạc sĩ,Trung bình,Trung bình,88.7,5.1,Không,Không ôn thi,0.5,Trượt
Nữ,Nông thôn,Tốt nghiệp THPT,Khó khăn,Khá,99.3,0.0,Không,Đã ôn thi,2.1,Đỗ
Nam,Nông thôn,Cao đẳng,Khá giả,Giỏi,86.2,10.2,Không,Đã ôn thi,0.0,Đỗ
Nữ,Thành thị,Đại học,Khó khăn,Giỏi,88.6,5.2,Có,Đã ôn thi,5.0,Đỗ
Nam,Thành thị,Tốt nghiệp THPT,Khá giả,Khá,64.1,11.4,Có,Đã ôn thi,3.9,Đỗ
Nữ,Nông thôn,Tốt nghiệp THPT,Khó khăn,Giỏi,100.0,0.0,Không,Không ôn thi,5.9,Đỗ
Nữ,Nông thôn,Đại học,Trung bình,Giỏi,64.7,0.0,Có,Đã ôn thi,4.6,Đỗ
Nam,Thành thị,Tốt nghiệp THPT,Trung bình,Giỏi,93.2,4.2,Không,Đã ôn thi,4.3,Đỗ
Nam,Thành thị,Chưa tốt nghiệp THPT,Trung bình,Trung bình,82.3,4.8,Không,Đã ôn thi,5.6,Trượt
Nữ,Thành thị,Tốt nghiệp THPT,Khá giả,Khá,95.3,3.7,Có,Không ôn thi,4.4,Đỗ
Nam,Nông thôn,Tốt nghiệp THPT,Trung bình,Trung bình,75.2,6.0,Không,Đã ôn thi,3.7,Đỗ
Nữ,Thành thị,Tốt nghiệp THPT,Trung bình,Trung bình,75.9,1.3,Không,Không ôn thi,4.6,Trượt
Nữ,Thành thị,Tốt nghiệp THPT,Khá giả,Trung bình,77.7,8.6,Có,Đã ôn thi,3.5,Đỗ
Nam,Nông thôn,Đại học,Trung bình,Trung bình,93.2,0.0,Có,Không ôn thi,2.5,Trượt
Nam,Thành thị,Đại học,Khá giả,Yếu,81.8,6.4,Không,Không ôn thi,3.6,Trượt
Nữ,Thành thị,Tốt nghiệp THPT,Khó khăn,Khá,100.0,12.2,Có,Đã ôn thi,3.9,Đỗ
Nam,Thành thị,Đại học,Khá giả,Khá,87.5,5.3,Không,Đã ôn thi,2.9,Đỗ
Nam,Nông thôn,Đại học,Khá giả,Trung bình,59.2,15.4,Có,Đã ôn thi,4.6,Đỗ
Nữ,Thành thị,Tốt nghiệp THPT,Khá giả,Trung bình,73.9,8.7,Không,Không ôn thi,6.1,Trượt
Nữ,Nông thôn,Đại học,Trung bình,Trung bình,67.3,7.8,Không,Không ôn thi,5.5,Trượt
Nam,Thành thị,Đại học,Trung bình,Trung bình,75.0,6.5,Không,Đã ôn thi,0.0,Trượt
Nữ,Nông thôn,Chưa tốt nghiệp THPT,Khá giả,Yếu,80.3,17.3,Không,Không ôn thi,7.0,Trượt
Nam,Nông thôn,Đại học,Khá giả,Khá,81.6,21.1,Không,Không ôn thi,1.0,Đỗ
Nam,Thành thị,Chưa tốt nghiệp THPT,Khó khăn,Giỏi,62.9,9.2,Không,Đã ôn thi,4.1,Đỗ
Nữ,Nông thôn,Tốt nghiệp THPT,Trung bình,Khá,95.6,11.2,Có,Đã ôn thi,3.1,Đỗ
Nữ,Thành thị,Cao đẳng,Trung bình,Yếu,92.3,6.5,Không,Không ôn thi,1.1,Trượt
Nữ,Thành thị,Cao đẳng,Khá giả,Giỏi,67.9,0.7,Có,Đã ôn thi,4.8,Đỗ
Nam,Thành thị,Đại học,Trung bình,Trung bình,77.2,2.6,Không,Không ôn thi,2.0,Trượt
Nữ,Nông thôn,Thạc sĩ,Khá giả,Khá,80.6,0.0,Không,Đã ôn thi,4.5,Trượt
Nam,Thành thị,Tốt nghiệp THPT,Trung bình,Khá,69.7,0.0,Không,Đã ôn thi,4.6,Trượt
Nam,Thành thị,Đại học,Trung bình,Giỏi,61.4,6.5,Không,Không ôn thi,4.8,Đỗ
Nam,Nông thôn,Thạc sĩ,Khó khăn,Khá,87.6,10.1,Có,Không ôn thi,0.1,Đỗ
Nữ,Thành thị,Đại học,Trung bình,Khá,83.9,5.4,Không,Đã ôn thi,3.5,Đỗ
Nam,Thành thị,Tốt nghiệp THPT,Khó khăn,Trung bình,71.0,5.7,Không,Đã ôn thi,5.2,Trượt
Nam,Nông thôn,Tốt nghiệp THPT,Khá giả,Trung bình,93.6,9.4,Có,Không ôn thi,4.9,Đỗ
Nữ,Thành thị,Đại học,Khó khăn,Khá,100.0,8.5,Có,Đã ôn thi,3.9,Đỗ
Nữ,Thành thị,Cao đẳng,Trung bình,Khá,91.9,3.6,Không,Đã ôn thi,7.9,Đỗ
Nữ,Thành thị,Chưa tốt nghiệp THPT,Khó khăn,Khá,72.1,6.0,Không,Đã ôn thi,4.1,Trượt
Nam,Nông thôn,Đại học,Trung bình,Trung bình,100.0,2.8,Có,Không ôn thi,3.7,Trượt
Nam,Thành thị,Đại học,Trung bình,Giỏi,82.0,13.3,Không,Đã ôn thi,4.7,Đỗ
Nữ,Thành thị,Tốt nghiệp THPT,Khá giả,Trung bình,83.1,17.0,Không,Không ôn thi,1.7,Đỗ
Nữ,Nông thôn,Đại học,Khó khăn,Trung bình,79.8,14.5,Có,Đã ôn thi,4.7,Đỗ
Nam,Nông thôn,Đại học,Trung bình,Khá,75.9,5.0,Không,Đã ôn thi,5.5,Trượt
Nam,Thành thị,Tốt nghiệp THPT,Khá giả,Yếu,81.4,11.2,Không,Không ôn thi,2.7,Trượt
Nữ,Nông thôn,Cao đẳng,Trung bình,Khá,70.4,3.4,Không,Không ôn thi,1.1,Trượt
Nam,Nông thôn,Đại học,Trung bình,Trung bình,85.9,16.2,Không,Đã ôn thi,1.2,Đỗ
Nữ,Nông thôn,Chưa tốt nghiệp THPT,Trung bình,Giỏi,82.0,7.0,Có,Đã ôn thi,5.7,Đỗ
Nữ,Thành thị,Cao đẳng,Trung bình,Trung bình,100.0,7.2,Có,Không ôn thi,0.0,Đỗ
Nam,Thành thị,Tốt nghiệp THPT,Trung bình,Giỏi,100.0,3.0,Có,Đã ôn thi,3.5,Đỗ
Nữ,Thành thị,Đại học,Trung bình,Khá,96.7,13.7,Không,Đã ôn thi,4.8,Đỗ
Nữ,Nông thôn,Thạc sĩ,Khá giả,Yếu,69.1,17.8,Không,Đã ôn thi,4.3,Trượt
Nam,Thành thị,Tốt nghiệp THPT,Trung bình,Khá,100.0,8.7,Không,Đã ôn thi,1.1,Đỗ
Nam,Nông thôn,Chưa tốt nghiệp THPT,Trung bình,Giỏi,95.3,3.2,Không,Đã ôn thi,5.8,Đỗ
Nữ,Nông thôn,Cao đẳng,Khá giả,Giỏi,90.4,21.0,Có,Không ôn thi,2.3,Đỗ
Nữ,Thành thị,Cao đẳng,Trung bình,Trung bình,96.6,9.1,Không,Đã ôn thi,2.2,Đỗ
Nữ,Thành thị,Đại học,Trung bình,Giỏi,100.0,13.8,Có,Đã ôn thi,2.9,Đỗ
Nữ,Thành thị,Đại học,Trung bình,Khá,78.1,5.9,Có,Không ôn thi,5.5,Đỗ
Nam,Thành thị,Tốt nghiệp THPT,Trung bình,Trung bình,82.2,23.7,Có,Không ôn thi,4.4,Đỗ
Nữ,Thành thị,Chưa tốt nghiệp THPT,Trung bình,Khá,67.8,6.6,Có,Không ôn thi,2.7,Trượt
Nữ,Nông thôn,Tốt nghiệp THPT,Khó khăn,Trung bình,90.3,9.7,Không,Không ôn thi,3.5,Trượt
Nam,Nông thôn,Đại học,Trung bình,Trung bình,68.9,20.6,Không,Đã ôn thi,3.4,Đỗ
Nam,Thành thị,Cao đẳng,Khó khăn,Trung bình,74.7,5.8,Không,Đã ôn thi,3.8,Trượt
Nam,Nông thôn,Tốt nghiệp THPT,Khó khăn,Trung bình,82.8,3.2,Không,Không ôn thi,0.9,Trượt
Nam,Nông thôn,Tốt nghiệp THPT,Khá giả,Khá,98.1,11.5,Không,Đã ôn thi,5.8,Đỗ
Nam,Nông thôn,Thạc sĩ,Khó khăn,Trung bình,85.9,11.0,Không,Đã ôn thi,3.7,Đỗ
Nam,Thành thị,Cao đẳng,Trung bình,Trung bình,79.1,6.4,Có,Đã ôn thi,0.0,Đỗ
Nam,Thành thị,Cao đẳng,Khó khăn,Yếu,85.9,16.3,Có,Đã ôn thi,4.5,Đỗ
Nữ,Thành thị,Tốt nghiệp THPT,Khá giả,Giỏi,84.6,18.8,Có,Đã ôn thi,4.7,Đỗ
Nữ,Thành thị,Cao đẳng,Trung bình,Khá,96.7,10.4,Có,Không ôn thi,4.4,Đỗ
Nam,Thành thị,Đại học,Trung bình,Khá,83.0,17.8,Không,Đã ôn thi,1.4,Đỗ
Nữ,Thành thị,Đại học,Trung bình,Yếu,80.4,8.4,Không,Đã ôn thi,0.7,Đỗ
Nam,Thành thị,Chưa tốt nghiệp THPT,Khó khăn,Giỏi,62.1,0.3,Không,Đã ôn thi,3.9,Trượt
Nam,Nông thôn,Đại học,Khá giả,Yếu,100.0,6.9,Không,Không ôn thi,1.7,Trượt
Nữ,Nông thôn,Chưa tốt nghiệp THPT,Trung bình,Giỏi,86.3,15.0,Có,Đã ôn thi,2.9,Đỗ
Nam,Thành thị,Đại học,Trung bình,Trung bình,89.4,7.3,Có,Đã ôn thi,6.6,Trượt
Nam,Thành thị,Tốt nghiệp THPT,Khó khăn,Trung bình,77.3,17.7,Không,Đã ôn thi,4.0,Trượt
Nữ,Nông thôn,Thạc sĩ,Khó khăn,Trung bình,93.3,4.4,Có,Đã ôn thi,3.2,Đỗ
Nữ,Nông thôn,Đại học,Trung bình,Trung bình,72.0,14.0,Không,Không ôn thi,4.8,Trượt
Nữ,Nông thôn,Chưa tốt nghiệp THPT,Trung bình,Khá,73.9,4.5,Không,Đã ôn thi,3.8,Trượt
Nam,Nông thôn,Thạc sĩ,Trung bình,Khá,86.2,2.8,Có,Không ôn thi,0.7,Đỗ
Nữ,Thành thị,Cao đẳng,Trung bình,Giỏi,64.6,18.4,Có,Đã ôn thi,2.7,Đỗ
Nữ,Nông thôn,Cao đẳng,Trung bình,Khá,70.3,7.4,Không,Không ôn thi,1.9,Đỗ
Nữ,Thành thị,Tốt nghiệp THPT,Khá giả,Trung bình,65.9,3.0,Có,Không ôn thi,0.9,Trượt
Nam,Nông thôn,Tốt nghiệp THPT,Khá giả,Giỏi,85.4,12.2,Không,Không ôn thi,6.0,Đỗ
Nam,Thành thị,Tốt nghiệp THPT,Khó khăn,Yếu,88.6,16.4,Có,Đã ôn thi,4.1,Đỗ
Nam,Nông thôn,Tốt nghiệp THPT,Khó khăn,Giỏi,66.8,11.0,Không,Không ôn thi,2.8,Đỗ
Nữ,Thành thị,Tốt nghiệp THPT,Trung bình,Khá,86.1,12.0,Có,Đã ôn thi,6.1,Đỗ
Nữ,Nông thôn,Tốt nghiệp THPT,Trung bình,Khá,80.6,13.0,Không,Đã ôn thi,1.6,Đỗ
Nữ,Thành thị,Thạc sĩ,Trung bình,Trung bình,80.9,11.0,Có,Đã ôn thi,5.8,Trượt
Nữ,Thành thị,Đại học,Trung bình,Giỏi,91.3,14.6,Không,Không ôn thi,6.4,Đỗ
Nam,Thành thị,Thạc sĩ,Trung bình,Trung bình,80.2,16.9,Có,Đã ôn thi,4.5,Đỗ
Nam,Thành thị,Đại học,Trung bình,Khá,67.8,8.4,Không,Đã ôn thi,7.4,Đỗ
Nữ,Nông thôn,Cao đẳng,Khá giả,Giỏi,100.0,4.1,Có,Đã ôn thi,4.1,Đỗ
Nữ,Nông thôn,Cao đẳng,Trung bình,Yếu,90.7,8.8,Không,Đã ôn thi,2.2,Trượt
Nữ,Nông thôn,Cao đẳng,Khá giả,Giỏi,85.4,17.0,Có,Đã ôn thi,2.6,Đỗ
Nữ,Thành thị,Chưa tốt nghiệp THPT,Trung bình,Giỏi,90.1,0.0,Có,Đã ôn thi,5.1,Đỗ
Nam,Nông thôn,Đại học,Trung bình,Trung bình,100.0,8.8,Không,Không ôn thi,5.2,Trượt
Nữ,Thành thị,Đại học,Khá giả,Khá,94.0,9.3,Không,Đã ôn thi,5.8,Đỗ
Nam,Thành thị,Tốt nghiệp THPT,Khá giả,Khá,93.2,9.0,Có,Đã ôn thi,4.2,Đỗ
Nam,Thành thị,Đại học,Trung bình,Khá,81.7,8.7,Có,Không ôn thi,4.0,Đỗ
Nam,Thành thị,Tốt nghiệp THPT,Khó khăn,Khá,100.0,10.4,Không,Đã ôn thi,4.6,Đỗ
Nữ,Nông thôn,Thạc sĩ,Khá giả,Trung bình,83.7,10.6,Không,Đã ôn thi,4.5,Đỗ
Nam,Thành thị,Chưa tốt nghiệp THPT,Trung bình,Trung bình,80.4,8.7,Có,Đã ôn thi,4.6,Trượt
Nữ,Thành thị,Thạc sĩ,Trung bình,Khá,97.3,8.9,Không,Không ôn thi,2.2,Đỗ
Nữ,Nông thôn,Tốt nghiệp THPT,Khó khăn,Khá,84.4,12.3,Có,Đã ôn thi,2.8,Đỗ
Nam,Nông thôn,Đại học,Khá giả,Khá,65.4,15.3,Không,Không ôn thi,3.6,Đỗ
Nữ,Nông thôn,Đại học,Khá giả,Giỏi,97.0,19.8,Không,Đã ôn thi,1.7,Đỗ
Nữ,Nông thôn,Đại học,Khó khăn,Yếu,66.8,7.3,Không,Không ôn thi,3.5,Trượt
Nữ,Nông thôn,Chưa tốt nghiệp THPT,Trung bình,Khá,80.3,8.9,Không,Không ôn thi,2.4,Đỗ
Nam,Nông thôn,Chưa tốt nghiệp THPT,Trung bình,Giỏi,76.3,7.4,Không,Đã ôn thi,3.2,Đỗ
Nữ,Thành thị,Đại học,Khá giả,Khá,93.8,11.7,Không,Đã ôn thi,7.0,Đỗ
Nữ,Nông thôn,Cao đẳng,Khó khăn,Trung bình,72.7,4.2,Không,Đã ôn thi,2.9,Trượt
Nữ,Nông thôn,Tốt nghiệp THPT,Trung bình,Giỏi,67.2,8.1,Không,Đã ôn thi,5.1,Đỗ
Nam,Thành thị,Chưa tốt nghiệp THPT,Khá giả,Trung bình,87.5,4.1,Không,Đã ôn thi,2.6,Trượt
Nữ,Thành thị,Chưa tốt nghiệp THPT,Khá giả,Khá,85.7,18.7,Có,Không ôn thi,3.2,Đỗ
Nam,Thành thị,Tốt nghiệp THPT,Trung bình,Trung bình,89.2,4.8,Có,Đã ôn thi,1.5,Trượt
Nữ,Thành thị,Đại học,Trung bình,Trung bình,62.1,8.8,Có,Đã ôn thi,1.8,Trượt
Nữ,Thành thị,Đại học,Khó khăn,Yếu,100.0,9.7,Có,Đã ôn thi,2.7,Đỗ
Nữ,Nông thôn,Tốt nghiệp THPT,Trung bình,Khá,100.0,7.9,Không,Đã ôn thi,3.2,Đỗ
Nữ,Nông thôn,Chưa tốt nghiệp THPT,Khó khăn,Giỏi,70.9,8.8,Không,Đã ôn thi,3.6,Đỗ
Nữ,Nông thôn,Đại học,Trung bình,Yếu,76.6,6.9,Có,Không ôn thi,4.3,Trượt
Nữ,Nông thôn,Đại học,Trung bình,Khá,81.1,1.8,Có,Đã ôn thi,2.2,Đỗ
Nữ,Thành thị,Cao đẳng,Khá giả,Yếu,68.2,2.5,Có,Đã ôn thi,6.9,Trượt
Nữ,Nông thôn,Tốt nghiệp THPT,Trung bình,Khá,98.5,19.4,Có,Đã ôn thi,3.7,Đỗ
Nam,Thành thị,Thạc sĩ,Trung bình,Giỏi,74.3,10.5,Có,Không ôn thi,2.4,Đỗ
Nam,Nông thôn,Tốt nghiệp THPT,Trung bình,Khá,73.0,0.0,Có,Đã ôn thi,4.1,Trượt
Nam,Nông thôn,Tốt nghiệp THPT,Trung bình,Yếu,90.1,6.2,Không,Đã ôn thi,2.2,Trượt
Nữ,Nông thôn,Tốt nghiệp THPT,Khó khăn,Yếu,100.0,0.6,Không,Không ôn thi,0.9,Trượt
Nam,Nông thôn,Đại học,Khá giả,Trung bình,99.2,10.0,Có,Đã ôn thi,2.0,Đỗ
Nam,Thành thị,Đại học,Trung bình,Giỏi,79.9,11.8,Không,Không ôn thi,3.1,Đỗ
Nam,Nông thôn,Cao đẳng,Trung bình,Khá,60.4,13.4,Có,Đã ôn thi,2.8,Đỗ
Nữ,Thành thị,Tốt nghiệp THPT,Trung bình,Trung bình,90.2,5.8,Có,Không ôn thi,1.1,Đỗ
Nam,Nông thôn,Cao đẳng,Trung bình,Trung bình,83.1,9.0,Không,Không ôn thi,5.6,Trượt
Nữ,Thành thị,Chưa tốt nghiệp THPT,Trung bình,Trung bình,61.0,21.6,Không,Đã ôn thi,2.6,Trượt
Nam,Thành thị,Cao đẳng,Trung bình,Giỏi,90.4,8.5,Có,Đã ôn thi,2.3,Đỗ
Nữ,Nông thôn,Đại học,Khá giả,Yếu,74.4,8.6,Có,Không ôn thi,3.4,Trượt
Nam,Thành thị,Đại học,Trung bình,Giỏi,66.2,4.8,Có,Đã ôn thi,5.1,Đỗ
Nữ,Nông thôn,Tốt nghiệp THPT,Trung bình,Khá,100.0,22.2,Không,Đã ôn thi,7.5,Đỗ
Nam,Thành thị,Đại học,Khó khăn,Giỏi,82.3,15.4,Không,Đã ôn thi,4.8,Đỗ
Nam,Nông thôn,Chưa tốt nghiệp THPT,Khá giả,Yếu,71.8,5.8,Có,Đã ôn thi,0.0,Đỗ
Nữ,Thành thị,Đại học,Trung bình,Khá,90.7,3.1,Không,Đã ôn thi,3.4,Trượt
Nam,Thành thị,Đại học,Khó khăn,Trung bình,77.6,9.3,Có,Không ôn thi,0.5,Đỗ
Nữ,Nông thôn,Tốt nghiệp THPT,Trung bình,Giỏi,92.5,4.7,Không,Đã ôn thi,2.5,Đỗ
Nữ,Thành thị,Đại học,Khó khăn,Khá,98.5,10.0,Không,Không ôn thi,0.0,Đỗ
Nam,Nông thôn,Thạc sĩ,Trung bình,Giỏi,66.9,7.0,Có,Không ôn thi,0.0,Đỗ
Nam,Thành thị,Chưa tốt nghiệp THPT,Khó khăn,Khá,70.3,9.1,Có,Đã ôn thi,3.4,Trượt
Nam,Nông thôn,Tốt nghiệp THPT,Trung bình,Khá,90.3,10.7,Có,Không ôn thi,5.9,Đỗ
Nam,Thành thị,Tốt nghiệp THPT,Trung bình,Trung bình,80.1,6.7,Không,Đã ôn thi,5.3,Trượt
Nam,Thành thị,Đại học,Khá giả,Khá,84.3,14.0,Không,Không ôn thi,4.5,Đỗ
Nam,Thành thị,Tốt nghiệp THPT,Khó khăn,Khá,75.8,2.0,Không,Đã ôn thi,2.8,Trượt
Nữ,Nông thôn,Cao đẳng,Khá giả,Trung bình,100.0,10.7,Không,Đã ôn thi,4.0,Đỗ
Nam,Nông thôn,Tốt nghiệp THPT,Khá giả,Trung bình,85.4,4.0,Có,Đã ôn thi,2.5,Đỗ
Nữ,Nông thôn,Đại học,Khó khăn,Yếu,73.9,24.0,Không,Không ôn thi,2.7,Đỗ
Nam,Nông thôn,Tốt nghiệp THPT,Khó khăn,Giỏi,100.0,14.2,Không,Đã ôn thi,4.1,Đỗ
Nữ,Nông thôn,Đại học,Trung bình,Khá,75.9,8.4,Có,Đã ôn thi,2.9,Đỗ
Nam,Nông thôn,Tốt nghiệp THPT,Trung bình,Khá,90.0,12.2,Không,Không ôn thi,4.6,Đỗ
Nam,Thành thị,Đại học,Trung bình,Giỏi,97.2,22.0,Không,Không ôn thi,2.5,Đỗ
Nam,Nông thôn,Đại học,Trung bình,Yếu,82.9,13.7,Không,Không ôn thi,4.0,Trượt
Nữ,Thành thị,Đại học,Khó khăn,Yếu,89.8,7.0,Không,Đã ôn thi,3.8,Trượt
Nữ,Thành thị,Thạc sĩ,Trung bình,Khá,85.4,12.5,Không,Không ôn thi,4.9,Đỗ
Nam,Nông thôn,Tốt nghiệp THPT,Trung bình,Trung bình,90.0,8.0,Có,Không ôn thi,1.5,Đỗ
Nữ,Thành thị,Cao đẳng,Khá giả,Giỏi,85.6,7.8,Có,Đã ôn thi,2.2,Đỗ
Nam,Nông thôn,Đại học,Khó khăn,Yếu,86.0,3.7,Không,Đã ôn thi,4.1,Trượt
Nam,Thành thị,Tốt nghiệp THPT,Khá giả,Khá,95.0,8.3,Có,Đã ôn thi,6.5,Đỗ
Nữ,Thành thị,Đại học,Trung bình,Trung bình,72.6,22.3,Không,Đã ôn thi,2.0,Đỗ
Nữ,Thành thị,Tốt nghiệp THPT,Khá giả,Trung bình,80.7,13.3,Không,Không ôn thi,4.3,Trượt
Nam,Nông thôn,Đại học,Trung bình,Giỏi,96.6,13.9,Không,Không ôn thi,3.5,Đỗ
Nam,Thành thị,Cao đẳng,Trung bình,Giỏi,79.0,13.6,Không,Không ôn thi,3.7,Đỗ
Nam,Thành thị,Tốt nghiệp THPT,Khó khăn,Khá,92.7,2.6,Không,Đã ôn thi,5.7,Đỗ
Nữ,Nông thôn,Tốt nghiệp THPT,Trung bình,Giỏi,90.3,4.5,Có,Đã ôn thi,4.8,Đỗ
Nam,Nông thôn,Chưa tốt nghiệp THPT,Trung bình,Yếu,100.0,4.7,Không,Không ôn thi,3.1,Trượt
Nam,Thành thị,Chưa tốt nghiệp THPT,Trung bình,Trung bình,100.0,14.8,Có,Đã ôn thi,5.8,Đỗ
Nữ,Thành thị,Cao đẳng,Khó khăn,Trung bình,81.6,9.6,Có,Đã ôn thi,2.8,Đỗ
Nam,Thành thị,Đại học,Khó khăn,Trung bình,68.1,12.5,Có,Không ôn thi,3.0,Đỗ
Nữ,Thành thị,Thạc sĩ,Trung bình,Giỏi,98.4,23.3,Có,Không ôn thi,3.7,Đỗ
Nữ,Thành thị,Đại học,Trung bình,Yếu,86.7,15.4,Có,Đã ôn thi,3.9,Trượt
Nữ,Nông thôn,Tốt nghiệp THPT,Trung bình,Khá,76.6,9.5,Có,Đã ôn thi,4.9,Đỗ
Nữ,Nông thôn,Đại học,Trung bình,Khá,89.4,11.1,Không,Không ôn thi,4.6,Đỗ
Nữ,Nông thôn,Cao đẳng,Trung bình,Giỏi,84.7,7.8,Không,Đã ôn thi,2.7,Đỗ
Nam,Nông thôn,Thạc sĩ,Khó khăn,Giỏi,71.4,3.9,Không,Không ôn thi,4.2,Đỗ
Nữ,Nông thôn,Đại học,Trung bình,Khá,66.9,15.8,Có,Không ôn thi,6.9,Trượt
